k,objective,gradient_norm
0,9.422376599516544957e+04,6.190670678025429515e+04
1,8.530544375209124701e+04,5.853695383889403456e+04
2,7.733643741017686261e+04,5.528678534368914552e+04
3,7.024052059997082688e+04,5.193019178257058229e+04
4,6.399341091722736019e+04,4.866529831887122418e+04
5,5.850067361192787212e+04,4.573879539012333407e+04
6,5.365354014042377821e+04,4.285713840884695674e+04
7,4.940315077485236543e+04,4.004035168656357564e+04
8,4.569193548833774548e+04,3.750528705016914319e+04
9,4.242852104894624063e+04,3.524445187477554282e+04
10,3.955029751630477404e+04,3.302566990126933524e+04
11,3.701996033458900638e+04,3.103543502093313873e+04
12,3.478570716263633949e+04,2.915097641923153788e+04
13,3.281400843211240863e+04,2.741780351859922666e+04
14,3.106664615052079898e+04,2.588433208519797699e+04
15,2.950497081248136237e+04,2.456631191279023187e+04
16,2.809751186771717767e+04,2.334587324449453445e+04
17,2.682368178940419966e+04,2.228175662053111955e+04
18,2.566210180878690517e+04,2.130971778329519293e+04
19,2.460044097220306867e+04,2.035083318072123075e+04
20,2.363089094593839764e+04,1.948677892852018704e+04
21,2.274084102282178355e+04,1.871254864992004150e+04
22,2.191844137776187563e+04,1.804006583164906624e+04
23,2.115339684161336845e+04,1.741553029464414794e+04
24,2.044075140102735168e+04,1.679217978213361857e+04
25,1.977858542949627372e+04,1.617480691407406084e+04
26,1.916384640523351118e+04,1.561245866124884742e+04
27,1.859053627093143223e+04,1.508947638398993513e+04
28,1.805502195331073017e+04,1.458720736812250834e+04
29,1.755382803488011268e+04,1.414867587885650391e+04
30,1.708200833282141684e+04,1.372878582594944601e+04
31,1.663809428922496591e+04,1.330384723384325116e+04
32,1.622101707748034096e+04,1.291350177583148252e+04
33,1.582786111544945743e+04,1.254499162496838289e+04
34,1.545673061485803737e+04,1.219264076092498726e+04
35,1.510596585108456384e+04,1.186274329380225572e+04
36,1.477358704489826050e+04,1.156609552728819654e+04
37,1.445741649886274899e+04,1.129180518678623412e+04
38,1.415586531119447500e+04,1.103738620439248552e+04
39,1.386765845466379142e+04,1.079505311177268595e+04
40,1.359196384221447988e+04,1.056129437922125726e+04
41,1.332792046678559018e+04,1.034347047593577372e+04
42,1.307455148103256943e+04,1.013713215561939978e+04
43,1.283113262396273785e+04,9.938968003302969009e+03
44,1.259712152093587065e+04,9.747816190562783959e+03
45,1.237189762651452293e+04,9.571575410895729874e+03
46,1.215466981427421160e+04,9.402753981340183600e+03
47,1.194506522664302793e+04,9.234679481783205119e+03
48,1.174284348057873285e+04,9.076006125345184046e+03
49,1.154751418866100903e+04,8.918949600192974685e+03
50,1.135879890418230571e+04,8.771816407523698217e+03
51,1.117624409061455299e+04,8.627147634201492110e+03
52,1.099973297319954509e+04,8.477535305546467498e+03
53,1.082933879893405538e+04,8.328247950867586042e+03
54,1.066492282986357350e+04,8.175807733029912924e+03
55,1.050651537232868941e+04,8.023228955448771558e+03
56,1.035390715912099586e+04,7.881318846295529511e+03
57,1.020665018043704731e+04,7.741333580824342789e+03
58,1.006452232934800122e+04,7.610694811231612221e+03
59,9.927084350643246580e+03,7.489611171871524675e+03
60,9.793925521432302048e+03,7.374590429923970078e+03
61,9.664844266538351803e+03,7.259975136274258148e+03
62,9.539683165734220893e+03,7.154933637633728722e+03
63,9.418127211764414824e+03,7.049987656025497927e+03
64,9.300098381034149497e+03,6.948358783950892757e+03
65,9.185406906178730424e+03,6.852265291369151782e+03
66,9.073872472453414957e+03,6.756536785623448850e+03
67,8.965408795641977122e+03,6.665656478730876188e+03
68,8.859821236035139009e+03,6.579717932916008067e+03
69,8.756914393447763359e+03,6.496624929709582830e+03
70,8.656572272164279639e+03,6.417791286335646873e+03
71,8.558622567370659453e+03,6.342252550949222496e+03
72,8.462984266794224823e+03,6.265317145455754144e+03
73,8.369659767352044582e+03,6.188000375123558115e+03
74,8.278637438723493688e+03,6.112013145857387826e+03
75,8.189798050239064651e+03,6.041053762431985888e+03
76,8.102986784326136330e+03,5.974306495132402233e+03
77,8.018080252004830072e+03,5.907985232685949995e+03
78,7.935055523121362967e+03,5.842050321425935181e+03
79,7.853858877057230529e+03,5.778928742442087241e+03
80,7.774392563039455126e+03,5.717419545335995281e+03
81,7.696630964790072539e+03,5.653927576888193471e+03
82,7.620579730363951967e+03,5.592510733193927990e+03
83,7.546158466519255853e+03,5.534671625880783722e+03
84,7.473251701783424323e+03,5.478739513385390637e+03
85,7.401814829347582418e+03,5.423132890056316683e+03
86,7.331806328072531869e+03,5.370262868658020125e+03
87,7.263152216816603868e+03,5.318271956028172099e+03
88,7.195821683214888253e+03,5.266702275634522266e+03
89,7.129803769074089359e+03,5.213598489493599118e+03
90,7.065109189822581357e+03,5.160889694958873406e+03
91,7.001727045134736727e+03,5.107802980130666583e+03
92,6.939624815590035723e+03,5.058228326141632351e+03
93,6.878711818775321262e+03,5.010016554366410674e+03
94,6.818967185147844248e+03,4.960336446516432261e+03
95,6.760394937513059631e+03,4.912419743087854840e+03
96,6.702954379431617781e+03,4.863749851017305446e+03
97,6.646644447697047326e+03,4.816531135365245973e+03
98,6.591407331476236322e+03,4.772121817759279111e+03
99,6.537181295670634427e+03,4.727730151624975406e+03
100,6.483969278916098119e+03,4.682900650245565885e+03
101,6.431761392316254387e+03,4.638516240781180386e+03
102,6.380534392761202071e+03,4.594920921764168270e+03
103,6.330266918144894589e+03,4.551747978831142063e+03
104,6.280939841211107705e+03,4.508671089683442915e+03
105,6.232544779160291910e+03,4.465491764603319098e+03
106,6.185073652378803672e+03,4.423018585700824588e+03
107,6.138499334400169573e+03,4.380434709861990996e+03
108,6.092832656529692031e+03,4.335623031249554515e+03
109,6.048086624531089001e+03,4.294217569628748606e+03
110,6.004183762475277945e+03,4.253868353273825960e+03
111,5.961099568225417897e+03,4.214804976867570076e+03
112,5.918790546746809014e+03,4.178425826382177547e+03
113,5.877199158699544569e+03,4.143845375927106943e+03
114,5.836294955967810893e+03,4.109044341713458380e+03
115,5.796076969883383754e+03,4.074701506704084295e+03
116,5.756520600006925633e+03,4.041990130478486662e+03
117,5.717596154738164842e+03,4.009623122302652519e+03
118,5.679287823534841664e+03,3.979262673613945026e+03
119,5.641542806865613784e+03,3.951351802850164404e+03
120,5.604327506510332569e+03,3.923397617628771968e+03
121,5.567639900556348039e+03,3.894906082829560546e+03
122,5.531478494390286869e+03,3.867734572717992251e+03
123,5.495822568042308376e+03,3.840192850747465855e+03
124,5.460670497602694923e+03,3.812821793502041146e+03
125,5.426022946335976485e+03,3.785043705679955565e+03
126,5.391875066094334215e+03,3.757869986172518111e+03
127,5.358219793018810378e+03,3.729654635225542279e+03
128,5.325074935210102922e+03,3.700727508452728671e+03
129,5.292440645559401673e+03,3.672305949312697521e+03
130,5.260303472753214919e+03,3.644214062995196855e+03
131,5.228658888199594003e+03,3.615608658724018369e+03
132,5.197514515588982249e+03,3.586899969074827368e+03
133,5.166857630219595194e+03,3.558760571009624073e+03
134,5.136686578955196637e+03,3.529434741306112301e+03
135,5.107005480079333211e+03,3.502061690028237990e+03
136,5.077779639589220096e+03,3.474983518202453070e+03
137,5.049013094108855512e+03,3.446165528590216127e+03
138,5.020719797973578352e+03,3.418332740220181222e+03
139,4.992885012353686761e+03,3.389611523798397684e+03
140,4.965519132256032208e+03,3.360434918880254372e+03
141,4.938617830458995741e+03,3.332770622413974252e+03
142,4.912152564699817049e+03,3.306990314902468526e+03
143,4.886087870397253937e+03,3.282956889653586586e+03
144,4.860398947981568199e+03,3.259273604398524640e+03
145,4.835078565535060079e+03,3.236012626554476810e+03
146,4.810115461655173931e+03,3.214118767001596552e+03
147,4.785482325155699982e+03,3.193833629200017185e+03
148,4.761159619645148268e+03,3.173620010699123668e+03
149,4.737137651250866838e+03,3.154958491369969579e+03
150,4.713396807309134601e+03,3.136509673174025465e+03
151,4.689934994129103870e+03,3.117623571026524132e+03
152,4.666756463675821578e+03,3.098456707241608001e+03
153,4.643860288594367375e+03,3.080018406532497011e+03
154,4.621236477597980411e+03,3.060880863080653853e+03
155,4.598901398411349874e+03,3.039997728752990042e+03
156,4.576868422297900906e+03,3.019503389366069769e+03
157,4.555134433491853997e+03,2.998644975133831394e+03
158,4.533695246210333607e+03,2.979458737914032554e+03
159,4.512527610769189778e+03,2.960369220946033693e+03
160,4.491630243481800790e+03,2.941670096833126536e+03
161,4.470996403881379592e+03,2.922887016328444133e+03
162,4.450626995236927542e+03,2.903662150389676299e+03
163,4.430526680416998715e+03,2.884211534100723384e+03
164,4.410691584080182110e+03,2.865953025897473708e+03
165,4.391100390055486969e+03,2.849633942063007908e+03
166,4.371737467613249464e+03,2.831202831290907852e+03
167,4.352625509465142386e+03,2.813088368579206872e+03
168,4.333754813275945708e+03,2.795533333723902160e+03
169,4.315118194376108477e+03,2.778284314982566229e+03
170,4.296712962637643614e+03,2.760399240987400844e+03
171,4.278542477933086957e+03,2.743463034692073961e+03
172,4.260594917608743344e+03,2.726135912799748439e+03
173,4.242873705442206301e+03,2.708869150805699974e+03
174,4.225376172665663034e+03,2.691737452761173699e+03
175,4.208098796008157478e+03,2.674944761911264777e+03
176,4.191036237894040823e+03,2.657988775925932259e+03
177,4.174190530942911209e+03,2.640969498507446588e+03
178,4.157559184817904679e+03,2.624306761795087368e+03
179,4.141136501268188113e+03,2.607758485844503411e+03
180,4.124919611580742639e+03,2.591781907375599076e+03
181,4.108899570469080572e+03,2.576331403508070252e+03
182,4.093067103244303780e+03,2.561635468401990693e+03
183,4.077416841360757189e+03,2.546472964294677240e+03
184,4.061950451533537489e+03,2.531717404606547007e+03
185,4.046662231367400636e+03,2.517239892239221263e+03
186,4.031546602176812485e+03,2.503438326677830901e+03
187,4.016596292420520513e+03,2.489582993397089922e+03
188,4.001810917229194729e+03,2.476016714317872356e+03
189,3.987183430118588603e+03,2.463511232355566335e+03
190,3.972700176448721322e+03,2.452237131466591563e+03
191,3.958347004182502587e+03,2.441455632461383630e+03
192,3.944120801166095134e+03,2.430398326510330207e+03
193,3.930023870479098605e+03,2.419038737696322642e+03
194,3.916058848855865563e+03,2.407790161731035823e+03
195,3.902220056900431700e+03,2.397818986175861482e+03
196,3.888494093081175834e+03,2.388265165712924045e+03
197,3.874877250268332773e+03,2.378859007850143371e+03
198,3.861365603622245999e+03,2.370060623459330145e+03
199,3.847954063152088565e+03,2.361174225705795379e+03
200,3.834642821412330250e+03,2.352325789736726620e+03
201,3.821431999658322184e+03,2.343217513301043255e+03
202,3.808323871274913472e+03,2.333876777714221134e+03
203,3.795320024596614530e+03,2.324654718977320499e+03
204,3.782419567480681508e+03,2.315049994320190763e+03
205,3.769625743327952023e+03,2.305478293516851863e+03
206,3.756937002808307625e+03,2.296182189285098502e+03
207,3.744350930430375683e+03,2.286755762470194441e+03
208,3.731866698680973968e+03,2.277851863768847579e+03
209,3.719478621127104816e+03,2.269387579981484578e+03
210,3.707179544389963212e+03,2.261916759593187635e+03
211,3.694961368931985362e+03,2.254379680147269937e+03
212,3.682824064083594294e+03,2.247132308563329843e+03
213,3.670763727021575960e+03,2.240187677889469796e+03
214,3.658778181744055473e+03,2.233069053649374837e+03
215,3.646870171282728279e+03,2.225229011438172165e+03
216,3.635047770231449704e+03,2.216718648340677646e+03
217,3.623317280719793871e+03,2.207488891434221841e+03
218,3.611686007537828118e+03,2.197999200170210315e+03
219,3.600153489961572177e+03,2.188809636992631113e+03
220,3.588717064331588062e+03,2.179722226068466625e+03
221,3.577375955062380854e+03,2.170431927587974769e+03
222,3.566131615732607770e+03,2.161040707001844567e+03
223,3.554985108679607947e+03,2.151446245226066821e+03
224,3.543937409026027126e+03,2.141918609325017314e+03
225,3.532987110950569786e+03,2.132396964147928884e+03
226,3.522134004178327359e+03,2.123018991550474766e+03
227,3.511376122253726408e+03,2.113663080340995293e+03
228,3.500712636013081465e+03,2.104513264912702653e+03
229,3.490140915033060082e+03,2.095332756069547031e+03
230,3.479661615182000787e+03,2.086226508642419503e+03
231,3.469272512577174894e+03,2.077385888275688103e+03
232,3.458971620804280519e+03,2.068233338412936973e+03
233,3.448762788918377737e+03,2.058748680482608052e+03
234,3.438646520470938412e+03,2.049857175553629986e+03
235,3.428615964907395210e+03,2.041270191084650151e+03
236,3.418669413436017749e+03,2.032903735801813582e+03
237,3.408803094500707175e+03,2.024892284854551690e+03
238,3.399014667832377199e+03,2.016762928657985640e+03
239,3.389305654803735706e+03,2.008357331822146534e+03
240,3.379677268526372245e+03,1.999998607406385418e+03
241,3.370128695526688261e+03,1.991765320510877245e+03
242,3.360658401202988898e+03,1.983645670624617196e+03
243,3.351264663677593035e+03,1.975717028908741668e+03
244,3.341945225312640559e+03,1.968165563786032635e+03
245,3.332696101144685144e+03,1.960935349300804319e+03
246,3.323514829399352493e+03,1.953717392789790665e+03
247,3.314400986706821641e+03,1.946664360459965337e+03
248,3.305352021291273104e+03,1.939860445427379091e+03
249,3.296366036506385626e+03,1.933207495640972184e+03
250,3.287441416470334389e+03,1.926551374046076944e+03
251,3.278578833385778580e+03,1.919727004726405312e+03
252,3.269777441761774753e+03,1.913542134324890412e+03
253,3.261032499376807209e+03,1.907427904324126530e+03
254,3.252343124259971319e+03,1.901482827398756626e+03
255,3.243707275537778514e+03,1.895731567366714671e+03
256,3.235123860381779650e+03,1.889886611525296530e+03
257,3.226593268284209898e+03,1.884092384919202686e+03
258,3.218114355997471648e+03,1.878561695617833266e+03
259,3.209684353147526963e+03,1.873335203483687565e+03
260,3.201301510431303996e+03,1.868062203698486201e+03
261,3.192964635302854731e+03,1.863398963866324493e+03
262,3.184668506933296158e+03,1.859059743171952960e+03
263,3.176410779551184078e+03,1.854783518010691978e+03
264,3.168190752654022162e+03,1.850656986443884989e+03
265,3.160006784035896999e+03,1.846694921247615866e+03
266,3.151857827407302466e+03,1.842744048077335037e+03
267,3.143743287252402752e+03,1.839169565586311137e+03
268,3.135658861966668610e+03,1.835985815507361849e+03
269,3.127603280355894185e+03,1.832435463220328757e+03
270,3.119579157503956139e+03,1.828755467403648709e+03
271,3.111587184325055205e+03,1.825117579426874272e+03
272,3.103626881273447907e+03,1.821516912995652319e+03
273,3.095697996081926703e+03,1.817895093796106949e+03
274,3.087800670508723215e+03,1.814230807996640578e+03
275,3.079935600642630561e+03,1.810396496483183910e+03
276,3.072103735570508434e+03,1.806574126100738113e+03
277,3.064305007485841543e+03,1.802706302011997877e+03
278,3.056539724714218210e+03,1.798774925664319653e+03
279,3.048807927597854359e+03,1.795076442510239758e+03
280,3.041107781123095720e+03,1.791409258854859672e+03
281,3.033439257129849011e+03,1.787651116458119532e+03
282,3.025802674439644761e+03,1.784025648066252643e+03
283,3.018196726152089013e+03,1.780575890431876587e+03
284,3.010620057856793210e+03,1.777113587276594671e+03
285,3.003073325978731191e+03,1.773345802661347534e+03
286,2.995559293145794527e+03,1.769282487565004885e+03
287,2.988080096010835859e+03,1.765081942927945192e+03
288,2.980636411672101076e+03,1.760878358752513350e+03
289,2.973227869291784828e+03,1.756840332358203568e+03
290,2.965853048890903210e+03,1.752881707353970114e+03
291,2.958511325553546612e+03,1.749020638436082891e+03
292,2.951201789103537521e+03,1.745181756671230687e+03
293,2.943924250588150244e+03,1.741367586646686732e+03
294,2.936678874893103057e+03,1.737341943814819615e+03
295,2.929467623202349841e+03,1.733035870091836387e+03
296,2.922291760926992083e+03,1.728938430908747250e+03
297,2.915149643523251143e+03,1.724882225001465940e+03
298,2.908041148638634695e+03,1.720804034746789512e+03
299,2.900966713438967417e+03,1.716453970058983032e+03
300,2.893927931156262275e+03,1.712200190779072727e+03
301,2.886923838033212178e+03,1.707981806202348025e+03
302,2.879954501632882966e+03,1.703625774830967657e+03
303,2.873021336733657790e+03,1.698964522894254742e+03
304,2.866126070523219369e+03,1.694321388230502635e+03
305,2.859268249970346005e+03,1.689805151852362542e+03
306,2.852447132509256335e+03,1.685116950891999522e+03
307,2.845664203538549827e+03,1.680314917260581979e+03
308,2.838919861832075640e+03,1.675534492186034868e+03
309,2.832213824433451919e+03,1.670775572381475058e+03
310,2.825545858566124480e+03,1.666013659025271863e+03
311,2.818915561094402165e+03,1.661438255474873131e+03
312,2.812321561978917998e+03,1.656865981686989244e+03
313,2.805763951048333183e+03,1.652249390909951899e+03
314,2.799242813460153684e+03,1.647655378751550188e+03
315,2.792757931522795843e+03,1.642993060022954978e+03
316,2.786310124538309537e+03,1.638214233137996644e+03
317,2.779899151892936061e+03,1.633895951360291292e+03
318,2.773520338340276794e+03,1.630252766584043457e+03
319,2.767169898339894644e+03,1.626632539127054088e+03
320,2.760846927867907652e+03,1.623363179652099689e+03
321,2.754549689749889239e+03,1.619961892495157599e+03
322,2.748278876065181976e+03,1.616515886827405438e+03
323,2.742034700879724824e+03,1.613083339571309125e+03
324,2.735817107025111000e+03,1.609579222175797440e+03
325,2.729626583078629665e+03,1.606155124554760278e+03
326,2.723461784123898269e+03,1.602967003667803510e+03
327,2.717321387864982626e+03,1.599786253739636550e+03
328,2.711205433561164227e+03,1.596575082660604494e+03
329,2.705113992662926648e+03,1.593371614039406722e+03
330,2.699047239198168882e+03,1.590047015797034192e+03
331,2.693005603812563095e+03,1.586832975660417787e+03
332,2.686988788725922404e+03,1.583268140104677059e+03
333,2.680999467631385414e+03,1.579586697040201443e+03
334,2.675037844578128443e+03,1.575976438937807870e+03
335,2.669103332653406596e+03,1.572458859194795423e+03
336,2.663194833810851378e+03,1.569173735266474750e+03
337,2.657310814506446150e+03,1.565967949032476781e+03
338,2.651450770766525238e+03,1.562788432965591937e+03
339,2.645614194871192922e+03,1.559720111605045759e+03
340,2.639800792484995327e+03,1.556546947470649229e+03
341,2.634011526272982792e+03,1.553096628969787389e+03
342,2.628248412596368780e+03,1.549394587025129340e+03
343,2.622512768122709531e+03,1.545701723707433530e+03
344,2.616804405746850080e+03,1.542028396243308862e+03
345,2.611123153916423234e+03,1.538316578275205529e+03
346,2.605469621270454809e+03,1.534441648510907271e+03
347,2.599844695107579810e+03,1.530432429202013736e+03
348,2.594249003471816650e+03,1.526602760624310577e+03
349,2.588681075423346101e+03,1.522761207903290824e+03
350,2.583142446972232847e+03,1.518239451230436771e+03
351,2.577637024751651552e+03,1.513511525272054314e+03
352,2.572166177801896993e+03,1.508683141534000470e+03
353,2.566730081147354667e+03,1.503944019727030991e+03
354,2.561327924876367888e+03,1.499302769409387793e+03
355,2.555958977854216755e+03,1.494715298091713294e+03
356,2.550622818955420371e+03,1.490114084612073384e+03
357,2.545319578080253450e+03,1.485509022448785799e+03
358,2.540048965928440339e+03,1.480964837836895640e+03
359,2.534810197554153092e+03,1.476689430684132503e+03
360,2.529601680160707019e+03,1.472336161192582495e+03
361,2.524423673376200441e+03,1.468113815128563374e+03
362,2.519275281694827754e+03,1.463826219265117743e+03
363,2.514157298199277648e+03,1.459403644092381683e+03
364,2.509070685608653093e+03,1.454630036781282115e+03
365,2.504018004145631494e+03,1.449467071817717169e+03
366,2.499001453551841678e+03,1.444218100475458186e+03
367,2.494021108665575866e+03,1.439011464363662071e+03
368,2.489076522730909346e+03,1.433890138362286962e+03
369,2.484167013748783575e+03,1.428810671823026723e+03
370,2.479292450819174974e+03,1.423557531014031156e+03
371,2.474453822223509633e+03,1.418356595064293060e+03
372,2.469649969572462851e+03,1.413427585348656521e+03
373,2.464879233826651216e+03,1.408658606161910484e+03
374,2.460140422740093982e+03,1.403998608576885090e+03
375,2.455432989952558728e+03,1.399331393669436466e+03
376,2.450756596634648758e+03,1.394822140841966302e+03
377,2.446109828401319191e+03,1.390571733734465397e+03
378,2.441490586118986812e+03,1.386845915853491533e+03
379,2.436895797516803668e+03,1.383226585191641561e+03
380,2.432325042389320060e+03,1.379569620377938008e+03
381,2.427778394377167388e+03,1.375935857255923565e+03
382,2.423255801700171105e+03,1.372176025683711941e+03
383,2.418758286854466860e+03,1.368246905488540733e+03
384,2.414286167037355426e+03,1.364600921478004693e+03
385,2.409837391627145280e+03,1.361183726325419229e+03
386,2.405410759465841238e+03,1.357822525110917240e+03
387,2.401005985674456497e+03,1.354405927395448998e+03
388,2.396623700523689422e+03,1.350831061312736438e+03
389,2.392264510126361984e+03,1.347270725679182988e+03
390,2.387928259964483004e+03,1.343724862921630802e+03
391,2.383614796636211850e+03,1.340192492740362468e+03
392,2.379324348082466713e+03,1.336461333159906872e+03
393,2.375057610104074229e+03,1.332812523440118184e+03
394,2.370814067500117744e+03,1.329225557015459799e+03
395,2.366593105793464474e+03,1.325918636413284503e+03
396,2.362392591933222320e+03,1.322869058232506859e+03
397,2.358210502768085462e+03,1.320356454923268302e+03
398,2.354044188956950165e+03,1.317883105983986525e+03
399,2.349893502472392356e+03,1.315354514584631488e+03
400,2.345758923442592277e+03,1.312756957978275977e+03
401,2.341640604822716341e+03,1.310187426140895468e+03
402,2.337538387047307879e+03,1.307626372860411948e+03
403,2.333452185606271996e+03,1.305073772397710854e+03
404,2.329381578679551694e+03,1.302847397124835652e+03
405,2.325324452454097809e+03,1.300777317881739009e+03
406,2.321280179062242496e+03,1.298726835119531188e+03
407,2.317248817438791775e+03,1.296572638780797433e+03
408,2.313230812272987805e+03,1.294425347095444749e+03
409,2.309226102617750257e+03,1.292277330047999612e+03
410,2.305234724425657532e+03,1.290105281735424114e+03
411,2.301256714240107158e+03,1.288020240598260671e+03
412,2.297291127474123641e+03,1.286155402299426214e+03
413,2.293337012374712231e+03,1.284295238001702046e+03
414,2.289394541866277905e+03,1.282254868746171724e+03
415,2.285464751010764303e+03,1.280142183029751550e+03
416,2.281548124752656804e+03,1.277842546732307028e+03
417,2.277645708738292797e+03,1.275534770677887991e+03
418,2.273757261093302532e+03,1.273274747595876988e+03
419,2.269882553836659099e+03,1.271052458937864458e+03
420,2.266021281060585352e+03,1.268869813079496680e+03
421,2.262173251931827508e+03,1.266694959995508952e+03
422,2.258338603575380148e+03,1.264391150372797028e+03
423,2.254517743263384091e+03,1.262211227845235044e+03
424,2.250710024426557538e+03,1.259995045979442921e+03
425,2.246915736159223798e+03,1.257827568701457949e+03
426,2.243134383506880567e+03,1.255670704989661999e+03
427,2.239366025571898263e+03,1.253491146737110739e+03
428,2.235610782030893006e+03,1.251292611576551963e+03
429,2.231868688952501543e+03,1.249133877894027592e+03
430,2.228139142670120236e+03,1.247189467907053768e+03
431,2.224421189086909180e+03,1.245213492624199262e+03
432,2.220715640870751940e+03,1.242818975902612692e+03
433,2.217024525877320684e+03,1.240294225432418443e+03
434,2.213348606179373746e+03,1.237653166008677999e+03
435,2.209688412801246614e+03,1.234973371202752105e+03
436,2.206044043562615116e+03,1.232309581849559436e+03
437,2.202415354532087804e+03,1.229663972214584192e+03
438,2.198802301092265679e+03,1.226975196549256680e+03
439,2.195205017317102374e+03,1.224327112037303777e+03
440,2.191623019981964717e+03,1.221812420978490763e+03
441,2.188055718303598042e+03,1.219305378745610369e+03
442,2.184503037508171474e+03,1.216805965406426822e+03
443,2.180964903212588524e+03,1.214314161079381847e+03
444,2.177441241422403891e+03,1.211829945933416184e+03
445,2.173931916962214927e+03,1.209428688000297598e+03
446,2.170436268821390058e+03,1.207149553671167723e+03
447,2.166953798456368077e+03,1.204849759609506464e+03
448,2.163484797473760409e+03,1.202387317451677518e+03
449,2.160030071382961069e+03,1.199887339252471975e+03
450,2.156589689875317617e+03,1.197403459297241625e+03
451,2.153163490054090289e+03,1.194951447187869917e+03
452,2.149751363650570511e+03,1.192454535608238075e+03
453,2.146353608904538760e+03,1.189884483643298836e+03
454,2.142970505180102464e+03,1.187306198875938435e+03
455,2.139601847675044610e+03,1.184874312847532110e+03
456,2.136246791155765550e+03,1.182637509118254457e+03
457,2.132904105038217040e+03,1.180545735175852542e+03
458,2.129573229270160482e+03,1.178460390468102560e+03
459,2.126254107960112833e+03,1.176377506596016929e+03
460,2.122946729533422968e+03,1.174286909891115329e+03
461,2.119651092080116996e+03,1.172202863347097491e+03
462,2.116367138037270252e+03,1.170125344840752859e+03
463,2.113094810161232999e+03,1.168054332337155756e+03
464,2.109834051525645464e+03,1.165989803889254290e+03
465,2.106584805519471047e+03,1.163931737637470178e+03
466,2.103347015845041369e+03,1.161880111809295386e+03
467,2.100120626516109041e+03,1.159834904718890357e+03
468,2.096905576145239138e+03,1.157829211512404527e+03
469,2.093701269197877536e+03,1.156062736362873693e+03
470,2.090506728121523793e+03,1.154301959989898933e+03
471,2.087321906584000772e+03,1.152546859821286489e+03
472,2.084146853603158434e+03,1.150687158866734762e+03
473,2.080982221499210482e+03,1.148707638108642868e+03
474,2.077828493111898297e+03,1.146844733522115121e+03
475,2.074684589536060230e+03,1.145173772447209785e+03
476,2.071549834836619993e+03,1.143508879308632231e+03
477,2.068424350215021605e+03,1.141728622079208662e+03
478,2.065308472608047396e+03,1.140051479425274920e+03
479,2.062201820963168757e+03,1.138303287397027134e+03
480,2.059104688105635432e+03,1.136560267639032190e+03
481,2.056017027580946433e+03,1.134827001337355796e+03
482,2.052938633157104050e+03,1.133187128352363516e+03
483,2.049869216235354997e+03,1.131497650272437113e+03
484,2.046808974414472914e+03,1.129737819183649435e+03
485,2.043758514315990851e+03,1.127831896890841335e+03
486,2.040718333463875297e+03,1.125932612963852989e+03
487,2.037688378802566604e+03,1.124039940462269669e+03
488,2.034668696483282019e+03,1.122055365505767895e+03
489,2.031659741065250046e+03,1.120044617463676559e+03
490,2.028661603510914802e+03,1.117994605864302457e+03
491,2.025674457939352806e+03,1.115938676319617571e+03
492,2.022698283318759650e+03,1.113890523229055361e+03
493,2.019733013687745142e+03,1.111873726717778482e+03
494,2.016778247075578292e+03,1.110009566672256597e+03
495,2.013833374511119018e+03,1.108152695557216930e+03
496,2.010898340820825524e+03,1.106303078644965126e+03
497,2.007973091208475125e+03,1.104460681392751439e+03
498,2.005057571252202251e+03,1.102625469441820087e+03
499,2.002151735447758483e+03,1.100788709230208951e+03
500,1.999255574119447147e+03,1.098956156260970829e+03
501,1.996369042184539239e+03,1.097130781555253861e+03
502,1.993492085990892747e+03,1.095312551000464509e+03
503,1.990624652252462511e+03,1.093501430664566442e+03
504,1.987766663599621779e+03,1.091726149408111951e+03
505,1.984917835935867515e+03,1.090023258885766609e+03
506,1.982077908551267456e+03,1.088313351361369541e+03
507,1.979246879010586554e+03,1.086610036807644519e+03
508,1.976424699277151149e+03,1.084911832806811162e+03
509,1.973611353538897447e+03,1.083202510564051408e+03
510,1.970806860807302655e+03,1.081499806733311516e+03
511,1.968011181123600863e+03,1.079776129663738175e+03
512,1.965224587435007606e+03,1.077889698992958529e+03
513,1.962447923384773503e+03,1.075896189015880736e+03
514,1.959681482978314307e+03,1.073935371916215217e+03
515,1.956925354382722162e+03,1.071795714629211943e+03
516,1.954180149307112970e+03,1.069705065158344041e+03
517,1.951445621613603635e+03,1.067601297294652568e+03
518,1.948721953898691027e+03,1.065436266225827922e+03
519,1.946009318126801418e+03,1.063278549101070212e+03
520,1.943307619236166147e+03,1.061161313679407840e+03
521,1.940616642422772884e+03,1.059059087025386816e+03
522,1.937936341291111376e+03,1.056946795066258801e+03
523,1.935266868053395683e+03,1.054686679546604182e+03
524,1.932608873351335660e+03,1.052413618541701908e+03
525,1.929962298594686899e+03,1.050150743827266524e+03
526,1.927326860745570002e+03,1.048088923241897191e+03
527,1.924701751876653589e+03,1.046036355754339183e+03
528,1.922086911381400341e+03,1.043990634923274683e+03
529,1.919482284982517058e+03,1.041951740996714307e+03
530,1.916887818701775359e+03,1.039919654273275000e+03
531,1.914303457691846006e+03,1.037909862805050807e+03
532,1.911728927858059023e+03,1.036008951951778499e+03
533,1.909163816546963290e+03,1.034114137931968571e+03
534,1.906607953146362888e+03,1.032329983389620338e+03
535,1.904060885761849704e+03,1.030556573097058163e+03
536,1.901522551625689857e+03,1.028799333137279518e+03
537,1.898992834159422728e+03,1.027076528999256197e+03
538,1.896471538630349414e+03,1.025390415189725218e+03
539,1.893958469315437469e+03,1.023735492877191518e+03
540,1.891453503660620527e+03,1.022082737066927962e+03
541,1.888956558103321186e+03,1.020516617047586237e+03
542,1.886467153217359964e+03,1.019022484562553586e+03
543,1.883984922655242144e+03,1.017605787029023304e+03
544,1.881509662412248190e+03,1.016114099582731455e+03
545,1.879041716690844169e+03,1.014601246167956333e+03
546,1.876580984511986799e+03,1.013190449341993258e+03
547,1.874127073608633509e+03,1.011775122839541837e+03
548,1.871680143743882581e+03,1.010270414302718905e+03
549,1.869240484909735869e+03,1.008768164043383422e+03
550,1.866808089062661111e+03,1.007258613467782311e+03
551,1.864382965660950049e+03,1.005752920843702441e+03
552,1.861965085272447141e+03,1.004251076097197824e+03
553,1.859554444221939775e+03,1.002719213252238205e+03
554,1.857151172214588769e+03,1.001185200048730849e+03
555,1.854755245994335610e+03,9.996551163284157155e+02
556,1.852366682746511742e+03,9.980430937591418115e+02
557,1.849986192703685902e+03,9.961651159168517324e+02
558,1.847614573489272516e+03,9.944081481456317988e+02
559,1.845251135612817734e+03,9.927774257400587885e+02
560,1.842895256879046428e+03,9.912750850199506658e+02
561,1.840546460333685900e+03,9.898263229876079095e+02
562,1.838204494147190644e+03,9.883999550423787923e+02
563,1.835869247113017536e+03,9.869930803334150369e+02
564,1.833540649685100561e+03,9.855761814625129773e+02
565,1.831218754137809583e+03,9.841501593913070565e+02
566,1.828903608058530835e+03,9.826498424615491558e+02
567,1.826595702424372121e+03,9.810389915316208089e+02
568,1.824295148013639164e+03,9.796095516593373986e+02
569,1.822001540242321425e+03,9.779705794690802350e+02
570,1.819715756456594363e+03,9.761621115279493779e+02
571,1.817438488085088693e+03,9.743643125576403463e+02
572,1.815169586428033881e+03,9.725024930293390071e+02
573,1.812909507584190578e+03,9.705579621355674362e+02
574,1.810658455285485161e+03,9.686195008317362181e+02
575,1.808416383375587429e+03,9.666870936155314666e+02
576,1.806183245938416576e+03,9.647607250191596222e+02
577,1.803958970939976780e+03,9.628732580416100291e+02
578,1.801743359938661342e+03,9.610061147351682393e+02
579,1.799536330790252578e+03,9.591448231922863670e+02
580,1.797337840020522890e+03,9.572893683132807610e+02
581,1.795147844380430797e+03,9.554397350318982944e+02
582,1.792966300844940179e+03,9.535959083151968798e+02
583,1.790793334777734117e+03,9.516070733379905278e+02
584,1.788629441277382966e+03,9.495766456944636502e+02
585,1.786474869522975496e+03,9.474979528234059671e+02
586,1.784329717565809005e+03,9.454263787826591852e+02
587,1.782193932611095761e+03,9.433619028858015554e+02
588,1.780067462168618476e+03,9.413045045040477135e+02
589,1.777950260151344310e+03,9.392311111434459008e+02
590,1.775842464586220785e+03,9.371052053158175568e+02
591,1.773744182554175950e+03,9.349946046911718440e+02
592,1.771655338472721724e+03,9.328915679610271354e+02
593,1.769575877356195178e+03,9.307960706629795595e+02
594,1.767505745113710418e+03,9.287031530271641486e+02
595,1.765444962069960184e+03,9.265741893862281131e+02
596,1.763393648444747214e+03,9.244182304993212256e+02
597,1.761351873645920477e+03,9.222668123969806402e+02
598,1.759319575555415213e+03,9.201750043733331950e+02
599,1.757296242217746112e+03,9.182692417016298805e+02
600,1.755281278716497354e+03,9.163696893014622447e+02
601,1.753274640510524705e+03,9.144763303585910990e+02
602,1.751276283301225476e+03,9.125891481004680372e+02
603,1.749286163031191563e+03,9.107081257960757057e+02
604,1.747304235882883631e+03,9.088332467557703467e+02
605,1.745330458277298249e+03,9.069644943311182033e+02
606,1.743364786872654349e+03,9.051018519147468169e+02
607,1.741407178563079924e+03,9.032453029401802951e+02
608,1.739457590753410841e+03,9.013932747272125425e+02
609,1.737515997150161411e+03,8.995394162800050708e+02
610,1.735582379266159478e+03,8.976916578862056895e+02
611,1.733656694519542953e+03,8.958499830418850252e+02
612,1.731738900560638967e+03,8.940143752823453269e+02
613,1.729828955270680353e+03,8.921848181819636920e+02
614,1.727926794924994283e+03,8.904245855517280006e+02
615,1.726031944213828638e+03,8.888021478773251829e+02
616,1.724143944069646977e+03,8.872993287696048128e+02
617,1.722261979220217199e+03,8.860519292005675425e+02
618,1.720385300604148597e+03,8.848077218525808121e+02
619,1.718513887287448597e+03,8.835666983989792698e+02
620,1.716647670750413454e+03,8.824200739501636690e+02
621,1.714786141993224646e+03,8.813736054302394223e+02
622,1.712929024332513563e+03,8.803297882502661196e+02
623,1.711076301380875975e+03,8.792886145529857913e+02
624,1.709227963079952588e+03,8.782417817331124752e+02
625,1.707384027629027059e+03,8.771943475400863690e+02
626,1.705544486392620684e+03,8.761495902622369840e+02
627,1.703709264909541616e+03,8.751716303474611323e+02
628,1.701878108349771082e+03,8.742309043339071195e+02
629,1.700050815449237916e+03,8.733424236010235973e+02
630,1.698227263245811628e+03,8.724203527590428848e+02
631,1.696407561891674277e+03,8.714969779208713589e+02
632,1.694591752823143452e+03,8.705414286328925755e+02
633,1.692779921680152938e+03,8.695886202317982452e+02
634,1.690972005099084754e+03,8.686883883610086059e+02
635,1.689167819297742653e+03,8.677951458897015300e+02
636,1.687367340283951762e+03,8.669044290613225030e+02
637,1.685570390502685768e+03,8.661744433306073461e+02
638,1.683776508063425126e+03,8.653726074874607548e+02
639,1.681986028465467143e+03,8.645242201551485550e+02
640,1.680198988661367594e+03,8.637713421773264599e+02
641,1.678414980386843581e+03,8.630662909896531119e+02
642,1.676633881556422011e+03,8.623635102979737894e+02
643,1.674855679134482443e+03,8.616662117248872619e+02
644,1.673080307889751111e+03,8.610128470915789194e+02
645,1.671307619285163810e+03,8.603651202590195908e+02
646,1.669537595279255129e+03,8.597193669318666025e+02
647,1.667770225763779763e+03,8.590755759617497915e+02
648,1.666005491103401937e+03,8.584481915392719884e+02
649,1.664243318265431071e+03,8.578305162606375234e+02
650,1.662483679118452073e+03,8.572145052874853945e+02
651,1.660726565023853937e+03,8.566001504509941924e+02
652,1.658971967391131329e+03,8.559874436308556369e+02
653,1.657219877677555814e+03,8.553763767549986596e+02
654,1.655470287387838425e+03,8.547669417993098477e+02
655,1.653723188073808160e+03,8.541591307873597998e+02
656,1.651978571334079561e+03,8.535529357901273215e+02
657,1.650236428813733028e+03,8.529483489257283964e+02
658,1.648496775622433688e+03,8.523167785276087898e+02
659,1.646759709390685430e+03,8.516799036403813261e+02
660,1.645025236873535505e+03,8.510447641575163971e+02
661,1.643293348803135586e+03,8.504162474223019217e+02
662,1.641563926313134743e+03,8.498736452705816191e+02
663,1.639836717608411163e+03,8.493078381061567370e+02
664,1.638111868309543297e+03,8.486990717172022869e+02
665,1.636389489144434265e+03,8.480923685443776776e+02
666,1.634669569983755764e+03,8.474877182542045375e+02
667,1.632952100757942844e+03,8.468851105685200764e+02
668,1.631237071456789408e+03,8.462845352642077614e+02
669,1.629524472129044398e+03,8.456859821729316309e+02
670,1.627814272377654788e+03,8.451122300742752032e+02
671,1.626106385457879696e+03,8.445431773870988081e+02
672,1.624400781584281503e+03,8.439963576758392492e+02
673,1.622697369962682387e+03,8.434595315500447441e+02
674,1.620996123459832688e+03,8.429241473763283921e+02
675,1.619297034890724262e+03,8.423901993313504590e+02
676,1.617600097104847237e+03,8.418576816183978053e+02
677,1.615905302985997423e+03,8.413265884672658785e+02
678,1.614212645452077368e+03,8.407969141341452541e+02
679,1.612522117454906038e+03,8.402686529015015822e+02
680,1.610833710590577539e+03,8.397459963569032197e+02
681,1.609147391022842385e+03,8.392332428914849061e+02
682,1.607463129186709011e+03,8.387217895171116879e+02
683,1.605780918614931807e+03,8.382116313264347127e+02
684,1.604100752869448115e+03,8.377027634330455612e+02
685,1.602422625541223624e+03,8.371951809713917783e+02
686,1.600746548466636341e+03,8.366408326633513752e+02
687,1.599072797533403900e+03,8.360017948580865550e+02
688,1.597401702573642524e+03,8.352703508337023095e+02
689,1.595733531745276650e+03,8.345399590369886482e+02
690,1.594068272306558811e+03,8.338138161298650175e+02
691,1.592405943309970098e+03,8.330523329060976039e+02
692,1.590746654793578728e+03,8.322865096781398506e+02
693,1.589090418481362349e+03,8.315200533153391689e+02
694,1.587437230295704012e+03,8.307552473873744248e+02
695,1.585787080875230686e+03,8.299920876831489522e+02
696,1.584139960893369107e+03,8.292305700048400467e+02
697,1.582495861058193441e+03,8.284706901678503073e+02
698,1.580854772112272258e+03,8.277124440007596604e+02
699,1.579216684832517331e+03,8.269558273452735193e+02
700,1.577581581199488028e+03,8.262262387086062745e+02
701,1.575949340811332831e+03,8.255031420558061654e+02
702,1.574319940102494684e+03,8.247988170889613002e+02
703,1.572693310518630597e+03,8.240999988132545013e+02
704,1.571069435456999599e+03,8.234024455465129222e+02
705,1.569448307603934609e+03,8.227061545041765385e+02
706,1.567829952476384278e+03,8.219443550434669987e+02
707,1.566214690958196798e+03,8.211170778550335854e+02
708,1.564602678578342420e+03,8.202913545417058003e+02
709,1.562993880776581818e+03,8.194936481900689387e+02
710,1.561388208237910931e+03,8.186981753294797954e+02
711,1.559785650790924137e+03,8.179040980346840115e+02
712,1.558186199953588130e+03,8.171114141230649466e+02
713,1.556589847268288167e+03,8.163201214150700480e+02
714,1.554996584301756002e+03,8.155302177342126697e+02
715,1.553406374181561887e+03,8.147720858183064365e+02
716,1.551819116300714768e+03,8.140164783728166640e+02
717,1.550234800520905310e+03,8.132621184697183025e+02
718,1.548653407961131961e+03,8.125217138289268632e+02
719,1.547074895338764236e+03,8.117784299722887909e+02
720,1.545499270128113494e+03,8.110356718281055919e+02
721,1.543926526415906437e+03,8.102941112903425847e+02
722,1.542356656924958088e+03,8.095537466812215825e+02
723,1.540789654397318145e+03,8.088145763251045537e+02
724,1.539225511594212776e+03,8.080765985484864586e+02
725,1.537664221295995731e+03,8.073398116799958188e+02
726,1.536105790579536688e+03,8.065599802248368633e+02
727,1.534550466949532165e+03,8.057196261540425439e+02
728,1.532998354119296664e+03,8.048990005851767364e+02
729,1.531449400670445584e+03,8.040798995084107901e+02
730,1.529903597523565850e+03,8.032623204430686883e+02
731,1.528360935626677701e+03,8.024462609125001791e+02
732,1.526821400912324179e+03,8.016373778549084363e+02
733,1.525284963551202281e+03,8.008358693600176821e+02
734,1.523751591736732962e+03,8.000387995801157786e+02
735,1.522221270033632209e+03,7.992432456649453343e+02
736,1.520693989613012263e+03,7.984492050065798594e+02
737,1.519169741673232693e+03,7.976566750016065726e+02
738,1.517648517439810803e+03,7.968656530511179881e+02
739,1.516130336285272733e+03,7.960166337600378483e+02
740,1.514615534318190385e+03,7.950454382400511122e+02
741,1.513104425294783368e+03,7.940766142821133826e+02
742,1.511596995706907137e+03,7.931101559075563046e+02
743,1.510093254820231095e+03,7.921144734799173648e+02
744,1.508593302812468210e+03,7.911112015744694190e+02
745,1.507097146832251838e+03,7.901104345616613500e+02
746,1.505604813080207350e+03,7.890540274471951534e+02
747,1.504116500010230766e+03,7.879797281809909464e+02
748,1.502632235362767688e+03,7.869084866408020389e+02
749,1.501152002125286799e+03,7.858402936724678511e+02
750,1.499675783366580163e+03,7.847751401507063065e+02
751,1.498203537303702433e+03,7.837723757697473275e+02
752,1.496734938011204576e+03,7.828588677993321880e+02
753,1.495269753552574457e+03,7.819656259521937045e+02
754,1.493807864803072107e+03,7.810995443080397536e+02
755,1.492349265522896303e+03,7.801885380768748064e+02
756,1.490894081645310280e+03,7.792309676670579393e+02
757,1.489442577105749706e+03,7.781887924615122074e+02
758,1.487994922840264962e+03,7.772033961489169087e+02
759,1.486550869698690803e+03,7.762633018976101766e+02
760,1.485110312150222171e+03,7.752939904285927923e+02
761,1.483673488904459418e+03,7.742019099366033288e+02
762,1.482240708270851201e+03,7.731139158840902610e+02
763,1.480811949461001404e+03,7.720299910510976815e+02
764,1.479387191438626360e+03,7.709511858747355291e+02
765,1.477966407896643886e+03,7.698781583632070351e+02
766,1.476549574221472767e+03,7.688091633977608126e+02
767,1.475136688717728703e+03,7.676980180011901211e+02
768,1.473727959837028720e+03,7.665322348265102619e+02
769,1.472323503313288938e+03,7.653713051465666695e+02
770,1.470923294913369318e+03,7.642152067266364384e+02
771,1.469527283437818596e+03,7.631209489534766135e+02
772,1.468135191478476600e+03,7.620834061132212582e+02
773,1.466746921551315836e+03,7.609854583593504458e+02
774,1.465362663439089829e+03,7.599132069475140270e+02
775,1.463982247763907253e+03,7.588824818083716082e+02
776,1.462605572472507674e+03,7.578551279701504200e+02
777,1.461232620285225266e+03,7.568307355616807399e+02
778,1.459863416094817921e+03,7.557651730163539696e+02
779,1.458498062934525933e+03,7.547030300955906341e+02
780,1.457136543048801968e+03,7.536442952511910107e+02
781,1.455778838775728218e+03,7.525889569741430023e+02
782,1.454424932546480022e+03,7.515370037944920796e+02
783,1.453074806884784493e+03,7.504884242812166804e+02
784,1.451728444406386643e+03,7.494432070420951959e+02
785,1.450385827818519601e+03,7.484013407235852355e+02
786,1.449046931168898482e+03,7.473799307099369571e+02
787,1.447711666903590185e+03,7.463747019064771848e+02
788,1.446379990305635147e+03,7.453728276414932452e+02
789,1.445051884600758513e+03,7.443742964666072339e+02
790,1.443727333103562842e+03,7.433790969710804575e+02
791,1.442406319217016971e+03,7.423872177816970179e+02
792,1.441088826431943062e+03,7.413986475626459196e+02
793,1.439774816450246362e+03,7.404594706625269964e+02
794,1.438464080416115394e+03,7.395599116702646825e+02
795,1.437156525599731367e+03,7.386632368677010163e+02
796,1.435852137954931095e+03,7.377694368399227187e+02
797,1.434550897898076755e+03,7.368849381196445165e+02
798,1.433252774309861252e+03,7.360033888448036805e+02
799,1.431957753206961797e+03,7.351247068093211965e+02
800,1.430665820804978239e+03,7.342488824410589814e+02
801,1.429376962908585710e+03,7.333810890444567576e+02
802,1.428091081890297119e+03,7.325808863777617717e+02
803,1.426808015514019189e+03,7.317760962233580813e+02
804,1.425527765515965257e+03,7.309734986713241369e+02
805,1.424250323518011101e+03,7.301670944221897344e+02
806,1.422975706517864182e+03,7.293556524884819510e+02
807,1.421703919831183612e+03,7.285463747186851151e+02
808,1.420434952776173986e+03,7.277392551972870933e+02
809,1.419168794716720868e+03,7.269342880250521830e+02
810,1.417905435062172955e+03,7.261314673189759787e+02
811,1.416644863267130631e+03,7.253307872122380786e+02
812,1.415387068831230863e+03,7.245322418541562683e+02
813,1.414132041298938248e+03,7.237358254101392276e+02
814,1.412879770259334919e+03,7.229415320616423060e+02
815,1.411630229544066424e+03,7.221732701131212480e+02
816,1.410383332048805869e+03,7.214107886006793251e+02
817,1.409139072232272156e+03,7.206443216574042481e+02
818,1.407897453918895053e+03,7.198798684674510469e+02
819,1.406658467372914174e+03,7.191174235873248790e+02
820,1.405422102899344509e+03,7.183569815883033698e+02
821,1.404188350843787475e+03,7.175985370563970491e+02
822,1.402957201592245156e+03,7.168420845923059233e+02
823,1.401728633801069691e+03,7.161295479084752742e+02
824,1.400502413511527266e+03,7.154741859723152402e+02
825,1.399278551920896916e+03,7.147333834673129331e+02
826,1.398057150211945782e+03,7.140509623758507587e+02
827,1.396838088881313070e+03,7.133623188104122619e+02
828,1.395621376339200651e+03,7.126786631441776763e+02
829,1.394406982904629558e+03,7.120069716837537044e+02
830,1.393194876749076911e+03,7.113367892659402969e+02
831,1.391985050584916280e+03,7.106681126982292653e+02
832,1.390777497149868168e+03,7.100009387945327717e+02
833,1.389572209206902244e+03,7.093352643751693449e+02
834,1.388369179544144572e+03,7.086710862668479649e+02
835,1.387168435001633952e+03,7.079616231988313757e+02
836,1.385970104849686095e+03,7.072460027880496227e+02
837,1.384774195345843054e+03,7.065319511146269633e+02
838,1.383580698744172651e+03,7.058194650165155508e+02
839,1.382389605972180107e+03,7.051177732042120851e+02
840,1.381200836133623170e+03,7.044614703211246933e+02
841,1.380014277603090932e+03,7.038064977142740872e+02
842,1.378829923845783014e+03,7.031528530265201198e+02
843,1.377647768347320607e+03,7.025005339043266304e+02
844,1.376467804613671660e+03,7.018495379977513267e+02
845,1.375290026171091768e+03,7.011998629604406688e+02
846,1.374114423361157833e+03,7.005694023440822775e+02
847,1.372940865288423311e+03,7.000069381892658384e+02
848,1.371769190435838937e+03,6.994454581347264366e+02
849,1.370599394000040547e+03,6.988849606759707740e+02
850,1.369431471190613820e+03,6.983254443105191740e+02
851,1.368265417230059711e+03,6.977669075379022843e+02
852,1.367101227353758986e+03,6.972093488596591442e+02
853,1.365938896809931748e+03,6.966527667793300225e+02
854,1.364778420859606513e+03,6.960971598024575542e+02
855,1.363619795862705132e+03,6.955297212136082408e+02
856,1.362463161991267043e+03,6.948505647594375887e+02
857,1.361308770425059720e+03,6.942090532775358724e+02
858,1.360156462254221651e+03,6.936064797501436487e+02
859,1.359006153076730243e+03,6.930055541803752703e+02
860,1.357857799358289412e+03,6.924491451327896812e+02
861,1.356711288488156697e+03,6.918936910384509247e+02
862,1.355566615827292708e+03,6.913391904271666135e+02
863,1.354423776749123590e+03,6.907856418310167328e+02
864,1.353282766639507145e+03,6.902330437843504569e+02
865,1.352143580896696221e+03,6.896813948237793284e+02
866,1.351006214931301201e+03,6.891306934881732786e+02
867,1.349870664166254528e+03,6.885809383186552850e+02
868,1.348736924036777509e+03,6.880321278585956861e+02
869,1.347604989990341437e+03,6.874842606536078620e+02
870,1.346474866299542100e+03,6.869126989561796108e+02
871,1.345346659788301849e+03,6.863062742195321562e+02
872,1.344220443839768677e+03,6.857099304090572787e+02
873,1.343096165600832137e+03,6.851299473427973226e+02
874,1.341973788915147225e+03,6.845475043552185070e+02
875,1.340853340692494612e+03,6.839301978734263230e+02
876,1.339734938962055367e+03,6.832930103472142491e+02
877,1.338618619712083046e+03,6.826570034403246154e+02
878,1.337504377148652793e+03,6.820221751576203815e+02
879,1.336392205495115377e+03,6.813885235073095146e+02
880,1.335282098992037618e+03,6.807560465009373729e+02
881,1.334174051897151003e+03,6.801247421533793158e+02
882,1.333068058485294841e+03,6.794946084828336552e+02
883,1.331964112535461254e+03,6.788665509504154443e+02
884,1.330862205372849758e+03,6.782400665072960919e+02
885,1.329762330548468071e+03,6.776147629256657865e+02
886,1.328664482360721422e+03,6.769906382286799271e+02
887,1.327568655125004625e+03,6.763676904425511793e+02
888,1.326474841464425481e+03,6.757630180142315339e+02
889,1.325382872128124291e+03,6.752806599239632988e+02
890,1.324292460696731268e+03,6.747991774771375049e+02
891,1.323203652738586698e+03,6.742499580868339990e+02
892,1.322116628407341068e+03,6.736935910659790352e+02
893,1.321031410027478159e+03,6.731138872965829023e+02
894,1.319948074809310128e+03,6.725223802558437001e+02
895,1.318866642263940548e+03,6.719319881638766674e+02
896,1.317787107137253088e+03,6.713427090795797767e+02
897,1.316709441862333961e+03,6.707871289342882619e+02
898,1.315633550728975251e+03,6.702381978943499234e+02
899,1.314559420013635872e+03,6.696874261639503629e+02
900,1.313487060053528921e+03,6.691314292785597218e+02
901,1.312416479473561139e+03,6.685765173216979065e+02
902,1.311347673328309838e+03,6.680226883052669109e+02
903,1.310280636687333754e+03,6.674699402445273790e+02
904,1.309215340637323834e+03,6.669572498454947436e+02
905,1.308151663707880289e+03,6.664570430736598610e+02
906,1.307089581273910426e+03,6.659576957348809856e+02
907,1.306029089402756654e+03,6.654592065316841172e+02
908,1.304970184172044583e+03,6.649615741681946020e+02
909,1.303912861667978405e+03,6.644649138156116805e+02
910,1.302857132258446427e+03,6.639238772206504109e+02
911,1.301803186106245221e+03,6.633285013670579247e+02
912,1.300751128852654119e+03,6.627343060321485382e+02
913,1.299700955063037327e+03,6.621412890807531539e+02
914,1.298652659319578788e+03,6.615494483812570934e+02
915,1.297606236221223298e+03,6.609587818055948674e+02
916,1.296561680383623752e+03,6.603692872292435823e+02
917,1.295518986439083392e+03,6.597809625312136177e+02
918,1.294478149036505101e+03,6.591938055940444201e+02
919,1.293439162841332063e+03,6.586078143037957489e+02
920,1.292402022535496144e+03,6.580229865500413098e+02
921,1.291366722817364462e+03,6.574393202258625024e+02
922,1.290333258401682087e+03,6.568568132278410303e+02
923,1.289301624019521569e+03,6.562754634560520799e+02
924,1.288271814418226541e+03,6.556952688140579539e+02
925,1.287243824361360794e+03,6.551162272089006819e+02
926,1.286217648628651659e+03,6.545383365510961085e+02
927,1.285193282015940667e+03,6.539615947546259349e+02
928,1.284170706801804727e+03,6.534277780289122575e+02
929,1.283149727308455340e+03,6.529620424382922010e+02
930,1.282130202372482927e+03,6.524970814155039989e+02
931,1.281112128540381946e+03,6.520328938491999224e+02
932,1.280095502367275003e+03,6.515694786293687457e+02
933,1.279080320416893983e+03,6.511068346473313113e+02
934,1.278066579168763838e+03,6.506460301289722565e+02
935,1.277054264600734314e+03,6.501945028916062483e+02
936,1.276043354258208183e+03,6.497436926950168754e+02
937,1.275033844938783659e+03,6.492935986029248170e+02
938,1.274025733447600942e+03,6.488442196799534258e+02
939,1.273019016597325390e+03,6.483955549916264545e+02
940,1.272013691266407704e+03,6.479472775265473956e+02
941,1.271009756272538425e+03,6.474986232641455217e+02
942,1.270007210786164933e+03,6.470506781561342677e+02
943,1.269006051650876316e+03,6.466034412789803127e+02
944,1.268006275717673361e+03,6.461569117100436870e+02
945,1.267007879844949912e+03,6.457110885275770897e+02
946,1.266010859677655844e+03,6.452718347970702553e+02
947,1.265015164605174505e+03,6.448783435237296544e+02
948,1.264020664605905949e+03,6.444999195418084810e+02
949,1.263027331206747249e+03,6.441220180012229548e+02
950,1.262035162113795650e+03,6.437446383150117981e+02
951,1.261044155037784549e+03,6.433677798966913315e+02
952,1.260054307694078716e+03,6.429914421602569519e+02
953,1.259065629916758780e+03,6.425982545634534517e+02
954,1.258078163294463366e+03,6.422038356176187790e+02
955,1.257091908247490665e+03,6.418099745270759513e+02
956,1.256106862319957600e+03,6.414166706499090651e+02
957,1.255123023061098593e+03,6.410239233447616698e+02
958,1.254140388046827866e+03,6.406303734959441272e+02
959,1.253159009193657766e+03,6.401732057086048826e+02
960,1.252179030164279538e+03,6.397168122557840206e+02
961,1.251200447591079183e+03,6.392611919853114841e+02
962,1.250223258115033786e+03,6.388063437465148127e+02
963,1.249247458385687878e+03,6.383522663902147087e+02
964,1.248273045061128641e+03,6.378989587687258336e+02
965,1.247300026306541440e+03,6.374297725849053222e+02
966,1.246328440565011306e+03,6.369596236889481133e+02
967,1.245358287195333787e+03,6.364902469324757703e+02
968,1.244389562790892569e+03,6.360216412672918977e+02
969,1.243422263953455285e+03,6.355538056463639123e+02
970,1.242456387293154648e+03,6.350867390238222470e+02
971,1.241491929496927924e+03,6.346180709875646926e+02
972,1.240528941486195663e+03,6.340903516807893538e+02
973,1.239567553893753029e+03,6.335636898811504807e+02
974,1.238607821132634854e+03,6.329557013798439584e+02
975,1.237649936066263535e+03,6.323442307414053403e+02
976,1.236693900197581797e+03,6.317342095163320437e+02
977,1.235739707363077969e+03,6.311256341481579284e+02
978,1.234787351422641905e+03,6.305185010895820596e+02
979,1.233836826259470172e+03,6.299128068024456297e+02
980,1.232888125779963957e+03,6.293085477577058100e+02
981,1.231941243913633798e+03,6.287057204354143778e+02
982,1.230996149380535144e+03,6.281436930655554534e+02
983,1.230052733695278221e+03,6.275898204051422908e+02
984,1.229110980391212934e+03,6.270372616141509070e+02
985,1.228170884064368011e+03,6.264860133668660183e+02
986,1.227232424054926696e+03,6.259720902847352590e+02
987,1.226295470187994397e+03,6.254868697215663360e+02
988,1.225359967884591015e+03,6.250025973193700111e+02
989,1.224425913186212938e+03,6.245192712840566855e+02
990,1.223493302146298220e+03,6.240368898249417953e+02
991,1.222562085115716854e+03,6.236302447408285161e+02
992,1.221632057270219548e+03,6.232437712601658859e+02
993,1.220703178948614550e+03,6.228600735418392560e+02
994,1.219775443731197356e+03,6.224769674251284641e+02
995,1.218848849153204810e+03,6.220944521354448398e+02
996,1.217923384838819629e+03,6.217329435859639943e+02
997,1.216998974352450205e+03,6.213907226321028929e+02
998,1.216075581009715734e+03,6.210489918154486304e+02
999,1.215153202795067955e+03,6.207077505349609510e+02
1000,1.214231837697144101e+03,6.203669981901988422e+02
1001,1.213311483708760534e+03,6.200267341813180337e+02
1002,1.212392138826900236e+03,6.196869579090711113e+02
1003,1.211473801119914697e+03,6.193460037921223602e+02
1004,1.210556496023668387e+03,6.189766602042933528e+02
1005,1.209640284504520196e+03,6.186074745201239011e+02
1006,1.208725166157036028e+03,6.182380276183017713e+02
1007,1.207811140291030370e+03,6.178691427368003133e+02
1008,1.206898204593476066e+03,6.175008191303437570e+02
1009,1.205986358304352507e+03,6.171230380820916253e+02
1010,1.205075660664229872e+03,6.167095669480481774e+02
1011,1.204166177565877888e+03,6.163024670665007534e+02
1012,1.203257894434231275e+03,6.158961320213160207e+02
1013,1.202350808225030960e+03,6.154905602724322762e+02
1014,1.201444915903002084e+03,6.150857502833492845e+02
1015,1.200540214441831040e+03,6.146817005211183869e+02
1016,1.199636700824127502e+03,6.142784094563328381e+02
1017,1.198734372041397592e+03,6.138758755631187114e+02
1018,1.197833225094012732e+03,6.134740973191244393e+02
1019,1.196933256991179178e+03,6.130730732055131966e+02
1020,1.196034464750908455e+03,6.126728017069522139e+02
1021,1.195136845399986441e+03,6.122732813116045918e+02
1022,1.194240395973942668e+03,6.118745105111180465e+02
1023,1.193345113517024402e+03,6.114764878006182016e+02
1024,1.192450995082160262e+03,6.110792116786977886e+02
1025,1.191558037730937485e+03,6.106826806474070963e+02
1026,1.190666238533568276e+03,6.102868932122466958e+02
1027,1.189775594568860697e+03,6.098918478821553890e+02
1028,1.188886102924191846e+03,6.094975431695038424e+02
1029,1.187997755914474737e+03,6.091128829413505628e+02
1030,1.187110527240831743e+03,6.087178255052119766e+02
1031,1.186224507677818565e+03,6.082544437317571919e+02
1032,1.185339836012631622e+03,6.077921566171377208e+02
1033,1.184456508038937500e+03,6.073309612132783286e+02
1034,1.183574519566214576e+03,6.068708545803734751e+02
1035,1.182693866419684582e+03,6.064118337868652588e+02
1036,1.181814544440248710e+03,6.059538959094256825e+02
1037,1.180936549484420539e+03,6.054970380329323234e+02
1038,1.180059889555409427e+03,6.050244693132324301e+02
1039,1.179184596620362754e+03,6.045556620672037980e+02
1040,1.178310650079793049e+03,6.040982587424572330e+02
1041,1.177438024954034745e+03,6.036419357693168877e+02
1042,1.176566717126099547e+03,6.031866901740939966e+02
1043,1.175696722494639971e+03,6.027325189914658949e+02
1044,1.174828036973881126e+03,6.022794192644572604e+02
1045,1.173960656493556826e+03,6.018273880444212409e+02
1046,1.173094576998840921e+03,6.013764223910180817e+02
1047,1.172229794450283862e+03,6.009265193721970491e+02
1048,1.171366304823744258e+03,6.004776760641759665e+02
1049,1.170504104110327717e+03,6.000298895514217747e+02
1050,1.169643188316318628e+03,5.995831569266301813e+02
1051,1.168783553463116050e+03,5.991374752907074708e+02
1052,1.167925181924181288e+03,5.987132274245849430e+02
1053,1.167068044614028167e+03,5.982520094912276818e+02
1054,1.166212242289881715e+03,5.977797363941365347e+02
1055,1.165357789925316183e+03,5.973087935469592367e+02
1056,1.164504682657396415e+03,5.968391764174477885e+02
1057,1.163652924249632633e+03,5.963405164073453761e+02
1058,1.162802633719441019e+03,5.957973292593451333e+02
1059,1.161953890506801599e+03,5.952560125032124461e+02
1060,1.161106687882647520e+03,5.947165585859052044e+02
1061,1.160261019153880170e+03,5.941789599828664450e+02
1062,1.159416877663162268e+03,5.936432091979518191e+02
1063,1.158574256788710500e+03,5.931092987633578559e+02
1064,1.157733149944087927e+03,5.925772212395452243e+02
1065,1.156893550679575128e+03,5.920422846900980858e+02
1066,1.156055483226577962e+03,5.914888904770850786e+02
1067,1.155218919912777210e+03,5.910363879958300686e+02
1068,1.154383612623091267e+03,5.906043286838412314e+02
1069,1.153549525594152783e+03,5.901733567714643414e+02
1070,1.152716654866528870e+03,5.897434691027436884e+02
1071,1.151884996496398344e+03,5.893146625307384738e+02
1072,1.151054546555487377e+03,5.888869339175001869e+02
1073,1.150225301130997650e+03,5.884602801340569158e+02
1074,1.149397256325541093e+03,5.880346980603874272e+02
1075,1.148570408257072131e+03,5.876101845854061594e+02
1076,1.147744753058820379e+03,5.871867366069400305e+02
1077,1.146920286879225159e+03,5.867643510317091113e+02
1078,1.146097005881866608e+03,5.863430247753072990e+02
1079,1.145274906245402690e+03,5.859227547621802614e+02
1080,1.144453984163501445e+03,5.855035379256081569e+02
1081,1.143634235844775958e+03,5.850853712076824422e+02
1082,1.142815657512720918e+03,5.846682515592887057e+02
1083,1.141998245405642592e+03,5.842521759400837027e+02
1084,1.141181995776602207e+03,5.838371413184789844e+02
1085,1.140366904109675716e+03,5.834262922065995554e+02
1086,1.139552931961108470e+03,5.830581411142678689e+02
1087,1.138739978122869616e+03,5.826971518948776065e+02
1088,1.137928032667706930e+03,5.823289068623266758e+02
1089,1.137117123235950430e+03,5.819509400381189153e+02
1090,1.136307265727304411e+03,5.815737847515406429e+02
1091,1.135498457202683767e+03,5.811974391993675226e+02
1092,1.134690694732400289e+03,5.808219015821571247e+02
1093,1.133883975396132200e+03,5.804471701042418772e+02
1094,1.133078296282890278e+03,5.800732429737240636e+02
1095,1.132273654490985564e+03,5.797001184024674103e+02
1096,1.131470055675849608e+03,5.793075612740079805e+02
1097,1.130667559950604982e+03,5.789013734005563947e+02
1098,1.129866188777220259e+03,5.784960638690293990e+02
1099,1.129065938938018007e+03,5.780916308064267923e+02
1100,1.128266807225602406e+03,5.776880723433511093e+02
1101,1.127468790442821955e+03,5.772853866140000036e+02
1102,1.126671885402735597e+03,5.768835717561627234e+02
1103,1.125876088906545874e+03,5.764832291870108065e+02
1104,1.125081388314589049e+03,5.760945442465736051e+02
1105,1.124287758576011129e+03,5.757067230063275929e+02
1106,1.123495196591665717e+03,5.753197635862287598e+02
1107,1.122703699272382210e+03,5.749336641098868768e+02
1108,1.121913263538927140e+03,5.745484227045574244e+02
1109,1.121123888441200734e+03,5.741536056920492683e+02
1110,1.120335619550070305e+03,5.737347872115547034e+02
1111,1.119548499896414796e+03,5.733167906548355859e+02
1112,1.118762526389028608e+03,5.728996143381363026e+02
1113,1.117977695946242875e+03,5.724832565811059339e+02
1114,1.117194005495895453e+03,5.720677157067915459e+02
1115,1.116411451975295904e+03,5.716529900416297778e+02
1116,1.115630032331196162e+03,5.712390779154428628e+02
1117,1.114849743519755748e+03,5.708259776614313523e+02
1118,1.114070582506511755e+03,5.704136876161662713e+02
1119,1.113292546266346562e+03,5.700022061195849119e+02
1120,1.112515631783455547e+03,5.695915315149835578e+02
1121,1.111739836051315933e+03,5.691816621490096395e+02
1122,1.110965156072654054e+03,5.687725963716582100e+02
1123,1.110191588859418289e+03,5.683643325362637597e+02
1124,1.109419131432741779e+03,5.679568689994936221e+02
1125,1.108647780822915365e+03,5.675502041213428583e+02
1126,1.107877534069355761e+03,5.671443362651268671e+02
1127,1.107108388220573488e+03,5.667392637974760419e+02
1128,1.106340340334143775e+03,5.663349850883281533e+02
1129,1.105573360107267035e+03,5.659827046649360227e+02
1130,1.104807316895904023e+03,5.656447255209673131e+02
1131,1.104042188068035330e+03,5.653072965696632082e+02
1132,1.103277971590429843e+03,5.649704169139090482e+02
1133,1.102514665434940980e+03,5.646340856579965930e+02
1134,1.101752267961063808e+03,5.642943169515943964e+02
1135,1.100990806047622527e+03,5.639310725716571824e+02
1136,1.100230323901764450e+03,5.635684250854586708e+02
1137,1.099470819284281333e+03,5.632063735763258592e+02
1138,1.098712289961537863e+03,5.628449171287804802e+02
1139,1.097954733705457784e+03,5.624840548285387740e+02
1140,1.097198148293508666e+03,5.621237857625094421e+02
1141,1.096442527530188727e+03,5.617710959706283802e+02
1142,1.095687852850192940e+03,5.614202488943519711e+02
1143,1.094934120280349362e+03,5.610699793102841113e+02
1144,1.094181327682955043e+03,5.607202863135731832e+02
1145,1.093429472925633718e+03,5.603711690006192612e+02
1146,1.092678550802849941e+03,5.600344288450953627e+02
1147,1.091928513444292548e+03,5.597167345356150463e+02
1148,1.091179326602881929e+03,5.593995168911213796e+02
1149,1.090430988521050722e+03,5.590827752624309142e+02
1150,1.089683497445135117e+03,5.587665090010709719e+02
1151,1.088936851625367353e+03,5.584507174592803267e+02
1152,1.088191049315864802e+03,5.581353999900060217e+02
1153,1.087446088774622922e+03,5.578205559469055288e+02
1154,1.086701968263504796e+03,5.575061846843444755e+02
1155,1.085958686048232721e+03,5.571922855573965307e+02
1156,1.085216240398378886e+03,5.568788579218421546e+02
1157,1.084474629587356958e+03,5.565659011341693940e+02
1158,1.083733851892412986e+03,5.562534145515716091e+02
1159,1.082993905594616308e+03,5.559413975319475867e+02
1160,1.082254785849324435e+03,5.556392570646438571e+02
1161,1.081516459709721175e+03,5.553469773785324151e+02
1162,1.080778909910700122e+03,5.550551674697876479e+02
1163,1.080042120144903720e+03,5.547993582410691715e+02
1164,1.079305985860611827e+03,5.545655957162862251e+02
1165,1.078570471626872177e+03,5.543321628127239364e+02
1166,1.077835576308675627e+03,5.540990590664356432e+02
1167,1.077101298773346343e+03,5.538662840140773369e+02
1168,1.076367637890537935e+03,5.536338371929087998e+02
1169,1.075634592532223451e+03,5.534017181407914450e+02
1170,1.074902162667436869e+03,5.531642315382960078e+02
1171,1.074170373014227835e+03,5.529130938651575207e+02
1172,1.073439252997568246e+03,5.526546342404695906e+02
1173,1.072708823483161950e+03,5.523778514814912342e+02
1174,1.071979143921740160e+03,5.520801394679505165e+02
1175,1.071250250589183906e+03,5.517829682529222737e+02
1176,1.070522141461621231e+03,5.514863730860984106e+02
1177,1.069794814598095627e+03,5.511903527967273249e+02
1178,1.069068268063188043e+03,5.508949062163376311e+02
1179,1.068342499926995060e+03,5.506000321787348639e+02
1180,1.067617508265115248e+03,5.503057295199973851e+02
1181,1.066893291623668574e+03,5.500094101674874310e+02
1182,1.066169860189419524e+03,5.497067917512734994e+02
1183,1.065447224320756504e+03,5.494047775915404372e+02
1184,1.064725381208019144e+03,5.491100441892674553e+02
1185,1.064004288352920867e+03,5.488465578904362019e+02
1186,1.063283887052944692e+03,5.485836560131324404e+02
1187,1.062564175443550766e+03,5.483213372278412407e+02
1188,1.061845151665885624e+03,5.480596002077478488e+02
1189,1.061126813866767407e+03,5.477984436287345034e+02
1190,1.060409160198663585e+03,5.475378661693750928e+02
1191,1.059692188819675039e+03,5.472778665109328813e+02
1192,1.058975897893515821e+03,5.470184433373563024e+02
1193,1.058260285589497244e+03,5.467595953352755487e+02
1194,1.057545350082506047e+03,5.465013211939965458e+02
1195,1.056831089552990079e+03,5.462436196055004984e+02
1196,1.056117500888962013e+03,5.459785130803468292e+02
1197,1.055404643939924426e+03,5.456634000480106579e+02
1198,1.054692609337854037e+03,5.453488830593795456e+02
1199,1.053981395054011500e+03,5.450349609798894335e+02
1200,1.053270999065303386e+03,5.447216326770163732e+02
1201,1.052561419354262171e+03,5.444088970202709561e+02
1202,1.051852653909031233e+03,5.440967528811974034e+02
1203,1.051144700723347569e+03,5.437851991333692467e+02
1204,1.050437557796524743e+03,5.434742346523852348e+02
1205,1.049731223133434014e+03,5.431638583158662641e+02
1206,1.049025694744491602e+03,5.428540690034539011e+02
1207,1.048320970645636862e+03,5.425448655968040157e+02
1208,1.047617051952858901e+03,5.422213072213459100e+02
1209,1.046913999580709060e+03,5.418665148046685545e+02
1210,1.046211866687454403e+03,5.415123842768830400e+02
1211,1.045510650957779490e+03,5.411589143888123772e+02
1212,1.044810350082961804e+03,5.408061038936052682e+02
1213,1.044110961760851751e+03,5.404539515467300816e+02
1214,1.043412483695849232e+03,5.401024561059713278e+02
1215,1.042714913598888415e+03,5.397516163314262485e+02
1216,1.042018249187411811e+03,5.394014309854979956e+02
1217,1.041322488185352540e+03,5.390518988328930163e+02
1218,1.040627628323114777e+03,5.387030186406173016e+02
1219,1.039933667337550332e+03,5.383547891779702468e+02
1220,1.039240602971942053e+03,5.380072092165410140e+02
1221,1.038548432975980177e+03,5.376602775302044392e+02
1222,1.037857155105745960e+03,5.373139928951168258e+02
1223,1.037166767123687805e+03,5.369683540897117382e+02
1224,1.036477266798604660e+03,5.366233598946946586e+02
1225,1.035788651905623055e+03,5.362790090930398037e+02
1226,1.035100920226180278e+03,5.359353004699855774e+02
1227,1.034414069548002317e+03,5.355922328130297956e+02
1228,1.033728097665085215e+03,5.352498049119265033e+02
1229,1.033043002377675748e+03,5.349080155586798355e+02
1230,1.032358790559926319e+03,5.345437114496613731e+02
1231,1.031675525242493450e+03,5.341654162716492920e+02
1232,1.030993226406776785e+03,5.337878054388629607e+02
1233,1.030311885832640883e+03,5.334251950152786321e+02
1234,1.029631461748695983e+03,5.330715022358026545e+02
1235,1.028951939453377463e+03,5.327184138882383877e+02
1236,1.028273316809194284e+03,5.323659288742258013e+02
1237,1.027595595048429459e+03,5.320013019105032299e+02
1238,1.026918817278959523e+03,5.316193500311227353e+02
1239,1.026243010656612114e+03,5.312381333344933410e+02
1240,1.025568172616954598e+03,5.308576502457671040e+02
1241,1.024894300603568809e+03,5.304778991936647117e+02
1242,1.024221392068024215e+03,5.300988786104671817e+02
1243,1.023549444469848822e+03,5.297205869320074498e+02
1244,1.022878455276501313e+03,5.293430225976627526e+02
1245,1.022208421963342630e+03,5.289661840503478061e+02
1246,1.021539342013609598e+03,5.285900697365052565e+02
1247,1.020871212918385822e+03,5.282146781060994272e+02
1248,1.020204032176575197e+03,5.278400076126069962e+02
1249,1.019537797294872576e+03,5.274660567130101754e+02
1250,1.018872505787739328e+03,5.270928238677892068e+02
1251,1.018208155177372760e+03,5.267203075409120174e+02
1252,1.017544742993681552e+03,5.263485061998312631e+02
1253,1.016882269373534314e+03,5.259659850864068176e+02
1254,1.016220775309730357e+03,5.255640393926834122e+02
1255,1.015560291525015145e+03,5.251629867156608498e+02
1256,1.014900815005520258e+03,5.247628247433506203e+02
1257,1.014242342748310534e+03,5.243635511701145333e+02
1258,1.013584871761339741e+03,5.239651636966511887e+02
1259,1.012928398501358060e+03,5.235729489249478092e+02
1260,1.012272888362331287e+03,5.232074900013845991e+02
1261,1.011618292644101189e+03,5.228428684711140022e+02
1262,1.010964608615531802e+03,5.224790821409806085e+02
1263,1.010311833555343355e+03,5.221161288238233738e+02
1264,1.009659964752069072e+03,5.217540063384582254e+02
1265,1.009008999504017083e+03,5.213927125096653299e+02
1266,1.008358935119228818e+03,5.210322451681722669e+02
1267,1.007709764274213740e+03,5.206825306812238523e+02
1268,1.007061460553940833e+03,5.203370119301888508e+02
1269,1.006414018076473099e+03,5.199853727382377429e+02
1270,1.005767461390979747e+03,5.196208324003349617e+02
1271,1.005121810586772767e+03,5.192571098045018516e+02
1272,1.004477062998967426e+03,5.188942029248074732e+02
1273,1.003833215971967093e+03,5.185321097404450938e+02
1274,1.003190266859428789e+03,5.181708282357203643e+02
1275,1.002548213024225333e+03,5.178103564000391543e+02
1276,1.001907051838411917e+03,5.174506922278959564e+02
1277,1.001266780683186312e+03,5.170918337188625173e+02
1278,1.000627396948856926e+03,5.167337788775745366e+02
1279,9.999888980348049472e+02,5.163765257137223443e+02
1280,9.993512813494502325e+02,5.160200722420372585e+02
1281,9.987145443102152740e+02,5.156644164822815810e+02
1282,9.980786843434896127e+02,5.153095564592340452e+02
1283,9.974436988845970973e+02,5.149554902026821992e+02
1284,9.968095853777584807e+02,5.146022157474072856e+02
1285,9.961763412760582241e+02,5.142497311331754872e+02
1286,9.955439640414087989e+02,5.138980344047233757e+02
1287,9.949124511445188546e+02,5.135471236117491571e+02
1288,9.942818000648557017e+02,5.131969968088997121e+02
1289,9.936520082906129119e+02,5.128476520557587719e+02
1290,9.930230733186770067e+02,5.124990874168361188e+02
1291,9.923949926545916469e+02,5.121513009615565579e+02
1292,9.917677638125268231e+02,5.118042907642473551e+02
1293,9.911413843152420213e+02,5.114580549041270956e+02
1294,9.905158516940551863e+02,5.111125914652953384e+02
1295,9.898911685521522941e+02,5.107479172761238715e+02
1296,9.892674012672537174e+02,5.103546963673961727e+02
1297,9.886445936537812713e+02,5.099624761021749464e+02
1298,9.880227425338025569e+02,5.095712536719494778e+02
1299,9.874018442660247956e+02,5.091842128499637852e+02
1300,9.867818809780925449e+02,5.088079541845282279e+02
1301,9.861628331952858844e+02,5.084326187443945173e+02
1302,9.855446979973979751e+02,5.080582040242185826e+02
1303,9.849274724752735892e+02,5.076847075253701291e+02
1304,9.843111537307626122e+02,5.073121267559166085e+02
1305,9.836957388766739996e+02,5.069404592306082691e+02
1306,9.830812250367278011e+02,5.065697024708632057e+02
1307,9.824676093455138925e+02,5.061998540047525807e+02
1308,9.818548889484414985e+02,5.058309113669840826e+02
1309,9.812430528863673089e+02,5.054913580105423421e+02
1310,9.806320091372977004e+02,5.051846803958458736e+02
1311,9.800217061763878519e+02,5.048788799081215757e+02
1312,9.794121414376555776e+02,5.045739538242526692e+02
1313,9.788033123655301324e+02,5.042698994289636403e+02
1314,9.781952121367316977e+02,5.039760533032192598e+02
1315,9.775878168580430838e+02,5.036860059179147129e+02
1316,9.769811201126940432e+02,5.033967883171848143e+02
1317,9.763751097602813616e+02,5.031256410441840217e+02
1318,9.757697503737334728e+02,5.028563754093068496e+02
1319,9.751650384239295590e+02,5.025878341982117945e+02
1320,9.745609718241864812e+02,5.023200151830993150e+02
1321,9.739575484959570986e+02,5.020529161427653548e+02
1322,9.733547663687972999e+02,5.017865348625907131e+02
1323,9.727526233803311015e+02,5.015208691345241618e+02
1324,9.721511174762151768e+02,5.012559167570670979e+02
1325,9.715502466101066830e+02,5.009916755352608675e+02
1326,9.709500087436269951e+02,5.007281432806693715e+02
1327,9.703504018463290777e+02,5.004653178113662761e+02
1328,9.697514238956624695e+02,5.002031969519190397e+02
1329,9.691530728769415646e+02,4.999417785333736788e+02
1330,9.685553467833099148e+02,4.996810603932414097e+02
1331,9.679582436157085112e+02,4.994210403754835852e+02
1332,9.673617613828415642e+02,4.991617163304949258e+02
1333,9.667658981011441028e+02,4.989030861150910710e+02
1334,9.661706517947482098e+02,4.986451475924922079e+02
1335,9.655760204954513028e+02,4.983878986323094296e+02
1336,9.649820022426832793e+02,4.981313371105293868e+02
1337,9.643885950834725236e+02,4.978754609094989974e+02
1338,9.637957970724163488e+02,4.976202679179112920e+02
1339,9.632036062716458673e+02,4.973657560307912604e+02
1340,9.626120207507964324e+02,4.971119231494795372e+02
1341,9.620210339422026209e+02,4.968733453464291188e+02
1342,9.614306100072903973e+02,4.966346179324280001e+02
1343,9.608407537435112999e+02,4.963959046213524289e+02
1344,9.602514640275305737e+02,4.961579098848658873e+02
1345,9.596627388830841028e+02,4.959206313243514614e+02
1346,9.590745859409985314e+02,4.956648513913593206e+02
1347,9.584870430955510301e+02,4.954062635995582013e+02
1348,9.579001127245351199e+02,4.951484963982084082e+02
1349,9.573137925665832881e+02,4.948915469975615338e+02
1350,9.567280601859215494e+02,4.946697226044648232e+02
1351,9.561428521332028367e+02,4.944488537543968505e+02
1352,9.555581661784891594e+02,4.942287143788561252e+02
1353,9.549740003656593217e+02,4.940093019237441467e+02
1354,9.543903527469238952e+02,4.937906138429776775e+02
1355,9.538072116290600206e+02,4.935899013057481852e+02
1356,9.532245432492654800e+02,4.933905834906972245e+02
1357,9.526423450510218345e+02,4.931918560558994500e+02
1358,9.520606240183573163e+02,4.929770149880596932e+02
1359,9.514794121431726808e+02,4.927602890823782786e+02
1360,9.508987108709327458e+02,4.925441965770698971e+02
1361,9.503185184861192738e+02,4.923287353428852953e+02
1362,9.497388332801829165e+02,4.921139032575219971e+02
1363,9.491596535515175219e+02,4.918996982056074216e+02
1364,9.485809776054273925e+02,4.916861180786820569e+02
1365,9.480028037540955665e+02,4.914731607751796787e+02
1366,9.474251303165549416e+02,4.912608242004100703e+02
1367,9.468479556186583750e+02,4.910491062665425943e+02
1368,9.462712779930471925e+02,4.908380048925866390e+02
1369,9.456950957791212886e+02,4.906275180043741670e+02
1370,9.451194073230108188e+02,4.904176435345426626e+02
1371,9.445442109775447079e+02,4.902083794225167708e+02
1372,9.439695051022221151e+02,4.899997236144902786e+02
1373,9.433952880631824200e+02,4.897916740634091752e+02
1374,9.428215582331762334e+02,4.895842287289527235e+02
1375,9.422483139915362926e+02,4.893773855775167476e+02
1376,9.416755537241477896e+02,4.891711425821954435e+02
1377,9.411032758234206312e+02,4.889654977227642121e+02
1378,9.405314786882597673e+02,4.887604489856607302e+02
1379,9.399601607240364274e+02,4.885559943639684661e+02
1380,9.393893203425600404e+02,4.883521318573986605e+02
1381,9.388189559620502678e+02,4.881488594722725338e+02
1382,9.382490660071069897e+02,4.879461752215036654e+02
1383,9.376796489086849533e+02,4.877440771245801443e+02
1384,9.371107031040634183e+02,4.875425632075477438e+02
1385,9.365422270368190993e+02,4.873416315029917882e+02
1386,9.359742191567985401e+02,4.871412800500191338e+02
1387,9.354066779200904875e+02,4.869415068942413427e+02
1388,9.348396017889987206e+02,4.867423100877572892e+02
1389,9.342729892320132876e+02,4.865436876891346287e+02
1390,9.337068387237850402e+02,4.863456377633929719e+02
1391,9.331411487450983486e+02,4.861481583819866614e+02
1392,9.325759177828424527e+02,4.859512476227862976e+02
1393,9.320111443299857683e+02,4.857549035700632203e+02
1394,9.314468268855495126e+02,4.855591243144685905e+02
1395,9.308829639545809869e+02,4.853639079530204299e+02
1396,9.303195540481268608e+02,4.851692525890825323e+02
1397,9.297565908691274217e+02,4.849862050512838323e+02
1398,9.291940484020072972e+02,4.848073822215455380e+02
1399,9.286319204087142225e+02,4.846291217058935104e+02
1400,9.280702054340295035e+02,4.844514215066247971e+02
1401,9.275089020287956600e+02,4.842742796328560075e+02
1402,9.269480074700567229e+02,4.841039225996696587e+02
1403,9.263874983118445243e+02,4.839453722433445364e+02
1404,9.258273560503802173e+02,4.837872041089412392e+02
1405,9.252675796814947944e+02,4.836294172653085184e+02
1406,9.247081650016294816e+02,4.834781623229141587e+02
1407,9.241490992408383818e+02,4.833279635654940307e+02
1408,9.235903806010072685e+02,4.831781350308557990e+02
1409,9.230320081191308645e+02,4.830286757967048743e+02
1410,9.224739808351281454e+02,4.828795849427178268e+02
1411,9.219162977918341539e+02,4.827308615505440343e+02
1412,9.213589580349904509e+02,4.825825047037993158e+02
1413,9.208019606132381796e+02,4.824345134880677506e+02
1414,9.202453045781048786e+02,4.822868869908955389e+02
1415,9.196889889839994794e+02,4.821396243017905476e+02
1416,9.191330128882010513e+02,4.819927245122192403e+02
1417,9.185773753508501613e+02,4.818461867156043468e+02
1418,9.180220754349395520e+02,4.817000100073216800e+02
1419,9.174671122063085704e+02,4.815541934846996242e+02
1420,9.169124847336278208e+02,4.814087362470137350e+02
1421,9.163581920883960947e+02,4.812636373954866258e+02
1422,9.158042333449294574e+02,4.811188960332847842e+02
1423,9.152506075803515841e+02,4.809745112655153321e+02
1424,9.146973138745869392e+02,4.808304821992247184e+02
1425,9.141443513103491796e+02,4.806868079433948537e+02
1426,9.135917171940769776e+02,4.805507736132879018e+02
1427,9.130393866796325710e+02,4.804282600155727891e+02
1428,9.124873344099123642e+02,4.803098140255295334e+02
1429,9.119355541955045510e+02,4.801916057614849365e+02
1430,9.113840454235418065e+02,4.800736347320251411e+02
1431,9.108328074826850980e+02,4.799559004466548231e+02
1432,9.102818421906622461e+02,4.798334658259408343e+02
1433,9.097311587176518515e+02,4.797104545765456578e+02
1434,9.091807574294616643e+02,4.795876979347755764e+02
1435,9.086306376699391194e+02,4.794651953651601843e+02
1436,9.080807987846076230e+02,4.793429463332253135e+02
1437,9.075312401206616642e+02,4.792209503054909305e+02
1438,9.069819610269622672e+02,4.790992067494707385e+02
1439,9.064329608540336949e+02,4.789777151336706424e+02
1440,9.058842389540570821e+02,4.788564749275877830e+02
1441,9.053357946808677070e+02,4.787354856017090583e+02
1442,9.047876273899508988e+02,4.786147466275100442e+02
1443,9.042397364384347611e+02,4.784942574774535728e+02
1444,9.036921211850893769e+02,4.783740176249892215e+02
1445,9.031447809903201005e+02,4.782540265445508112e+02
1446,9.025977206803879653e+02,4.781190564423025080e+02
1447,9.020509773773662801e+02,4.779753518629342466e+02
1448,9.015045625081363596e+02,4.778320011699677821e+02
1449,9.009584751655974060e+02,4.776890034709504675e+02
1450,9.004127058186659269e+02,4.775677145408686783e+02
1451,8.998672047955260496e+02,4.774555756702853841e+02
1452,8.993219585229054474e+02,4.773492316125089587e+02
1453,8.987769483450661028e+02,4.772514286003764710e+02
1454,8.982321613706070593e+02,4.771538304788011828e+02
1455,8.976875970863741259e+02,4.770564367961680432e+02
1456,8.971432549805304006e+02,4.769592471017718367e+02
1457,8.965991345425519512e+02,4.768622609458145121e+02
1458,8.960552352632247448e+02,4.767654778794047274e+02
1459,8.955115566346410105e+02,4.766688974545564861e+02
1460,8.949680981501959423e+02,4.765725192241877721e+02
1461,8.944248593045840607e+02,4.764763427421189022e+02
1462,8.938818395937958030e+02,4.763803675630713883e+02
1463,8.933390385151142254e+02,4.762845932426670856e+02
1464,8.927964555671113658e+02,4.761890193374260889e+02
1465,8.922540902496443778e+02,4.760936454047659936e+02
1466,8.917119420638526890e+02,4.759984710030002475e+02
1467,8.911700105121552724e+02,4.759034956913369570e+02
1468,8.906282950982451894e+02,4.758087190298776363e+02
1469,8.900867953270885664e+02,4.757141405796160711e+02
1470,8.895455107049184562e+02,4.756197599024362717e+02
1471,8.890044407392347239e+02,4.755255765611119045e+02
1472,8.884635849387987037e+02,4.754315901193047580e+02
1473,8.879229428136284241e+02,4.753378001415633207e+02
1474,8.873825142385999243e+02,4.752401396928786426e+02
1475,8.868423219348659359e+02,4.751209125606674206e+02
1476,8.863024005039931126e+02,4.750019571881140337e+02
1477,8.857627492608805824e+02,4.748832729391880321e+02
1478,8.852233675223342289e+02,4.747648591791844979e+02
1479,8.846842546070632807e+02,4.746467152747217142e+02
1480,8.841454098356731492e+02,4.745288405937396874e+02
1481,8.836068325306598581e+02,4.744112345054987259e+02
1482,8.830685220164060638e+02,4.742938963805765979e+02
1483,8.825304776191740075e+02,4.741768255908673382e+02
1484,8.819926986671010809e+02,4.740600215095796557e+02
1485,8.814551844901933464e+02,4.739434835112342626e+02
1486,8.809179344203222399e+02,4.738272109716628506e+02
1487,8.803809477912162720e+02,4.737112032680059883e+02
1488,8.798442239384580716e+02,4.735954597787107900e+02
1489,8.793077621994782476e+02,4.734799798835298361e+02
1490,8.787715619135498173e+02,4.733647629635187286e+02
1491,8.782356224217826366e+02,4.732498084010346702e+02
1492,8.776999430671193068e+02,4.731351155797341335e+02
1493,8.771645231943281260e+02,4.730206838845717812e+02
1494,8.766293621500001336e+02,4.729065127017976238e+02
1495,8.760944592825409245e+02,4.727926014189557691e+02
1496,8.755598139421683754e+02,4.726789494248827168e+02
1497,8.750254254809049144e+02,4.725655561097049713e+02
1498,8.744912932525746783e+02,4.724524208648378476e+02
1499,8.739574166127958961e+02,4.723395430829822317e+02
1500,8.734237949189775918e+02,4.722269221581250918e+02
1501,8.728904275303133318e+02,4.721145574855352720e+02
1502,8.723573207308253359e+02,4.719793592488046556e+02
1503,8.718245367639565302e+02,4.718239457533556447e+02
1504,8.712921034699464826e+02,4.716688311980374806e+02
1505,8.707600200592297597e+02,4.715140148854318340e+02
1506,8.702282861860069261e+02,4.713563488984415244e+02
1507,8.696969144043345068e+02,4.711895010375077391e+02
1508,8.691659185707402457e+02,4.710230117227264941e+02
1509,8.686352977448086676e+02,4.708568800330064619e+02
1510,8.681050509890513922e+02,4.706911050495514246e+02
1511,8.675751773689013362e+02,4.705256858558569206e+02
1512,8.670456931355337247e+02,4.703221143258771804e+02
1513,8.665166769482285645e+02,4.701088355619865524e+02
1514,8.659881403092507526e+02,4.698958897388398555e+02
1515,8.654600822531386939e+02,4.696832761855528702e+02
1516,8.649325018169554369e+02,4.694709942328139505e+02
1517,8.644053980402775323e+02,4.692590432128772022e+02
1518,8.638787699652741594e+02,4.690473419114962326e+02
1519,8.633526411865049113e+02,4.687926154130983036e+02
1520,8.628270835644905219e+02,4.685382764393818320e+02
1521,8.623020959208380418e+02,4.682843243853243393e+02
1522,8.617776752280660730e+02,4.680368032202579229e+02
1523,8.612538025184519483e+02,4.677978435352270026e+02
1524,8.607304644886039569e+02,4.675592166068086044e+02
1525,8.602076601215268283e+02,4.673209220023650232e+02
1526,8.596853884023319097e+02,4.670829592897891303e+02
1527,8.591636483182303436e+02,4.668453280375028385e+02
1528,8.586424388585317047e+02,4.666080278144588078e+02
1529,8.581217590146344492e+02,4.663710581901367505e+02
1530,8.576016077800262565e+02,4.661344187345439991e+02
1531,8.570819841502752752e+02,4.658981090182149387e+02
1532,8.565628871230279628e+02,4.656621286122091874e+02
1533,8.560443156980028334e+02,4.654264770881129039e+02
1534,8.555262688769871602e+02,4.651911540180349789e+02
1535,8.550087456638319736e+02,4.649561589746090249e+02
1536,8.544917450644461496e+02,4.647214915309905905e+02
1537,8.539752660867936811e+02,4.644871512608580133e+02
1538,8.534593077408874251e+02,4.642531377384104871e+02
1539,8.529438690387860333e+02,4.640194505383682326e+02
1540,8.524289489945878131e+02,4.637860892359701666e+02
1541,8.519145466244272029e+02,4.635530534069747546e+02
1542,8.514006609464697704e+02,4.633203426276587606e+02
1543,8.508872909809078919e+02,4.630879564748165080e+02
1544,8.503744357499565467e+02,4.628558945257580604e+02
1545,8.498620942778468361e+02,4.626241563583105290e+02
1546,8.493502687957584385e+02,4.623859872437848253e+02
1547,8.488389712105831677e+02,4.621470347884338707e+02
1548,8.483282018258731796e+02,4.619084248859591639e+02
1549,8.478179596120323822e+02,4.616701570527961280e+02
1550,8.473082435417023817e+02,4.614322308060801561e+02
1551,8.467990525897615726e+02,4.611946456636493394e+02
1552,8.462903857333155884e+02,4.609574011440389540e+02
1553,8.457822419516935497e+02,4.607204967664834498e+02
1554,8.452746202264440853e+02,4.604839320509129834e+02
1555,8.447675195413282836e+02,4.602477065179536453e+02
1556,8.442609388823134395e+02,4.600118196889263800e+02
1557,8.437548772375704402e+02,4.597762710858432342e+02
1558,8.432493335974658066e+02,4.595410602314099719e+02
1559,8.427443069545581693e+02,4.593061866490216403e+02
1560,8.422397963035924704e+02,4.590716498627631381e+02
1561,8.417357933612299803e+02,4.588522707849130029e+02
1562,8.412322808125171605e+02,4.586074806609507277e+02
1563,8.407293156438687447e+02,4.583519707456615606e+02
1564,8.402269106228986857e+02,4.580968643435793979e+02
1565,8.397250645535910962e+02,4.578421609164559527e+02
1566,8.392237762425842220e+02,4.575878599265250841e+02
1567,8.387230444991661216e+02,4.573339608365040476e+02
1568,8.382228681352665944e+02,4.570804631095913351e+02
1569,8.377232459654536569e+02,4.568273662094686074e+02
1570,8.372241768069249019e+02,4.565746696002980229e+02
1571,8.367256594795042020e+02,4.563223727467233743e+02
1572,8.362276928056337510e+02,4.560704751138707707e+02
1573,8.357302756103690626e+02,4.558189761673465341e+02
1574,8.352334067213726030e+02,4.555678753732375412e+02
1575,8.347370849689084480e+02,4.553171721981117912e+02
1576,8.342413091858361440e+02,4.550668661090174965e+02
1577,8.337460782076042278e+02,4.548169565734824005e+02
1578,8.332513908722459064e+02,4.545674430595150284e+02
1579,8.327572460203713263e+02,4.543183250356029248e+02
1580,8.322636424951633671e+02,4.540696019707136202e+02
1581,8.317705791423705932e+02,4.538212733342929255e+02
1582,8.312780548103017964e+02,4.535733385962666375e+02
1583,8.307860683498208800e+02,4.533257972270384357e+02
1584,8.302946186143410614e+02,4.530786486974913032e+02
1585,8.298037044598164584e+02,4.528318924789858784e+02
1586,8.293133247447415215e+02,4.525855280433613075e+02
1587,8.288234783301402331e+02,4.523395548629349037e+02
1588,8.283341769207859215e+02,4.520691465838198724e+02
1589,8.278454614107965881e+02,4.517980186291147788e+02
1590,8.273573317981563378e+02,4.515273123623512674e+02
1591,8.268697868209737862e+02,4.512570272121077437e+02
1592,8.263828252202291651e+02,4.509871626075792506e+02
1593,8.258964457397649994e+02,4.507177179785732619e+02
1594,8.254106480446097294e+02,4.504430622695375632e+02
1595,8.249254511965684742e+02,4.501558665524977982e+02
1596,8.244408727128338796e+02,4.498691267176590713e+02
1597,8.239569112184749429e+02,4.495828420626855291e+02
1598,8.234735653419469372e+02,4.492970118863531184e+02
1599,8.229908337150792477e+02,4.490116354885430496e+02
1600,8.225087149730676401e+02,4.487267121702428199e+02
1601,8.220272077544651665e+02,4.484422412335418926e+02
1602,8.215463107011727288e+02,4.481582219816307315e+02
1603,8.210660224584291882e+02,4.478746537187975605e+02
1604,8.205863416748042027e+02,4.475915357504259191e+02
1605,8.201072616450860551e+02,4.473191809477792731e+02
1606,8.196287640008323478e+02,4.470475497918203587e+02
1607,8.191508471843059169e+02,4.467763153258712236e+02
1608,8.186735099952655901e+02,4.465054770430700160e+02
1609,8.181967512049502602e+02,4.462352798017797681e+02
1610,8.177205686067296710e+02,4.459662617295753080e+02
1611,8.172449598595841280e+02,4.456976311481939206e+02
1612,8.167699237916641550e+02,4.454293875791117330e+02
1613,8.162954592336337782e+02,4.451615305442441013e+02
1614,8.158215650186625680e+02,4.448940595659464066e+02
1615,8.153482399824226832e+02,4.446269741670132589e+02
1616,8.148754829630810264e+02,4.443602738706784407e+02
1617,8.144032928012943557e+02,4.440939582006135993e+02
1618,8.139316683402059880e+02,4.438280266809293835e+02
1619,8.134606084254364760e+02,4.435624788361727724e+02
1620,8.129901119050813350e+02,4.432973141913290078e+02
1621,8.125201776297045626e+02,4.430325322718197754e+02
1622,8.120508044523321587e+02,4.427681326035032043e+02
1623,8.115819884954329382e+02,4.425107255820076375e+02
1624,8.111137156152793750e+02,4.422555394443159571e+02
1625,8.106459825536916242e+02,4.420007101513299403e+02
1626,8.101787882450868210e+02,4.417462372836612872e+02
1627,8.097121316260725052e+02,4.414921204222625875e+02
1628,8.092460116354420734e+02,4.412383591484253316e+02
1629,8.087804272141695492e+02,4.409849530437813314e+02
1630,8.083153773054061730e+02,4.407319016903012994e+02
1631,8.078508608544750587e+02,4.404792046702946777e+02
1632,8.073868768088666457e+02,4.402268615664100935e+02
1633,8.069234241182343794e+02,4.399748719616346193e+02
1634,8.064605017343901636e+02,4.397232354392932621e+02
1635,8.059981086113002675e+02,4.394719515830503269e+02
1636,8.055362437050798690e+02,4.392210199769066321e+02
1637,8.050749059739886206e+02,4.389704402052010437e+02
1638,8.046140943784284900e+02,4.387202118526105323e+02
1639,8.041538089179077815e+02,4.384605008012367762e+02
1640,8.036940927491865523e+02,4.381620908077815670e+02
1641,8.032350019884472658e+02,4.378641351807372075e+02
1642,8.027765352586612835e+02,4.375666333046476097e+02
1643,8.023186911860289001e+02,4.372695845648279942e+02
1644,8.018614683999726367e+02,4.369729883473655150e+02
1645,8.014048655331267810e+02,4.366768440391156787e+02
1646,8.009488812213324991e+02,4.363811510277025718e+02
1647,8.004935141036273762e+02,4.360859087015173827e+02
1648,8.000387628222387093e+02,4.357911164497154459e+02
1649,7.995846260225749802e+02,4.354967736622162988e+02
1650,7.991311023532176705e+02,4.352028797297025449e+02
1651,7.986781904659140991e+02,4.349094340436157609e+02
1652,7.982258890155691233e+02,4.346164359961592822e+02
1653,7.977741903318236609e+02,4.343468031460965904e+02
1654,7.973230357337378109e+02,4.340977753973414224e+02
1655,7.968723982113433522e+02,4.338490919285574137e+02
1656,7.964222767538745984e+02,4.336007523414817797e+02
1657,7.959726703526201845e+02,4.333527562381655684e+02
1658,7.955235811494351310e+02,4.330842792585656866e+02
1659,7.950750819291631615e+02,4.327656512249039906e+02
1660,7.946272422852071031e+02,4.324474877265458872e+02
1661,7.941800607716122613e+02,4.321297881823696230e+02
1662,7.937335359457465529e+02,4.318125520119045291e+02
1663,7.932876663682885692e+02,4.314957786353286906e+02
1664,7.928424505745853139e+02,4.311803938669655167e+02
1665,7.923978773088201706e+02,4.308799985237822625e+02
1666,7.919539231601108895e+02,4.305800433386264672e+02
1667,7.915105867908151822e+02,4.302805277183571775e+02
1668,7.910678668664032784e+02,4.299814510706412420e+02
1669,7.906257798256673368e+02,4.296474377952087593e+02
1670,7.901843800727543794e+02,4.293131165800301687e+02
1671,7.897436668370702364e+02,4.289793429291448206e+02
1672,7.893036384612058782e+02,4.286461159920066848e+02
1673,7.888642796762163698e+02,4.283436105605794637e+02
1674,7.884255367165874304e+02,4.280456637264232995e+02
1675,7.879874037949205103e+02,4.277481401230789970e+02
1676,7.875498796211285253e+02,4.274510392225714099e+02
1677,7.871129629080090808e+02,4.271543604975468611e+02
1678,7.866766523712385606e+02,4.268581034212710392e+02
1679,7.862409467293653051e+02,4.265622674676274642e+02
1680,7.858058447038018812e+02,4.262668521111176574e+02
1681,7.853713450188191700e+02,4.259718568268582999e+02
1682,7.849374454749173537e+02,4.256829296487764509e+02
1683,7.845041262316386792e+02,4.254062929035997627e+02
1684,7.840713699032605746e+02,4.251300339450009460e+02
1685,7.836391753558995106e+02,4.248541522977598675e+02
1686,7.832075592750256874e+02,4.245310619747971828e+02
1687,7.827766124468279259e+02,4.242006463207889624e+02
1688,7.823463259850765326e+02,4.238850166093493499e+02
1689,7.819166794393837563e+02,4.235699403580702551e+02
1690,7.814876712127098699e+02,4.232554165969107771e+02
1691,7.810592997124788326e+02,4.229414443576806093e+02
1692,7.806315633505646474e+02,4.226280226740336730e+02
1693,7.802044605432757862e+02,4.223151505814661846e+02
1694,7.797779897113442757e+02,4.220028271173106873e+02
1695,7.793521492799089856e+02,4.216910513207330382e+02
1696,7.789269376785039185e+02,4.213798222327274061e+02
1697,7.785023533410424079e+02,4.210691388961119515e+02
1698,7.780783947058060903e+02,4.207590003555264389e+02
1699,7.776550602154293301e+02,4.204494056574260412e+02
1700,7.772323483168855773e+02,4.201403538500778154e+02
1701,7.768102574614759988e+02,4.198318439835572349e+02
1702,7.763887861048121977e+02,4.195238751097433010e+02
1703,7.759679327068072325e+02,4.192164462823148483e+02
1704,7.755476957316589051e+02,4.189095565567462245e+02
1705,7.751280736478375957e+02,4.186032049903033112e+02
1706,7.747090649280730759e+02,4.182973906420399999e+02
1707,7.742906695329292006e+02,4.179866164670180524e+02
1708,7.738729023554335527e+02,4.176639377839787244e+02
1709,7.734557810463275018e+02,4.173404570242877298e+02
1710,7.730393054597589071e+02,4.170175237783932403e+02
1711,7.726234740038578366e+02,4.166951371555376227e+02
1712,7.722082992181243526e+02,4.163427040655552105e+02
1713,7.717938285993934642e+02,4.159878533563176575e+02
1714,7.713800708693773913e+02,4.156157945089764780e+02
1715,7.709670790269162808e+02,4.151963319922689948e+02
1716,7.705549201174314931e+02,4.147778462944410194e+02
1717,7.701435913635316410e+02,4.143603348440540799e+02
1718,7.697330899987789508e+02,4.139437950773447596e+02
1719,7.693234132676370791e+02,4.135282244381992882e+02
1720,7.689145584254251844e+02,4.131136203781319409e+02
1721,7.685065227382659714e+02,4.126999803562595730e+02
1722,7.680993034830395345e+02,4.122873018392796212e+02
1723,7.676928979473336767e+02,4.118755823014477073e+02
1724,7.672873034293958199e+02,4.114648192245515474e+02
1725,7.668825172380858248e+02,4.110550100978909995e+02
1726,7.664785366928277881e+02,4.106461524182525409e+02
1727,7.660753591235626345e+02,4.102382436898878382e+02
1728,7.656729818707009372e+02,4.098312814244895321e+02
1729,7.652714022850764195e+02,4.094252631411700918e+02
1730,7.648706177278988889e+02,4.090201863664369739e+02
1731,7.644706152278431546e+02,4.086400339676137605e+02
1732,7.640713527272813508e+02,4.082639027416959152e+02
1733,7.636728246908123765e+02,4.078885212643433533e+02
1734,7.632750289802967245e+02,4.075138879916059409e+02
1735,7.628779634646383556e+02,4.071400013831504339e+02
1736,7.624816260197573001e+02,4.067668599022481999e+02
1737,7.620860145285651015e+02,4.063944620157667487e+02
1738,7.616911268809377589e+02,4.060228061941592728e+02
1739,7.612969609736903749e+02,4.056518909114539042e+02
1740,7.609035147105518035e+02,4.052817146452455290e+02
1741,7.605107860021381612e+02,4.049122758766836228e+02
1742,7.601187727659284974e+02,4.045435730904648040e+02
1743,7.597274729262379651e+02,4.041756047748203287e+02
1744,7.593368844141936052e+02,4.038083694215085870e+02
1745,7.589470051677092215e+02,4.034418655258039621e+02
1746,7.585578331314595744e+02,4.030760915864872800e+02
1747,7.581693662568553691e+02,4.027110461058366013e+02
1748,7.577816025020200641e+02,4.023467275896164210e+02
1749,7.573945398317626996e+02,4.019831345470691986e+02
1750,7.570081762175542508e+02,4.016202654909056378e+02
1751,7.566225096375042085e+02,4.012581189372926929e+02
1752,7.562375380763338626e+02,4.008966934058476568e+02
1753,7.558532595253539057e+02,4.005359874196261103e+02
1754,7.554696719824385127e+02,4.001759995051122019e+02
1755,7.550867734520029444e+02,3.998167281922102916e+02
1756,7.547045619449781952e+02,3.994581720142361974e+02
1757,7.543230354787870056e+02,3.991003295079045756e+02
1758,7.539421920773206693e+02,3.987431992133229528e+02
1759,7.535620297709143642e+02,3.983867796739792766e+02
1760,7.531825465963249826e+02,3.980310694367354358e+02
1761,7.528037405967053246e+02,3.976760670518157212e+02
1762,7.524256098215834072e+02,3.973217710727986969e+02
1763,7.520481523268356341e+02,3.969681800566066840e+02
1764,7.516713661746667867e+02,3.966152925634972917e+02
1765,7.512952494335842175e+02,3.962631071570548329e+02
1766,7.509198001783773861e+02,3.959116224041792975e+02
1767,7.505450164900913705e+02,3.955608368750786781e+02
1768,7.501708964560077675e+02,3.952107491432594202e+02
1769,7.497974381696186583e+02,3.948613577855157359e+02
1770,7.494246397306058043e+02,3.945126613819242607e+02
1771,7.490524992448172270e+02,3.941646585158293306e+02
1772,7.486810148242445848e+02,3.938173477738403108e+02
1773,7.483101845870017996e+02,3.934707277458169870e+02
1774,7.479400066572999322e+02,3.931247970248635397e+02
1775,7.475704791654287646e+02,3.927795542073183697e+02
1776,7.472016002477317898e+02,3.924349978927474467e+02
1777,7.468333680465841553e+02,3.920911266839303835e+02
1778,7.464657807103732239e+02,3.917479391868576499e+02
1779,7.460988363934725385e+02,3.914054340107165331e+02
1780,7.457325332562240874e+02,3.910636097678854526e+02
1781,7.453668694649136341e+02,3.907224650739232175e+02
1782,7.450018431917505950e+02,3.903819985475622616e+02
1783,7.446374526148457562e+02,3.900422088106967635e+02
1784,7.442736959181905831e+02,3.897030944883777579e+02
1785,7.439105575504069066e+02,3.894045726602301443e+02
1786,7.435479637281605392e+02,3.891206925921686661e+02
1787,7.431858982720945050e+02,3.888372571456119999e+02
1788,7.428243599703016571e+02,3.885542656750328092e+02
1789,7.424633476138828883e+02,3.882717175359192083e+02
1790,7.421028599969366724e+02,3.879896120847718066e+02
1791,7.417428959165523565e+02,3.877079486791018894e+02
1792,7.413834541728003842e+02,3.874267266774275527e+02
1793,7.410245335687259285e+02,3.871459454392735893e+02
1794,7.406661329103404796e+02,3.868656043251667143e+02
1795,7.403082395077037745e+02,3.866147409733458176e+02
1796,7.399508058163371516e+02,3.863691176712740116e+02
1797,7.395938201281454667e+02,3.861398707172181162e+02
1798,7.392372545521586744e+02,3.859149037040239705e+02
1799,7.388811042545585224e+02,3.856902288434368984e+02
1800,7.385253684545193664e+02,3.854658458142102404e+02
1801,7.381700463727485158e+02,3.852417542953849079e+02
1802,7.378151453144357674e+02,3.849992922009143399e+02
1803,7.374606918270145570e+02,3.847559877437236651e+02
1804,7.371066861036367754e+02,3.845130452345705976e+02
1805,7.367531271958204115e+02,3.842704641476922802e+02
1806,7.364000141573106930e+02,3.840282439581555991e+02
1807,7.360473460440742883e+02,3.837863841418581501e+02
1808,7.356951219142932814e+02,3.835448841755238050e+02
1809,7.353433408283592598e+02,3.833037435367022567e+02
1810,7.349920010935552455e+02,3.830668424560647054e+02
1811,7.346410919896727592e+02,3.828355532980759790e+02
1812,7.342906064074471715e+02,3.826046137625051529e+02
1813,7.339405434515406341e+02,3.823740232704725486e+02
1814,7.335909022288318511e+02,3.821437812442270001e+02
1815,7.332416818484097121e+02,3.819138871071427275e+02
1816,7.328928814215661305e+02,3.816843402837171766e+02
1817,7.325445000617909272e+02,3.814551401995677793e+02
1818,7.321965368847642139e+02,3.812262862814305322e+02
1819,7.318489910083507084e+02,3.809977779571563019e+02
1820,7.315018615525940504e+02,3.807696146557094607e+02
1821,7.311551476397094120e+02,3.805417958071642488e+02
1822,7.308088483940779270e+02,3.803143208427026138e+02
1823,7.304629629422406651e+02,3.800871891946127903e+02
1824,7.301174851239193231e+02,3.798836060888692714e+02
1825,7.297723614781291417e+02,3.797033611673822406e+02
1826,7.294275652066972953e+02,3.795233171230694893e+02
1827,7.290830957896872633e+02,3.793434737431890653e+02
1828,7.287389527080676999e+02,3.791638308152431591e+02
1829,7.283951353064073828e+02,3.789859520639691937e+02
1830,7.280516368467418715e+02,3.788147853121448634e+02
1831,7.277084485404894849e+02,3.786438163528999326e+02
1832,7.273655698894089028e+02,3.784730449523337938e+02
1833,7.270230003961693228e+02,3.783024708768657547e+02
1834,7.266807395643448899e+02,3.781320938932349804e+02
1835,7.263387867310696038e+02,3.779628328053743758e+02
1836,7.259971372330112445e+02,3.778034451597001180e+02
1837,7.256557697758794347e+02,3.776532101247481137e+02
1838,7.253146736822122875e+02,3.775032003985672873e+02
1839,7.249738484373756364e+02,3.773534156663337740e+02
1840,7.246332935277874867e+02,3.772038556136131433e+02
1841,7.242930084409173332e+02,3.770545199263583527e+02
1842,7.239529926652824088e+02,3.769054082909096905e+02
1843,7.236132456904455239e+02,3.767565203939947196e+02
1844,7.232737670070131344e+02,3.766078559227275377e+02
1845,7.229345561066340906e+02,3.764594145646086076e+02
1846,7.225956124819944080e+02,3.763111960075235061e+02
1847,7.222569356268186311e+02,3.761631999397437198e+02
1848,7.219185250358639223e+02,3.760154260499252246e+02
1849,7.215803802049210844e+02,3.758678740271087690e+02
1850,7.212425006308096727e+02,3.757205435607186814e+02
1851,7.209048858113770848e+02,3.755734343405626987e+02
1852,7.205675352454965150e+02,3.754265460568321942e+02
1853,7.202304484330639980e+02,3.752798784001013814e+02
1854,7.198936192817818664e+02,3.751514088950465293e+02
1855,7.195570145911818827e+02,3.750310860461223683e+02
1856,7.192206257246673431e+02,3.749109370866458448e+02
1857,7.188844523012579657e+02,3.747909617870881789e+02
1858,7.185484939406851481e+02,3.746711599181649035e+02
1859,7.182127502633894665e+02,3.745515312508372290e+02
1860,7.178772208905197658e+02,3.744320755563099965e+02
1861,7.175419054439325919e+02,3.743127926060337245e+02
1862,7.172068035461891213e+02,3.741936821717030170e+02
1863,7.168719148205548208e+02,3.740747440252563365e+02
1864,7.165372388909983101e+02,3.739559779388766856e+02
1865,7.162027753821889746e+02,3.738373836849907548e+02
1866,7.158685239194963970e+02,3.737189610362690360e+02
1867,7.155344841289885380e+02,3.736007097656257088e+02
1868,7.152006556374313959e+02,3.734826296462180721e+02
1869,7.148670369452152045e+02,3.733745986013202014e+02
1870,7.145335950297146610e+02,3.732955001929836953e+02
1871,7.142002943402329720e+02,3.732165004335883509e+02
1872,7.138671346707750445e+02,3.731375992101726524e+02
1873,7.135341158156599022e+02,3.730587964098796760e+02
1874,7.132012376084463767e+02,3.729783038775262298e+02
1875,7.128685181528109069e+02,3.728647485881841135e+02
1876,7.125360027886096077e+02,3.727487074069355799e+02
1877,7.122036942937235153e+02,3.726328507027992032e+02
1878,7.118715922750536720e+02,3.725171782058015424e+02
1879,7.115396963402884012e+02,3.724016896462978252e+02
1880,7.112080060979022846e+02,3.722863847549705838e+02
1881,7.108765211571541158e+02,3.721712632628299957e+02
1882,7.105452411280841716e+02,3.720563249012134861e+02
1883,7.102141656215148942e+02,3.719415694017855571e+02
1884,7.098832942490473670e+02,3.718269964965368217e+02
1885,7.095526266230597230e+02,3.717126059177849129e+02
1886,7.092221623567066899e+02,3.715983973981729491e+02
1887,7.088919010639160661e+02,3.714843706706704438e+02
1888,7.085618423593900843e+02,3.713705254685718842e+02
1889,7.082319858586005239e+02,3.712568615254976976e+02
1890,7.079023311777890513e+02,3.711433785753926031e+02
1891,7.075728779339642642e+02,3.710300763525261800e+02
1892,7.072436257449026016e+02,3.709169545914930950e+02
1893,7.069145742291428860e+02,3.708040130272112833e+02
1894,7.065857230059883705e+02,3.706912513949230288e+02
1895,7.062570716955021908e+02,3.705786694301942248e+02
1896,7.059286199185081614e+02,3.704662668689139764e+02
1897,7.056003679236357584e+02,3.703469432179609839e+02
1898,7.052723424264841015e+02,3.701993324900846005e+02
1899,7.049445782425481184e+02,3.700520507351682795e+02
1900,7.046170746856929554e+02,3.699050971771918626e+02
1901,7.042898310718500170e+02,3.697584710419761791e+02
1902,7.039628467190112815e+02,3.696121715571816821e+02
1903,7.036361209472214568e+02,3.694661979523017408e+02
1904,7.033096530785710456e+02,3.693205494586605369e+02
1905,7.029834424371907744e+02,3.691752253094085177e+02
1906,7.026574883492428398e+02,3.690302247395183031e+02
1907,7.023317901429144285e+02,3.688855469857807634e+02
1908,7.020063471484127149e+02,3.687411912868007562e+02
1909,7.016811586979556523e+02,3.685971568829939997e+02
1910,7.013562268549762848e+02,3.684412049273897765e+02
1911,7.010315777117938296e+02,3.682736788067754787e+02
1912,7.007072235740677115e+02,3.681065831601169975e+02
1913,7.003831635502311883e+02,3.679399167557539840e+02
1914,7.000593978277581755e+02,3.677704634083106612e+02
1915,6.997359308846384920e+02,3.676004250222829342e+02
1916,6.994127628290113989e+02,3.674308124871459995e+02
1917,6.990898927747373364e+02,3.672616246466761822e+02
1918,6.987673161862691131e+02,3.671057867479619290e+02
1919,6.984450079850233806e+02,3.669574729746703383e+02
1920,6.981229600507080022e+02,3.668094715267225183e+02
1921,6.978011717304563035e+02,3.666617817264377095e+02
1922,6.974796423732520907e+02,3.665144028976034747e+02
1923,6.971583713299243072e+02,3.663673343654739369e+02
1924,6.968373579531406676e+02,3.662205754567647773e+02
1925,6.965166015974018592e+02,3.660741254996518705e+02
1926,6.961961016190360851e+02,3.659279838237671925e+02
1927,6.958758573761933803e+02,3.657821497601965461e+02
1928,6.955558682288389036e+02,3.656366226414760376e+02
1929,6.952361335387483905e+02,3.654914018015886654e+02
1930,6.949166526695015591e+02,3.653464865759622739e+02
1931,6.945974249864763124e+02,3.652018763014656884e+02
1932,6.942784498568443041e+02,3.650575703164058723e+02
1933,6.939597266495635495e+02,3.649135679605253699e+02
1934,6.936412547353741047e+02,3.647698685749990091e+02
1935,6.933230334867913598e+02,3.646264715024300926e+02
1936,6.930050622781010361e+02,3.644833760868490344e+02
1937,6.926873404853540706e+02,3.643405816737087548e+02
1938,6.923698673932182146e+02,3.641992174506256674e+02
1939,6.920526379984844425e+02,3.640629950183810593e+02
1940,6.917356457587197838e+02,3.639270737855853213e+02
1941,6.914188900611889039e+02,3.637914530395929091e+02
1942,6.911023702949830749e+02,3.636561320694414690e+02
1943,6.907860858510134676e+02,3.635211101658510984e+02
1944,6.904700361220055811e+02,3.633863866212191169e+02
1945,6.901542205024942405e+02,3.632519607296175650e+02
1946,6.898386383888148430e+02,3.631178317867888836e+02
1947,6.895232891790998337e+02,3.629839990901423903e+02
1948,6.892081722732717708e+02,3.628504619387514936e+02
1949,6.888932870730382092e+02,3.627172196333492025e+02
1950,6.885786329818836293e+02,3.625842714763256822e+02
1951,6.882642094050665946e+02,3.624516167717237067e+02
1952,6.879500160674838298e+02,3.623176660148528185e+02
1953,6.876360559863818480e+02,3.621821583531714168e+02
1954,6.873223305968951991e+02,3.620469507944484917e+02
1955,6.870088392918206637e+02,3.619120426319841499e+02
1956,6.866955814657596875e+02,3.617774331607366776e+02
1957,6.863825565151122419e+02,3.616431216773205506e+02
1958,6.860697638380706849e+02,3.615091074800014326e+02
1959,6.857572028346137358e+02,3.613753898686938442e+02
1960,6.854448729065020416e+02,3.612419681449573545e+02
1961,6.851327734572693089e+02,3.611088416119928866e+02
1962,6.848209038922199170e+02,3.609760095746394200e+02
1963,6.845092636184195953e+02,3.608434713393698985e+02
1964,6.841978520446931498e+02,3.607112262142895815e+02
1965,6.838866685816152540e+02,3.605792735091300756e+02
1966,6.835757126415068115e+02,3.604476125352479698e+02
1967,6.832649836384293849e+02,3.603162426056202889e+02
1968,6.829544809881772380e+02,3.601851630348411391e+02
1969,6.826442144143984478e+02,3.600269244118003940e+02
1970,6.823342235384130845e+02,3.598650006193126956e+02
1971,6.820245113062632072e+02,3.597034588887116229e+02
1972,6.817150769356506999e+02,3.595422982886258296e+02
1973,6.814059196467620723e+02,3.593815178898508975e+02
1974,6.810970386622618662e+02,3.592211167653463804e+02
1975,6.807884332072827647e+02,3.590610939902311998e+02
1976,6.804801025094169518e+02,3.589014486417788135e+02
1977,6.801720457987082682e+02,3.587421797994138046e+02
1978,6.798642623076423206e+02,3.585832865447069935e+02
1979,6.795567512711401150e+02,3.584247679613725950e+02
1980,6.792495119265473704e+02,3.582666231352620230e+02
1981,6.789425435136271290e+02,3.581088511543614459e+02
1982,6.786358452745513432e+02,3.579514511087867845e+02
1983,6.783294164538918949e+02,3.577944220907797330e+02
1984,6.780232562986135463e+02,3.576377631947032114e+02
1985,6.777173640580645042e+02,3.574814735170386939e+02
1986,6.774117389839673251e+02,3.573255521563797288e+02
1987,6.771063803304124349e+02,3.571699982134294373e+02
1988,6.768012873538497161e+02,3.570148107909961368e+02
1989,6.764964593130785033e+02,3.568599889939886225e+02
1990,6.761918954692418993e+02,3.567055319294130982e+02
1991,6.758875950858160877e+02,3.565514387063677191e+02
1992,6.755835574286044221e+02,3.563977084360390677e+02
1993,6.752797817657277619e+02,3.562443402316986862e+02
1994,6.749762673676177656e+02,3.560913332086977903e+02
1995,6.746730135070076813e+02,3.559386864844644265e+02
1996,6.743700194589247303e+02,3.557863991784973905e+02
1997,6.740672845006826037e+02,3.556344704123648626e+02
1998,6.737648079118730493e+02,3.554828993096978706e+02
1999,6.734625889743578000e+02,3.553316849961877324e+02
2000,6.731606271250205964e+02,3.551796184875865947e+02
2001,6.728589251218133995e+02,3.550250541959784414e+02
2002,6.725574855255258626e+02,3.548708410448050472e+02
2003,6.722563076262564437e+02,3.547169782066320067e+02
2004,6.719553907162826363e+02,3.545634648559271795e+02
2005,6.716547340900553991e+02,3.544103001690558017e+02
2006,6.713543370441892648e+02,3.542574833242774162e+02
2007,6.710541988774564288e+02,3.541050135017413254e+02
2008,6.707543188907792455e+02,3.539528898834840902e+02
2009,6.704546963872224978e+02,3.538011116534230496e+02
2010,6.701553306719863485e+02,3.536496779973556954e+02
2011,6.698562210523997464e+02,3.534985881029535904e+02
2012,6.695573668379116725e+02,3.533478411597586160e+02
2013,6.692587673400852282e+02,3.531974363591807560e+02
2014,6.689604218725902456e+02,3.530473728944931509e+02
2015,6.686623297511956707e+02,3.528976499608274935e+02
2016,6.683644902937627421e+02,3.527482667551715281e+02
2017,6.680669028202380559e+02,3.525992224763652985e+02
2018,6.677695666526458353e+02,3.524505163250959185e+02
2019,6.674724811150820187e+02,3.523021475038959807e+02
2020,6.671756455337060743e+02,3.521541152171364502e+02
2021,6.668790592367345198e+02,3.520064186710272338e+02
2022,6.665827215544343289e+02,3.518590570736096197e+02
2023,6.662866318191155415e+02,3.517120296347542308e+02
2024,6.659907893651235327e+02,3.515653355661569890e+02
2025,6.656951935288342384e+02,3.514189740813357616e+02
2026,6.653998436486452874e+02,3.512729443956257569e+02
2027,6.651047390649702038e+02,3.511272457261763407e+02
2028,6.648098791202306757e+02,3.509818772919470007e+02
2029,6.645152631588516670e+02,3.508368383137039928e+02
2030,6.642208869030376945e+02,3.507009616099073810e+02
2031,6.639267383442431765e+02,3.505656043644042370e+02
2032,6.636328179066342727e+02,3.504265624145021434e+02
2033,6.633391330166166426e+02,3.502828467569854070e+02
2034,6.630456888582997408e+02,3.501394497370131944e+02
2035,6.627524847995925938e+02,3.499963705988134848e+02
2036,6.624595202103254223e+02,3.498536085883986289e+02
2037,6.621667944622394089e+02,3.497111629535597217e+02
2038,6.618743069289847654e+02,3.495690329438651816e+02
2039,6.615820569861098193e+02,3.494272178106562023e+02
2040,6.612900440110578302e+02,3.492857168070422631e+02
2041,6.609982673831586908e+02,3.491445291878980015e+02
2042,6.607067264836243794e+02,3.490036542098595760e+02
2043,6.604154206955412292e+02,3.488630911313206298e+02
2044,6.601243494038625386e+02,3.487228392124289940e+02
2045,6.598335119954052743e+02,3.485828977150817423e+02
2046,6.595429078588417724e+02,3.484432659029228603e+02
2047,6.592525363846928030e+02,3.483039430413387549e+02
2048,6.589623969653235918e+02,3.481649283974547870e+02
2049,6.586724889949349517e+02,3.480262212401314059e+02
2050,6.583828118695604417e+02,3.478878208399608525e+02
2051,6.580933649870562476e+02,3.477497264692623844e+02
2052,6.578041477470981135e+02,3.476119374020797181e+02
2053,6.575151595511738378e+02,3.474744529141769931e+02
2054,6.572263998025770206e+02,3.473372722830345083e+02
2055,6.569378679064020616e+02,3.472003947878462782e+02
2056,6.566495632695368840e+02,3.470638197095146893e+02
2057,6.563614853006579324e+02,3.469275463306485676e+02
2058,6.560736334102230103e+02,3.467915739355584606e+02
2059,6.557860070104663919e+02,3.466559018102522032e+02
2060,6.554986055153922280e+02,3.465205292424341224e+02
2061,6.552114283407687481e+02,3.463854555214973061e+02
2062,6.549244749041222349e+02,3.462506799385242289e+02
2063,6.546377446247308853e+02,3.461162017862795892e+02
2064,6.543512369236203767e+02,3.459820203592087182e+02
2065,6.540649512235554539e+02,3.458481349534331457e+02
2066,6.537788869490365187e+02,3.457145448667475875e+02
2067,6.534930416978797894e+02,3.455873188434017607e+02
2068,6.532074050777163166e+02,3.454626512099374054e+02
2069,6.529219743965155658e+02,3.453382843465444125e+02
2070,6.526367490834566070e+02,3.452142174792965648e+02
2071,6.523517202099301358e+02,3.451116568926198056e+02
2072,6.520668597754661278e+02,3.450103101076480812e+02
2073,6.517821665615091433e+02,3.449091415860602865e+02
2074,6.514976402249601506e+02,3.448081510194250541e+02
2075,6.512132804234851164e+02,3.447073380997966865e+02
2076,6.509290868155171665e+02,3.446067025197168618e+02
2077,6.506450590602518105e+02,3.445062439722125873e+02
2078,6.503611980754506021e+02,3.443968956296458828e+02
2079,6.500775270251119764e+02,3.442699109869918743e+02
2080,6.497940650263155931e+02,3.441432110763669243e+02
2081,6.495108115335042385e+02,3.440167952866918881e+02
2082,6.492277660026420563e+02,3.438906630079934530e+02
2083,6.489449278912110231e+02,3.437648136314030012e+02
2084,6.486622960169495400e+02,3.436422775309744679e+02
2085,6.483798637225637549e+02,3.435228698910439107e+02
2086,6.480976275821398076e+02,3.434037206401638969e+02
2087,6.478155871032887489e+02,3.432848292387262745e+02
2088,6.475337417949486962e+02,3.431661951480879225e+02
2089,6.472520885963356250e+02,3.430552581283945983e+02
2090,6.469706163330345134e+02,3.429459463616053085e+02
2091,6.466893233444201314e+02,3.428368508263616263e+02
2092,6.464082092189109972e+02,3.427279711297577478e+02
2093,6.461272735459086789e+02,3.426193068794454462e+02
2094,6.458465159157937023e+02,3.425108576836328780e+02
2095,6.455659359199239589e+02,3.424026231510844696e+02
2096,6.452855344095241890e+02,3.422901585250156131e+02
2097,6.450053183663086429e+02,3.421759318708428736e+02
2098,6.447252892405631428e+02,3.420619259655090900e+02
2099,6.444454466088604931e+02,3.419481404263676723e+02
2100,6.441657900487596180e+02,3.418345748712646355e+02
2101,6.438863191388051064e+02,3.417212289185388840e+02
2102,6.436070334585219825e+02,3.416081021870212453e+02
2103,6.433279325884157061e+02,3.414951942960352653e+02
2104,6.430490161099688748e+02,3.413825048653963563e+02
2105,6.427702836056389515e+02,3.412700335154122513e+02
2106,6.424917346588567852e+02,3.411577798668821515e+02
2107,6.422133688540220646e+02,3.410457435410971812e+02
2108,6.419351857765041132e+02,3.409339241598397621e+02
2109,6.416571803187523528e+02,3.408372317851707294e+02
2110,6.413793292818771761e+02,3.407451244254658036e+02
2111,6.411016283391116986e+02,3.406531835516366300e+02
2112,6.408240771787078529e+02,3.405614088840339946e+02
2113,6.405466754895921895e+02,3.404698001433909553e+02
2114,6.402694229613657626e+02,3.403783570508226717e+02
2115,6.399923192843010611e+02,3.402870793278256656e+02
2116,6.397153641493401892e+02,3.401959666962779352e+02
2117,6.394385587866264586e+02,3.400936421991018506e+02
2118,6.391619323169952622e+02,3.399684696665469232e+02
2119,6.388855093493116328e+02,3.398435572048734912e+02
2120,6.386092893861726907e+02,3.397189041240171150e+02
2121,6.383332743340670277e+02,3.395879199133344741e+02
2122,6.380574725812228962e+02,3.394564410715526037e+02
2123,6.377818842678530018e+02,3.393252210707969425e+02
2124,6.375065088914507214e+02,3.391942592377415622e+02
2125,6.372313459510880875e+02,3.390635549013570085e+02
2126,6.369563949474086257e+02,3.389331073929027980e+02
2127,6.366816553826226937e+02,3.388029160459180389e+02
2128,6.364071267604989544e+02,3.386729801962128477e+02
2129,6.361328104499269784e+02,3.385372942356763701e+02
2130,6.358587151277671410e+02,3.384000315546783213e+02
2131,6.355848419483935459e+02,3.382630232784911186e+02
2132,6.353111904103401457e+02,3.381262687824711861e+02
2133,6.350377600136504270e+02,3.379897674440529727e+02
2134,6.347645502598713847e+02,3.378535186427397434e+02
2135,6.344915606520463598e+02,3.377175217600953943e+02
2136,6.342187906947119700e+02,3.375817761797373464e+02
2137,6.339462398938889010e+02,3.374462812873280200e+02
2138,6.336739077570786094e+02,3.373110364705671032e+02
2139,6.334017937932572977e+02,3.371760411191833668e+02
2140,6.331298975128684106e+02,3.370412946249268202e+02
2141,6.328582184278184286e+02,3.369067963815613211e+02
2142,6.325867560514715251e+02,3.367725457848558221e+02
2143,6.323155098986426310e+02,3.366385422325777768e+02
2144,6.320444794855918644e+02,3.365047851244838739e+02
2145,6.317736643300205515e+02,3.363712738623139558e+02
2146,6.315030639510633819e+02,3.362380078497819795e+02
2147,6.312326778692854532e+02,3.361049864925687984e+02
2148,6.309625056066730622e+02,3.359722091983148857e+02
2149,6.306925466866324541e+02,3.358396753766120355e+02
2150,6.304228006339809554e+02,3.357073844389964279e+02
2151,6.301532669749428806e+02,3.355753357989401024e+02
2152,6.298839452371447578e+02,3.354435288718448192e+02
2153,6.296148349496086212e+02,3.353119630750334181e+02
2154,6.293459356427466673e+02,3.351806378277423732e+02
2155,6.290772468483572766e+02,3.350495525511150277e+02
2156,6.288087680996183053e+02,3.349187066681940905e+02
2157,6.285404989310824249e+02,3.347880996039135653e+02
2158,6.282724388786713234e+02,3.346577307850913030e+02
2159,6.280045874796705903e+02,3.345275996404230909e+02
2160,6.277369442727256228e+02,3.343977056004742394e+02
2161,6.274695087978343508e+02,3.342680480976717945e+02
2162,6.272022805963434848e+02,3.341386265662982851e+02
2163,6.269352592109432862e+02,3.340094404424846743e+02
2164,6.266684441856618832e+02,3.338804891642020607e+02
2165,6.264018350658594727e+02,3.337517721712550838e+02
2166,6.261354313982259328e+02,3.336232889052749897e+02
2167,6.258692327307719552e+02,3.334950388097125256e+02
2168,6.256032341092719662e+02,3.333796902550968184e+02
2169,6.253374182227141773e+02,3.332661125617693756e+02
2170,6.250717833506909074e+02,3.331527589997120913e+02
2171,6.248063290745891436e+02,3.330396289540158818e+02
2172,6.245410549771396518e+02,3.329267218119690028e+02
2173,6.242759606424102685e+02,3.328140369630481246e+02
2174,6.240110456558007854e+02,3.327015737989098056e+02
2175,6.237463096040379469e+02,3.325893317133817391e+02
2176,6.234817520751686288e+02,3.324773101024543962e+02
2177,6.232173726585559734e+02,3.323655083642722161e+02
2178,6.229531709448725678e+02,3.322539258991256474e+02
2179,6.226891465260965788e+02,3.321425621094416556e+02
2180,6.224252989955047042e+02,3.320314163997765036e+02
2181,6.221616279476686486e+02,3.319204881768065434e+02
2182,6.218981329784480749e+02,3.318097768493199737e+02
2183,6.216348136849862840e+02,3.316992818282083704e+02
2184,6.213716696657045304e+02,3.315890025264591827e+02
2185,6.211087005202979299e+02,3.314789383591461842e+02
2186,6.208459048750130478e+02,3.313762645665072455e+02
2187,6.205832646108323161e+02,3.312875512571188779e+02
2188,6.203207648937907379e+02,3.311990074390870973e+02
2189,6.200584054179482791e+02,3.311106325609419514e+02
2190,6.197961858784528886e+02,3.310224260735182611e+02
2191,6.195341059715342453e+02,3.309343874299464119e+02
2192,6.192721653945005755e+02,3.308465160856413263e+02
2193,6.190103638457328543e+02,3.307588114982943353e+02
2194,6.187487010246795762e+02,3.306712731278622073e+02
2195,6.184871766318525488e+02,3.305839004365573146e+02
2196,6.182257903688220040e+02,3.304966928888383109e+02
2197,6.179645419382111413e+02,3.304096499514010361e+02
2198,6.177034310436913529e+02,3.303227710931672618e+02
2199,6.174424573899784718e+02,3.302360557852765623e+02
2200,6.171816206828272016e+02,3.301495035010757420e+02
2201,6.169209206290261136e+02,3.300631137161104789e+02
2202,6.166603569363931001e+02,3.299768859081144114e+02
2203,6.163999293137712812e+02,3.298908195570005546e+02
2204,6.161396374710238888e+02,3.298049141448515229e+02
2205,6.158794811190294922e+02,3.297191691559108904e+02
2206,6.156194599696775640e+02,3.296335840765721628e+02
2207,6.153595737358635915e+02,3.295481583953716722e+02
2208,6.150998227491188572e+02,3.294593523518499865e+02
2209,6.148402142146204596e+02,3.293662607356587841e+02
2210,6.145807523087981963e+02,3.292733474017380786e+02
2211,6.143214367096283013e+02,3.291806117794509987e+02
2212,6.140622670962228540e+02,3.290880533005014854e+02
2213,6.138032431488234124e+02,3.289956713989256514e+02
2214,6.135443645487962385e+02,3.289034655110804692e+02
2215,6.132856309786284328e+02,3.288114350756351882e+02
2216,6.130270421219200898e+02,3.287195795335605908e+02
2217,6.127685975862592613e+02,3.286281955652926285e+02
2218,6.125102965678760256e+02,3.285371365259070444e+02
2219,6.122521386171788436e+02,3.284462473712862902e+02
2220,6.119941234278149977e+02,3.283555275710957062e+02
2221,6.117362506944856477e+02,3.282649765971570446e+02
2222,6.114785201129411689e+02,3.281745939234386924e+02
2223,6.112209313799752408e+02,3.280843790260461788e+02
2224,6.109634841934220049e+02,3.279943313832139324e+02
2225,6.107061782521499254e+02,3.279044504752952776e+02
2226,6.104490132560572420e+02,3.278147357847541343e+02
2227,6.101919889060684454e+02,3.277251867961557537e+02
2228,6.099351049041292754e+02,3.276358029961579064e+02
2229,6.096783609532010360e+02,3.275465838735013335e+02
2230,6.094217567572574126e+02,3.274575289190022431e+02
2231,6.091652920212800382e+02,3.273686376255417940e+02
2232,6.089089664512530362e+02,3.272799094880588768e+02
2233,6.086527797541583595e+02,3.271913440035394274e+02
2234,6.083967316379735166e+02,3.271029406710103444e+02
2235,6.081408218116644093e+02,3.270146989915279505e+02
2236,6.078850499851827180e+02,3.269266184681710570e+02
2237,6.076294158694611269e+02,3.268386986060326649e+02
2238,6.073739191764078669e+02,3.267509389122092784e+02
2239,6.071185596189050102e+02,3.266633388957944817e+02
2240,6.068633369108006264e+02,3.265758980678696730e+02
2241,6.066082507669077586e+02,3.264886159414948565e+02
2242,6.063533009029983987e+02,3.264014920317014798e+02
2243,6.060984870357991667e+02,3.263145258554829979e+02
2244,6.058438088829880144e+02,3.262277169317865742e+02
2245,6.055892661631889951e+02,3.261410647815054631e+02
2246,6.053348585959693082e+02,3.260545689274699157e+02
2247,6.050805859018335013e+02,3.259682288944387096e+02
2248,6.048264478022215371e+02,3.258820442090921574e+02
2249,6.045724440195020861e+02,3.257960144000222158e+02
2250,6.043185742769703666e+02,3.257101389977254371e+02
2251,6.040648382988433696e+02,3.256244175345945564e+02
2252,6.038112358102555390e+02,3.255388495449101924e+02
2253,6.035577665372560432e+02,3.254534345648326621e+02
2254,6.033044302068021807e+02,3.253681721323940224e+02
2255,6.030512265467579027e+02,3.252830617874904533e+02
2256,6.027981552858889245e+02,3.251981030718733905e+02
2257,6.025452161538585187e+02,3.251132955291425333e+02
2258,6.022924088812234231e+02,3.250286387047369772e+02
2259,6.020397331994305432e+02,3.249441321459281085e+02
2260,6.017871888408126324e+02,3.248597754018110209e+02
2261,6.015347755385851087e+02,3.247755680232973532e+02
2262,6.012824930268409389e+02,3.246915095631072745e+02
2263,6.010303410405471141e+02,3.246075995757607870e+02
2264,6.007783193155422623e+02,3.245238376175716439e+02
2265,6.005264275885307370e+02,3.244402232466384248e+02
2266,6.002746655970802294e+02,3.243567560228373168e+02
2267,6.000230330796177896e+02,3.242734355078138151e+02
2268,5.997715297754252788e+02,3.241902612649764706e+02
2269,5.995201554246364140e+02,3.241072328594879082e+02
2270,5.992689097682336978e+02,3.240243498582577786e+02
2271,5.990177925480426211e+02,3.239416118299356526e+02
2272,5.987668035067298433e+02,3.238590183449027222e+02
2273,5.985159423877988729e+02,3.237765689752651497e+02
2274,5.982652089355863154e+02,3.236942632948457685e+02
2275,5.980146028952586903e+02,3.236121008791774898e+02
2276,5.977641240128081108e+02,3.235300813054954006e+02
2277,5.975137720350494419e+02,3.234482041527298293e+02
2278,5.972635467096165485e+02,3.233664690014983876e+02
2279,5.970134477849578616e+02,3.232848754340994333e+02
2280,5.967634750103343322e+02,3.232034230345045103e+02
2281,5.965136281358143151e+02,3.231221113883508451e+02
2282,5.962639069122719775e+02,3.230409400829343554e+02
2283,5.960143110913816145e+02,3.229599087072030557e+02
2284,5.957648404256158301e+02,3.228790168517484744e+02
2285,5.955154946682414447e+02,3.227982641088003675e+02
2286,5.952662735733158570e+02,3.227176500722180776e+02
2287,5.950171768956846563e+02,3.226371743374845664e+02
2288,5.947682043909766207e+02,3.225568365016984558e+02
2289,5.945193558156013296e+02,3.224766361635685712e+02
2290,5.942706309267462075e+02,3.223965729234047899e+02
2291,5.940220294823717495e+02,3.223166463831128681e+02
2292,5.937735512412099297e+02,3.222368561461868239e+02
2293,5.935251959627594260e+02,3.221572018177023438e+02
2294,5.932769634072823237e+02,3.220776830043093923e+02
2295,5.930288533358027507e+02,3.219982993142263581e+02
2296,5.927808655101013073e+02,3.219190503572320381e+02
2297,5.925329996927125649e+02,3.218399357446599538e+02
2298,5.922852556469226784e+02,3.217609550893911319e+02
2299,5.920376331367648390e+02,3.216821080058472262e+02
2300,5.917901319270168869e+02,3.216033941099843787e+02
2301,5.915427517831979003e+02,3.215248130192858866e+02
2302,5.912954924715652396e+02,3.214463643527561771e+02
2303,5.910483537591110235e+02,3.213680477309142702e+02
2304,5.908013354135590589e+02,3.212898627757862187e+02
2305,5.905544372033617719e+02,3.212118091108998783e+02
2306,5.903076588976971379e+02,3.211338863612775185e+02
2307,5.900610002664659532e+02,3.210560941534296830e+02
2308,5.898144610802872876e+02,3.209784321153485962e+02
2309,5.895680411104975747e+02,3.209008998765017964e+02
2310,5.893217401291460646e+02,3.208234970678259401e+02
2311,5.890755579089916409e+02,3.207462233217199241e+02
2312,5.888294942235010012e+02,3.206690782720388597e+02
2313,5.885835488468446783e+02,3.205920615540879908e+02
2314,5.883377139833246474e+02,3.205353015278567455e+02
2315,5.880919658214812671e+02,3.204790516431408491e+02
2316,5.878463038624842056e+02,3.204229184174142233e+02
2317,5.876007279125335572e+02,3.203669014663140047e+02
2318,5.873552377785127874e+02,3.203110004070596233e+02
2319,5.871098332679832765e+02,3.202552148584475162e+02
2320,5.868645141891834101e+02,3.201995444408435105e+02
2321,5.866192803510248268e+02,3.201439887761752630e+02
2322,5.863741315630888948e+02,3.200885474879265757e+02
2323,5.861290676356255744e+02,3.200332202011304048e+02
2324,5.858840883795478476e+02,3.199780065423614133e+02
2325,5.856391936064311494e+02,3.199229061397297187e+02
2326,5.853943854975804015e+02,3.198601368464873076e+02
2327,5.851496747780379337e+02,3.197954761009622757e+02
2328,5.849050629521403835e+02,3.197309184546560346e+02
2329,5.846605498423165272e+02,3.196664636138520450e+02
2330,5.844161352715383373e+02,3.196021112860506150e+02
2331,5.841718190633204131e+02,3.195378611799629880e+02
2332,5.839276010417158886e+02,3.194737130055059424e+02
2333,5.836834810313150683e+02,3.194096664737962215e+02
2334,5.834394588572438352e+02,3.193457212971450758e+02
2335,5.831955343451594445e+02,3.192818771890524658e+02
2336,5.829517073212496143e+02,3.192181338642024002e+02
2337,5.827079776122300245e+02,3.191544910384569675e+02
2338,5.824643450453417017e+02,3.190909484288506519e+02
2339,5.822208094483482910e+02,3.190275057535860128e+02
2340,5.819773706495359420e+02,3.189641627320272619e+02
2341,5.817340284777073975e+02,3.189009190846957722e+02
2342,5.814907827621832439e+02,3.188377745332638256e+02
2343,5.812476333327981592e+02,3.187747288005504629e+02
2344,5.810045800198985262e+02,3.187117816105158568e+02
2345,5.807616226543399307e+02,3.186489326882551723e+02
2346,5.805187610674868210e+02,3.185861817599952133e+02
2347,5.802759950912077329e+02,3.185235285530872602e+02
2348,5.800333245578755168e+02,3.184609727960033183e+02
2349,5.797907493003626769e+02,3.183985142183305470e+02
2350,5.795482691520422804e+02,3.183361525507659735e+02
2351,5.793058839467827283e+02,3.182738875251119453e+02
2352,5.790635935189476413e+02,3.182117188742702183e+02
2353,5.788213977033930178e+02,3.181496463322376940e+02
2354,5.785792963354649601e+02,3.180876696341011893e+02
2355,5.783372892509984240e+02,3.180257885160320939e+02
2356,5.780953762863135807e+02,3.179640027152821631e+02
2357,5.778535572782153622e+02,3.179023119701775499e+02
2358,5.776118320639907324e+02,3.178407160201152806e+02
2359,5.773702004814061866e+02,3.177792146055566036e+02
2360,5.771286623687060455e+02,3.177178074680235795e+02
2361,5.768872175646109781e+02,3.176564943500933964e+02
2362,5.766458659083150451e+02,3.175952749953942771e+02
2363,5.764046072394837665e+02,3.175341491485995107e+02
2364,5.761634413982535534e+02,3.174731165554242125e+02
2365,5.759223682252275012e+02,3.174121769626189007e+02
2366,5.756813875614743665e+02,3.173513301179659720e+02
2367,5.754404992485278854e+02,3.172905757702746996e+02
2368,5.751997031283824526e+02,3.172299136693760602e+02
2369,5.749589990434924403e+02,3.171693435661185276e+02
2370,5.747183868367708328e+02,3.171088652123634688e+02
2371,5.744778663515860444e+02,3.170484783609799138e+02
2372,5.742374374317600996e+02,3.169881827658406337e+02
2373,5.739970999215680649e+02,3.169279781818171386e+02
2374,5.737568536657344112e+02,3.168678643647750164e+02
2375,5.735166985094322172e+02,3.168078410715701807e+02
2376,5.732766342982806691e+02,3.167479080600429029e+02
2377,5.730366608783435822e+02,3.166880650890146853e+02
2378,5.727967780961276958e+02,3.166283119182828614e+02
2379,5.725569857985797171e+02,3.165686483086166163e+02
2380,5.723172838330858667e+02,3.165090740217527809e+02
2381,5.720776720474692638e+02,3.164495888203899199e+02
2382,5.718381502899881070e+02,3.163901924681861715e+02
2383,5.715987184093337419e+02,3.163308847297528246e+02
2384,5.713593762546295238e+02,3.162716653706511352e+02
2385,5.711201236754278625e+02,3.162125341573876653e+02
2386,5.708809615485380391e+02,3.161503539753629752e+02
2387,5.706418937827717173e+02,3.160877849162424695e+02
2388,5.704029206008489155e+02,3.160253186585933918e+02
2389,5.701640418287497596e+02,3.159629549011319227e+02
2390,5.699252572930013230e+02,3.159006933438494116e+02
2391,5.696865668206753526e+02,3.158385336880066347e+02
2392,5.694479702393850857e+02,3.157764756361277705e+02
2393,5.692094673772845681e+02,3.157145188919939756e+02
2394,5.689710580630645609e+02,3.156526631606382693e+02
2395,5.687327421259503808e+02,3.155909081483388832e+02
2396,5.684945193957004221e+02,3.155292535626138601e+02
2397,5.682563897026029736e+02,3.154676991122158256e+02
2398,5.680183528774749675e+02,3.154062445071248248e+02
2399,5.677804087516575464e+02,3.153448894585440030e+02
2400,5.675425571570159491e+02,3.152836336788928975e+02
2401,5.673047979259362137e+02,3.152224768818024359e+02
2402,5.670671308913223356e+02,3.151614187821085693e+02
2403,5.668295558865956991e+02,3.151004590958472704e+02
2404,5.665920727456904160e+02,3.150395975402485078e+02
2405,5.663546813466733738e+02,3.149781435806608556e+02
2406,5.661173840273678479e+02,3.149133640690479865e+02
2407,5.658801842710130359e+02,3.148486875930301494e+02
2408,5.656430819024675429e+02,3.147841138544246178e+02
2409,5.654060767471341933e+02,3.147196425563142270e+02
2410,5.651691686309573015e+02,3.146552734030413490e+02
2411,5.649323573804208536e+02,3.145910061002011275e+02
2412,5.646956428225450964e+02,3.145268403546367608e+02
2413,5.644590247848848321e+02,3.144627758744327934e+02
2414,5.642225030955278271e+02,3.143988123689098302e+02
2415,5.639860775830906050e+02,3.143349495486185106e+02
2416,5.637497480767174238e+02,3.142711871253333697e+02
2417,5.635135144060778885e+02,3.142075248120480069e+02
2418,5.632773764013637674e+02,3.141439623229684344e+02
2419,5.630413338932875149e+02,3.140804993735077915e+02
2420,5.628053867130799972e+02,3.140171356802807736e+02
2421,5.625695346924875366e+02,3.139538709610977776e+02
2422,5.623337776637703200e+02,3.138907049349595582e+02
2423,5.620981154596991018e+02,3.138276373220509186e+02
2424,5.618625479135548630e+02,3.137646678437362198e+02
2425,5.616270748591241500e+02,3.137017962225532415e+02
2426,5.613916961306987332e+02,3.136390221822073840e+02
2427,5.611564115630726519e+02,3.135763454475668368e+02
2428,5.609212209915401672e+02,3.135137657446567800e+02
2429,5.606861242518925792e+02,3.134512828006538143e+02
2430,5.604511211804186814e+02,3.133888963438809014e+02
2431,5.602162116138987358e+02,3.133266061038015096e+02
2432,5.599813953896058365e+02,3.132644118110146678e+02
2433,5.597466723453023860e+02,3.132023131972496799e+02
2434,5.595120423192367980e+02,3.131403099953602123e+02
2435,5.592775051501431562e+02,3.130784019393200310e+02
2436,5.590430606772382589e+02,3.130165887642163511e+02
2437,5.588087087402197994e+02,3.129548702062458574e+02
2438,5.585744491792638655e+02,3.128932460027087927e+02
2439,5.583402818350228927e+02,3.128317158920044108e+02
2440,5.581062065486246411e+02,3.127702796136248367e+02
2441,5.578722231616682166e+02,3.127089369081506902e+02
2442,5.576383315162233885e+02,3.126476875172456857e+02
2443,5.574045314548287706e+02,3.125865311836518003e+02
2444,5.571708228204882971e+02,3.125254676511836465e+02
2445,5.569372054566708812e+02,3.124644966647244360e+02
2446,5.567036792073071183e+02,3.124036179702193863e+02
2447,5.564702419887738643e+02,3.123483468275235282e+02
2448,5.562368870638413227e+02,3.122935245248465890e+02
2449,5.560036140280470818e+02,3.122387626266947223e+02
2450,5.557704227768236933e+02,3.121840610488519587e+02
2451,5.555373132057756038e+02,3.121294197072656971e+02
2452,5.553042852106816554e+02,3.120748385180463629e+02
2453,5.550713386874915614e+02,3.120203173974667266e+02
2454,5.548384735323281802e+02,3.119658562619615623e+02
2455,5.546056896414859239e+02,3.119114550281277616e+02
2456,5.543729869114292796e+02,3.118571136127225714e+02
2457,5.541403652387950842e+02,3.118028319326649580e+02
2458,5.539078245203896813e+02,3.117486099050340727e+02
2459,5.536753646531900586e+02,3.116944474470687396e+02
2460,5.534429855343429381e+02,3.116403444761683090e+02
2461,5.532106870611640943e+02,3.115863009098907241e+02
2462,5.529784691311378992e+02,3.115323166659528624e+02
2463,5.527463316419188004e+02,3.114783916622302513e+02
2464,5.525142744913277966e+02,3.114245258167566135e+02
2465,5.522822975773550525e+02,3.113707190477232416e+02
2466,5.520504007981573977e+02,3.113169712734787709e+02
2467,5.518185840520594638e+02,3.112632824125288380e+02
2468,5.515868472375520923e+02,3.112096523835352855e+02
2469,5.513551902532927897e+02,3.111560811053165594e+02
2470,5.511236129981052727e+02,3.111025684968469704e+02
2471,5.508921153709786722e+02,3.110491144772556140e+02
2472,5.506606972710674199e+02,3.109957189658270522e+02
2473,5.504293585976912482e+02,3.109423818820002339e+02
2474,5.501980992503338257e+02,3.108891031453685514e+02
2475,5.499669191286437808e+02,3.108358826756793860e+02
2476,5.497358179930629376e+02,3.107843911830655088e+02
2477,5.495047907711576727e+02,3.107387291532614881e+02
2478,5.492738314163627820e+02,3.106931149896461761e+02
2479,5.490429398475865810e+02,3.106475486280638165e+02
2480,5.488121159838635776e+02,3.106020300044846749e+02
2481,5.485813597443542449e+02,3.105565590550042998e+02
2482,5.483506710483455890e+02,3.105111357158435226e+02
2483,5.481200498152503542e+02,3.104657599233477754e+02
2484,5.478894959646066809e+02,3.104204316139873754e+02
2485,5.476590094160783337e+02,3.103751507243562742e+02
2486,5.474285900894531096e+02,3.103299171911725693e+02
2487,5.471982379046445431e+02,3.102847309512779361e+02
2488,5.469679527816904283e+02,3.102395919416369452e+02
2489,5.467377346407517962e+02,3.101945000993373469e+02
2490,5.465075834021149603e+02,3.101494553615892755e+02
2491,5.462774989861884478e+02,3.101044576657251355e+02
2492,5.460474813135055001e+02,3.100595069491990330e+02
2493,5.458175303047214584e+02,3.100146031495872876e+02
2494,5.455876458806150140e+02,3.099697462045867269e+02
2495,5.453578279620874127e+02,3.099249360520157097e+02
2496,5.451280764701616590e+02,3.098801726298129324e+02
2497,5.448983913259830842e+02,3.098354558760375994e+02
2498,5.446687724508192332e+02,3.097907857288688547e+02
2499,5.444392197660587271e+02,3.097461621266057250e+02
2500,5.442097331932114912e+02,3.097015850076662105e+02
2501,5.439803126539082996e+02,3.096570543105879665e+02
2502,5.437509580699011167e+02,3.096125699740271671e+02
2503,5.435216693630620739e+02,3.095681319367585047e+02
2504,5.432924464553831285e+02,3.095237401376745083e+02
2505,5.430632892689767459e+02,3.094793945157861685e+02
2506,5.428341977260754447e+02,3.094350950102216871e+02
2507,5.426051717490297506e+02,3.093908415602265336e+02
2508,5.423762112603111518e+02,3.093466341051632753e+02
2509,5.421473161825083480e+02,3.093024725845108378e+02
2510,5.419184864383306603e+02,3.092583569378649031e+02
2511,5.416897219506037118e+02,3.092142871049368864e+02
2512,5.414610226422729511e+02,3.091702630255541635e+02
2513,5.412323884364005835e+02,3.091262846396591613e+02
2514,5.410038192561673895e+02,3.090823518873102103e+02
2515,5.407753150248712473e+02,3.090384647086795553e+02
2516,5.405468756659270184e+02,3.089946230440548334e+02
2517,5.403185016928422328e+02,3.089457851802238224e+02
2518,5.400902051815174900e+02,3.088861273629280504e+02
2519,5.398619997750679431e+02,3.088174384430372470e+02
2520,5.396338966711394960e+02,3.087476194319874025e+02
2521,5.394058966713970449e+02,3.086778854215681349e+02
2522,5.391779996270571473e+02,3.086082362936857066e+02
2523,5.389502053895969311e+02,3.085386719304540293e+02
2524,5.387225138107515932e+02,3.084691922141943792e+02
2525,5.384949247425148542e+02,3.083997970274346017e+02
2526,5.382674380371372536e+02,3.083304862529082015e+02
2527,5.380400535471276271e+02,3.082612597735550821e+02
2528,5.378127711252501513e+02,3.081921174725197830e+02
2529,5.375855906245257074e+02,3.081230592331515936e+02
2530,5.373585118982298354e+02,3.080540849390045537e+02
2531,5.371315347998934158e+02,3.079851944738357474e+02
2532,5.369046591833010780e+02,3.079163877216059291e+02
2533,5.366778849024921101e+02,3.078476645664784428e+02
2534,5.364512118117575028e+02,3.077790248928190522e+02
2535,5.362246397656418821e+02,3.077104685851951444e+02
2536,5.359981686189416905e+02,3.076419955283757872e+02
2537,5.357717982267048455e+02,3.075736056073307054e+02
2538,5.355455284442296033e+02,3.075052987072300539e+02
2539,5.353193591270655816e+02,3.074370747134439625e+02
2540,5.350932901310122816e+02,3.073689335115423660e+02
2541,5.348673213121173831e+02,3.073008749872934686e+02
2542,5.346414525266783357e+02,3.072328990266646542e+02
2543,5.344156836312403129e+02,3.071650055158214627e+02
2544,5.341900144825967800e+02,3.070971943411264533e+02
2545,5.339644449377874480e+02,3.070294653891399435e+02
2546,5.337389733349596099e+02,3.069671041381038208e+02
2547,5.335135923304602557e+02,3.069062861072599731e+02
2548,5.332883006022492509e+02,3.068455409712832420e+02
2549,5.330630980256809153e+02,3.067848686115613077e+02
2550,5.328379844763458095e+02,3.067242689097583934e+02
2551,5.326129598300730095e+02,3.066637417478139582e+02
2552,5.323880239629264679e+02,3.066032870079422423e+02
2553,5.321631767512063789e+02,3.065429045726306185e+02
2554,5.319384180714476997e+02,3.064825943246402744e+02
2555,5.317137478004200375e+02,3.064223561470035406e+02
2556,5.314891658151268530e+02,3.063621899230251984e+02
2557,5.312646719928044377e+02,3.063020955362798077e+02
2558,5.310402662109222547e+02,3.062420728706121622e+02
2559,5.308159483471808926e+02,3.061821218101358113e+02
2560,5.305917224780702099e+02,3.061067035783691495e+02
2561,5.303676105445099438e+02,3.060258565280029188e+02
2562,5.301436169481737579e+02,3.059451109144316092e+02
2563,5.299197415093971131e+02,3.058644666044169185e+02
2564,5.296959856777333471e+02,3.057767444968064865e+02
2565,5.294723607457319758e+02,3.056847489540513152e+02
2566,5.292488703129940859e+02,3.055928391417068610e+02
2567,5.290255179442115150e+02,3.054909121952051692e+02
2568,5.288023144984659893e+02,3.053891431940303391e+02
2569,5.285792596954394185e+02,3.052875318881846738e+02
2570,5.283563539725796545e+02,3.051816205992309392e+02
2571,5.281336058125278896e+02,3.050702247554055475e+02
2572,5.279110201815329901e+02,3.049590177066856995e+02
2573,5.276885967449861710e+02,3.048479990983692005e+02
2574,5.274663351690953732e+02,3.047371685764964582e+02
2575,5.272442351208849232e+02,3.046265257878534385e+02
2576,5.270222962681922354e+02,3.045160703799652424e+02
2577,5.268005190985323907e+02,3.043959257467702173e+02
2578,5.265789318105242955e+02,3.042424976540135049e+02
2579,5.263575677743363030e+02,3.040893396063152636e+02
2580,5.261364264847964023e+02,3.039364511495089118e+02
2581,5.259155074379862072e+02,3.037838318300842388e+02
2582,5.256948101312361814e+02,3.036314811951849606e+02
2583,5.254743340631239334e+02,3.034793987926100272e+02
2584,5.252540787334705783e+02,3.033275841708114058e+02
2585,5.250340436433365312e+02,3.031760368788935125e+02
2586,5.248142282950190065e+02,3.030247564666116773e+02
2587,5.245946318531457564e+02,3.028732652168012578e+02
2588,5.243752594308583639e+02,3.027108179608697469e+02
2589,5.241561221947824833e+02,3.025486599459100603e+02
2590,5.239372196003572526e+02,3.023867906740504736e+02
2591,5.237185510470111467e+02,3.022255360416303347e+02
2592,5.235001153934567810e+02,3.020649134937639815e+02
2593,5.232819117876556447e+02,3.019045775695335578e+02
2594,5.230639396925367919e+02,3.017445277656117923e+02
2595,5.228461985724142096e+02,3.015847635795418569e+02
2596,5.226286878929828390e+02,3.014252845097373097e+02
2597,5.224114071213149373e+02,3.012660900554792534e+02
2598,5.221943557258565534e+02,3.011071797169151409e+02
2599,5.219775331764222983e+02,3.009485529950570708e+02
2600,5.217609389441930716e+02,3.007902093917794559e+02
2601,5.215445725017109453e+02,3.006321484098173755e+02
2602,5.213284333228756395e+02,3.004743695527652108e+02
2603,5.211125208829402027e+02,3.003168723250742573e+02
2604,5.208968346585088511e+02,3.001596562320513613e+02
2605,5.206813741275306029e+02,3.000027207798573272e+02
2606,5.204661387692970038e+02,2.998460654755038490e+02
2607,5.202511280644378076e+02,2.996896898268533960e+02
2608,5.200363414949185881e+02,2.995335933426175643e+02
2609,5.198217785440338048e+02,2.993777755323525298e+02
2610,5.196074386964054383e+02,2.992222359064612078e+02
2611,5.193933214379795800e+02,2.990669739761887058e+02
2612,5.191794262560207471e+02,2.989119892536220391e+02
2613,5.189657526391089277e+02,2.987572812516867771e+02
2614,5.187523000771368515e+02,2.986028494841478960e+02
2615,5.185390680613045333e+02,2.984486934656055723e+02
2616,5.183260560841169990e+02,2.982948127114950694e+02
2617,5.181132636393791699e+02,2.981412067380835538e+02
2618,5.179006902221942710e+02,2.979878750624706072e+02
2619,5.176883353289574643e+02,2.978348172025835083e+02
2620,5.174761984573545988e+02,2.976820326771791088e+02
2621,5.172642791063567529e+02,2.975295210058388307e+02
2622,5.170525767762173928e+02,2.973772817089694058e+02
2623,5.168410909684691887e+02,2.972253143077994082e+02
2624,5.166298211859193543e+02,2.970736183243793107e+02
2625,5.164187669326466903e+02,2.969221932815779041e+02
2626,5.162079277139976057e+02,2.967710387030827519e+02
2627,5.159973030365833893e+02,2.966201541133966657e+02
2628,5.157868924082750937e+02,2.964695390378374782e+02
2629,5.155766953382014890e+02,2.963191930025350871e+02
2630,5.153667113367444017e+02,2.961691155344312278e+02
2631,5.151569399155354176e+02,2.960193061612761198e+02
2632,5.149473805874537220e+02,2.958697644116294896e+02
2633,5.147380328666199603e+02,2.957204898148557390e+02
2634,5.145288962683951013e+02,2.955714819011247982e+02
2635,5.143199703093753214e+02,2.954227402014095105e+02
2636,5.141112545073896172e+02,2.952742642474833588e+02
2637,5.139027483814955986e+02,2.951260535719212044e+02
2638,5.136944514519765335e+02,2.949781077080946829e+02
2639,5.134863632403377096e+02,2.948304261901731707e+02
2640,5.132784832693021144e+02,2.946830085531200893e+02
2641,5.130708110628087297e+02,2.945358543326933045e+02
2642,5.128633461460079843e+02,2.943889630654425105e+02
2643,5.126560889764473359e+02,2.942327799670846957e+02
2644,5.124490628023021372e+02,2.940519485364719117e+02
2645,5.122422909282164483e+02,2.938714915710403943e+02
2646,5.120357726718123104e+02,2.936914082344246708e+02
2647,5.118295073528552734e+02,2.935116976923795846e+02
2648,5.116234942932458125e+02,2.933323591127732470e+02
2649,5.114177328170119381e+02,2.931533916655824328e+02
2650,5.112122222503011812e+02,2.929747945228845083e+02
2651,5.110069619213725787e+02,2.927965668588496442e+02
2652,5.108019510472554998e+02,2.926196217066672602e+02
2653,5.105971870051115502e+02,2.924447117739590567e+02
2654,5.103926675873335057e+02,2.922701723795185558e+02
2655,5.101883921299724420e+02,2.920960026797228579e+02
2656,5.099843599711832667e+02,2.919222018330863193e+02
2657,5.097805704512191483e+02,2.917487690002538443e+02
2658,5.095770229124236721e+02,2.915757033439957695e+02
2659,5.093737166992208358e+02,2.914030040291993942e+02
2660,5.091706511581106156e+02,2.912306702228646031e+02
2661,5.089678256376579952e+02,2.910587010940962500e+02
2662,5.087652394884890441e+02,2.908870958140982452e+02
2663,5.085628920632802874e+02,2.907158535561665076e+02
2664,5.083607827167519986e+02,2.905449734956831662e+02
2665,5.081589108056622877e+02,2.903744548101113878e+02
2666,5.079572756887973810e+02,2.902042966789864522e+02
2667,5.077558767269656528e+02,2.900344982839114891e+02
2668,5.075547132829893826e+02,2.898650588085512254e+02
2669,5.073537847216978776e+02,2.896959774386237996e+02
2670,5.071530904099205941e+02,2.895272533618976922e+02
2671,5.069526297164783841e+02,2.893588857681830859e+02
2672,5.067524020121776971e+02,2.891908738493258966e+02
2673,5.065524071194278122e+02,2.890187475149618308e+02
2674,5.063526549992381547e+02,2.888360981553926763e+02
2675,5.061531551760936054e+02,2.886538401943537338e+02
2676,5.059539069504332929e+02,2.884719727760527235e+02
2677,5.057549096248996534e+02,2.882904950465343177e+02
2678,5.055561625043298477e+02,2.881094061536738309e+02
2679,5.053576648957485986e+02,2.879287052471727861e+02
2680,5.051594161083609151e+02,2.877483914785565844e+02
2681,5.049614154535444754e+02,2.875684640011690476e+02
2682,5.047636622448412140e+02,2.873889219701686102e+02
2683,5.045661557979507279e+02,2.872097645425234305e+02
2684,5.043688954307218069e+02,2.870309908770081506e+02
2685,5.041718804631465787e+02,2.868526001341998040e+02
2686,5.039751101537983686e+02,2.866755736597162922e+02
2687,5.037785809557672110e+02,2.865026921818023879e+02
2688,5.035822886802158109e+02,2.863301129272803109e+02
2689,5.033862327146601388e+02,2.861579238767130278e+02
2690,5.031904123829591526e+02,2.859861241318919838e+02
2691,5.029948270111631246e+02,2.858147127965955292e+02
2692,5.027994759275062506e+02,2.856436889765851674e+02
2693,5.026043584623973288e+02,2.854730517795994160e+02
2694,5.024094739484145293e+02,2.853028003153518171e+02
2695,5.022148217202947649e+02,2.851329336955241160e+02
2696,5.020204011149279495e+02,2.849634510337647271e+02
2697,5.018262114713489268e+02,2.847943514456816843e+02
2698,5.016322521307292277e+02,2.846256340488400838e+02
2699,5.014385224363697375e+02,2.844572979627567975e+02
2700,5.012450217336935339e+02,2.842893423088966642e+02
2701,5.010517493702379284e+02,2.841217662106686248e+02
2702,5.008587046956463951e+02,2.839545687934199805e+02
2703,5.006658870616623744e+02,2.837877491844342330e+02
2704,5.004732958221204626e+02,2.836213065129245479e+02
2705,5.002809303329399313e+02,2.834552399100316507e+02
2706,5.000887899521166560e+02,2.832895485088181431e+02
2707,4.998968740397160104e+02,2.831242314442643533e+02
2708,4.997051819578658751e+02,2.829592878532654368e+02
2709,4.995137130707483379e+02,2.827947168746256352e+02
2710,4.993224667445930436e+02,2.826305176490550366e+02
2711,4.991314423476705429e+02,2.824666893191650843e+02
2712,4.989406392502829135e+02,2.823032310294643707e+02
2713,4.987500568247592128e+02,2.821401419263548291e+02
2714,4.985596944454465529e+02,2.819774211581265604e+02
2715,4.983695514887039053e+02,2.818150678749563554e+02
2716,4.981796273328934035e+02,2.816530812288994525e+02
2717,4.979899213583752271e+02,2.814914603738894812e+02
2718,4.978004329474989618e+02,2.813302044657316401e+02
2719,4.976111614845974600e+02,2.811693126620995713e+02
2720,4.974221063559803042e+02,2.810087841225326883e+02
2721,4.972332669499245981e+02,2.808486180084291846e+02
2722,4.970446426566702485e+02,2.806888134830439867e+02
2723,4.968562328684122349e+02,2.805293697114854012e+02
2724,4.966680369792931060e+02,2.803702858607080088e+02
2725,4.964800541741153097e+02,2.802133337265169644e+02
2726,4.962922802294840494e+02,2.800599348217577358e+02
2727,4.961047117395933697e+02,2.799068511307374365e+02
2728,4.959173481701345167e+02,2.797540820408714239e+02
2729,4.957301889546827738e+02,2.796020904099737550e+02
2730,4.955432322949533273e+02,2.794520854210819607e+02
2731,4.953564761062189632e+02,2.793023931474668302e+02
2732,4.951699198633471610e+02,2.791530129608555626e+02
2733,4.949835630427154456e+02,2.790039442340431606e+02
2734,4.947974051222060439e+02,2.788551863408919758e+02
2735,4.946114455812023607e+02,2.787067386563285822e+02
2736,4.944256839005832944e+02,2.785586005563445724e+02
2737,4.942401195627193715e+02,2.784107714179936579e+02
2738,4.940547517443335437e+02,2.782646694632731510e+02
2739,4.938695787231062582e+02,2.781170176602297488e+02
2740,4.936846022513931871e+02,2.779694123403188541e+02
2741,4.934998219964624582e+02,2.778221157291959003e+02
2742,4.933152374441257280e+02,2.776751272157754897e+02
2743,4.931308480816595079e+02,2.775284461899684629e+02
2744,4.929466533977980589e+02,2.773820720426804769e+02
2745,4.927626528827307197e+02,2.772360041658124032e+02
2746,4.925788460280970185e+02,2.770902419522581681e+02
2747,4.923952323269825229e+02,2.769447847959027627e+02
2748,4.922118112739132130e+02,2.767996320916232662e+02
2749,4.920285823648537189e+02,2.766547832352861747e+02
2750,4.918455450972001586e+02,2.765102376237471162e+02
2751,4.916626989697778072e+02,2.763659946548489188e+02
2752,4.914800434828356401e+02,2.762220537274222352e+02
2753,4.912975781380432068e+02,2.760784142412817346e+02
2754,4.911153024384853438e+02,2.759350755972281490e+02
2755,4.909332158886580828e+02,2.757920371970447491e+02
2756,4.907513179944654667e+02,2.756492984434974574e+02
2757,4.905696082632132402e+02,2.755068587403336551e+02
2758,4.903880862036064627e+02,2.753647174922802492e+02
2759,4.902067513257452447e+02,2.752228741050447525e+02
2760,4.900256031411195750e+02,2.750813279853114182e+02
2761,4.898446411626050008e+02,2.749400785407417516e+02
2762,4.896638649044602971e+02,2.747991251799743964e+02
2763,4.894832738823211571e+02,2.746584673126213261e+02
2764,4.893028676131975203e+02,2.745181043492692652e+02
2765,4.891226456154684570e+02,2.743780357014775859e+02
2766,4.889426074088792120e+02,2.742382607817773419e+02
2767,4.887627525145358618e+02,2.740987790036701881e+02
2768,4.885830804549020741e+02,2.739595897816278693e+02
2769,4.884035907537946173e+02,2.738206925310895485e+02
2770,4.882242829363797796e+02,2.736820866684633415e+02
2771,4.880451565291687643e+02,2.735437716111226791e+02
2772,4.878662110600137112e+02,2.734057467774071029e+02
2773,4.876874460581045696e+02,2.732680115866201618e+02
2774,4.875088610539636420e+02,2.731305654590283325e+02
2775,4.873304555794427415e+02,2.729934078158611328e+02
2776,4.871522291674640428e+02,2.728566930394150063e+02
2777,4.869741711118439298e+02,2.727508688480176033e+02
2778,4.867962510777065290e+02,2.726452912814796150e+02
2779,4.866184686900608654e+02,2.725399597746380778e+02
2780,4.864408235750239555e+02,2.724348737634576310e+02
2781,4.862633153598206945e+02,2.723300326850306305e+02
2782,4.860859436727785123e+02,2.722254359775749322e+02
2783,4.859087081433232811e+02,2.721210830804320722e+02
2784,4.857316084019776099e+02,2.720169734340661876e+02
2785,4.855546440803562405e+02,2.719131064800628792e+02
2786,4.853778145561718134e+02,2.718103480621734889e+02
2787,4.852011185353140945e+02,2.717079230240909169e+02
2788,4.850245555901908006e+02,2.716057404135164575e+02
2789,4.848481253558726394e+02,2.715037996644727514e+02
2790,4.846718274685197798e+02,2.714021002121352240e+02
2791,4.844956615653794643e+02,2.713006414928299250e+02
2792,4.843196272847809496e+02,2.711994229440321078e+02
2793,4.841437242661336882e+02,2.710984440043650352e+02
2794,4.839679521499232919e+02,2.709977041135975355e+02
2795,4.837923105777074966e+02,2.708972027126436046e+02
2796,4.836167991921141720e+02,2.707969392435597911e+02
2797,4.834414176368371159e+02,2.706969131495438887e+02
2798,4.832661655566320746e+02,2.705971238749336862e+02
2799,4.830910425973149813e+02,2.704975708652049207e+02
2800,4.829160484057572376e+02,2.703982535669704248e+02
2801,4.827411826298829851e+02,2.702991714279767166e+02
2802,4.825664449186652405e+02,2.702003238971050223e+02
2803,4.823918349221240192e+02,2.701017104243673543e+02
2804,4.822173522913214470e+02,2.700033304609068523e+02
2805,4.820429966783585769e+02,2.699051834589945429e+02
2806,4.818687677363739681e+02,2.698072688720287715e+02
2807,4.816946651195374898e+02,2.697095861545329853e+02
2808,4.815206884830502077e+02,2.696121347621547102e+02
2809,4.813468374831383016e+02,2.695149141516633335e+02
2810,4.811731117770519859e+02,2.694179237809494794e+02
2811,4.809995110230611317e+02,2.693211631090223932e+02
2812,4.808260348804523119e+02,2.692246315960090897e+02
2813,4.806526830095259015e+02,2.691283287031513396e+02
2814,4.804794550715923833e+02,2.690322538928069207e+02
2815,4.803063507289695053e+02,2.689364066284445016e+02
2816,4.801333696449795525e+02,2.688407863746453472e+02
2817,4.799605114839446856e+02,2.687453925970993964e+02
2818,4.797877759111855198e+02,2.686502247626041822e+02
2819,4.796151625930174305e+02,2.685552823390642061e+02
2820,4.794426711967462893e+02,2.684605647954883807e+02
2821,4.792703013906675551e+02,2.683660716019883807e+02
2822,4.790980528440614421e+02,2.682718022297781317e+02
2823,4.789259252271900777e+02,2.681777561511710815e+02
2824,4.787539182112950584e+02,2.680839328395784378e+02
2825,4.785820314685934136e+02,2.679903317695091687e+02
2826,4.784102646722761278e+02,2.678969524165665916e+02
2827,4.782386174965031955e+02,2.678037942574483168e+02
2828,4.780670896164018018e+02,2.677108567699428363e+02
2829,4.778956807080627982e+02,2.676181394329296381e+02
2830,4.777243904485380881e+02,2.675256417263768753e+02
2831,4.775532185158375000e+02,2.674333631313403430e+02
2832,4.773821645889248657e+02,2.673413031299605223e+02
2833,4.772112283477168830e+02,2.672494612054625236e+02
2834,4.770404094730780002e+02,2.671578368421534719e+02
2835,4.768697076468196769e+02,2.670664295254215403e+02
2836,4.766991225516951545e+02,2.669752387417339037e+02
2837,4.765286538713978644e+02,2.668842639786354880e+02
2838,4.763583027901928517e+02,2.667874680057840351e+02
2839,4.761880761722142665e+02,2.666891726933511677e+02
2840,4.760179749087789673e+02,2.665910988568791709e+02
2841,4.758479986714241932e+02,2.664932460021802285e+02
2842,4.756781471326273163e+02,2.663956136360060327e+02
2843,4.755084199658053876e+02,2.662982012660472719e+02
2844,4.753388168453099070e+02,2.662010084009304478e+02
2845,4.751693374464256294e+02,2.661040345502202626e+02
2846,4.749999814453665294e+02,2.660072792244141624e+02
2847,4.748307483544043635e+02,2.659112787237856423e+02
2848,4.746616373221822300e+02,2.658155128303165498e+02
2849,4.744926480189288895e+02,2.657199611542510524e+02
2850,4.743237801286686022e+02,2.656246232223855372e+02
2851,4.741550333363197751e+02,2.655294985624019546e+02
2852,4.739864073276928593e+02,2.654345867028661132e+02
2853,4.738179017894875642e+02,2.653398871732275097e+02
2854,4.736495164092898449e+02,2.652453995038177368e+02
2855,4.734812508755698559e+02,2.651511232258499149e+02
2856,4.733131048776790522e+02,2.650570578714178396e+02
2857,4.731450781058475741e+02,2.649632029734935941e+02
2858,4.729771702511814624e+02,2.648695580659294251e+02
2859,4.728093810056608390e+02,2.647761226834531385e+02
2860,4.726417100621362692e+02,2.646828963616708279e+02
2861,4.724741571143269425e+02,2.645898786370627249e+02
2862,4.723067218568180010e+02,2.644970690469844499e+02
2863,4.721394039850578110e+02,2.644044671296644538e+02
2864,4.719722031953552346e+02,2.643120724242045299e+02
2865,4.718051191848772419e+02,2.642198844705771990e+02
2866,4.716381516516470924e+02,2.641279028096260504e+02
2867,4.714713002945404128e+02,2.640361269830641504e+02
2868,4.713045648132842871e+02,2.639445565334735306e+02
2869,4.711379449084531643e+02,2.638531910043034259e+02
2870,4.709714402814673804e+02,2.637620299398695352e+02
2871,4.708050506345902591e+02,2.636710728853537375e+02
2872,4.706387756709263499e+02,2.635803193868021026e+02
2873,4.704726150944173355e+02,2.634897689911248335e+02
2874,4.703065686098415767e+02,2.633994212460945050e+02
2875,4.701406359228098495e+02,2.633092757003450970e+02
2876,4.699748163447463298e+02,2.632223008304648602e+02
2877,4.698091044249417791e+02,2.631395701206648710e+02
2878,4.696434950137543183e+02,2.630674862917473433e+02
2879,4.694779710694688788e+02,2.630067036526307902e+02
2880,4.693125235772542396e+02,2.629460266943008264e+02
2881,4.691471523865715767e+02,2.628854552352423752e+02
2882,4.689818573472015828e+02,2.628249890942224170e+02
2883,4.688166383092447518e+02,2.627646280902903868e+02
2884,4.686514951231198438e+02,2.627043720427772087e+02
2885,4.684864268921257917e+02,2.626486779860758816e+02
2886,4.683214267409943545e+02,2.625969687136995390e+02
2887,4.681564915310603396e+02,2.625453384122928355e+02
2888,4.679916211503901309e+02,2.624937869644297166e+02
2889,4.678268154872568516e+02,2.624423142528434596e+02
2890,4.676620744301386594e+02,2.623909201604262762e+02
2891,4.674973978677190303e+02,2.623396045702299375e+02
2892,4.673327856888861902e+02,2.622883673654647509e+02
2893,4.671682377827325467e+02,2.622372084295001855e+02
2894,4.670037540385538364e+02,2.621861276458631664e+02
2895,4.668393343458502045e+02,2.621351248982397806e+02
2896,4.666749785943238180e+02,2.620842000704743100e+02
2897,4.665106866738810822e+02,2.620333530465685499e+02
2898,4.663464584746289461e+02,2.619825837106822064e+02
2899,4.661822938868770052e+02,2.619318919471326694e+02
2900,4.660181928011365926e+02,2.618812776403944440e+02
2901,4.658541551081194712e+02,2.618307406750994915e+02
2902,4.656901806987387999e+02,2.617802809360370020e+02
2903,4.655262694641075427e+02,2.617298983081526558e+02
2904,4.653624212955384110e+02,2.616795926765486229e+02
2905,4.651986360845443755e+02,2.616293639264844728e+02
2906,4.650349137228364498e+02,2.615792119433747871e+02
2907,4.648712541023253948e+02,2.615291366127912625e+02
2908,4.647076571151197300e+02,2.614791378204611760e+02
2909,4.645441267148680708e+02,2.614115948000089702e+02
2910,4.643806841756347694e+02,2.613378754144148957e+02
2911,4.642173337726839009e+02,2.612642854247953892e+02
2912,4.640540753183824449e+02,2.611908246119035084e+02
2913,4.638909086255073362e+02,2.611174927568192174e+02
2914,4.637278335072451227e+02,2.610442896409492164e+02
2915,4.635648497771907159e+02,2.609712150460252360e+02
2916,4.634019572493467081e+02,2.608982687541052314e+02
2917,4.632391557381220650e+02,2.608254505475725864e+02
2918,4.630764450583317853e+02,2.607527602091354879e+02
2919,4.629138250251952513e+02,2.606801975218264147e+02
2920,4.627512954543356614e+02,2.606077622690023077e+02
2921,4.625888561617787786e+02,2.605354542343445701e+02
2922,4.624265069639527042e+02,2.604632732018570778e+02
2923,4.622642476776865692e+02,2.603912189558682826e+02
2924,4.621020781202088870e+02,2.603192912810278585e+02
2925,4.619399981091476661e+02,2.602474899623097144e+02
2926,4.617780074625289899e+02,2.601758147850083560e+02
2927,4.616161059987763338e+02,2.601042655347413870e+02
2928,4.614542932689819850e+02,2.600357369784048274e+02
2929,4.612925629991373739e+02,2.599741711580786614e+02
2930,4.611309092718528859e+02,2.599127182655691968e+02
2931,4.609693319286633937e+02,2.598513780892430987e+02
2932,4.608078308114664310e+02,2.597901504178441883e+02
2933,4.606464057625211126e+02,2.597290350404932155e+02
2934,4.604850566244472816e+02,2.596680317466860970e+02
2935,4.603237832402245431e+02,2.596071403262956210e+02
2936,4.601625854531915820e+02,2.595463605695681508e+02
2937,4.600014631070445716e+02,2.594856922671253301e+02
2938,4.598404160458372871e+02,2.594251352099617520e+02
2939,4.596794441139795140e+02,2.593646891894464943e+02
2940,4.595185471562364796e+02,2.593043539973199358e+02
2941,4.593577250177280575e+02,2.592441294256963147e+02
2942,4.591969775439268346e+02,2.591840152670590669e+02
2943,4.590363045806595323e+02,2.591240113142650898e+02
2944,4.588757059741037097e+02,2.590641173605409335e+02
2945,4.587151815707877631e+02,2.590043331994822324e+02
2946,4.585547312175908701e+02,2.589446586250552969e+02
2947,4.583943547617411127e+02,2.588850934315944983e+02
2948,4.582340520508150234e+02,2.588256374138028946e+02
2949,4.580738229327365616e+02,2.587662903667512069e+02
2950,4.579136672557760903e+02,2.587070520858771374e+02
2951,4.577535848685500923e+02,2.586479223669854264e+02
2952,4.575935756200204310e+02,2.585889010062468856e+02
2953,4.574336393594920764e+02,2.585299878001974321e+02
2954,4.572737759366136743e+02,2.584711825457383725e+02
2955,4.571139852013764653e+02,2.584124850401357776e+02
2956,4.569542670041129782e+02,2.583538950810188339e+02
2957,4.567946211954967453e+02,2.582954124663809239e+02
2958,4.566350476265404836e+02,2.582370369945778634e+02
2959,4.564755461485964361e+02,2.581787684643273906e+02
2960,4.563161168700613075e+02,2.581190929308493196e+02
2961,4.561567618484294258e+02,2.580582882831389497e+02
2962,4.559974818635869269e+02,2.579976026160107949e+02
2963,4.558382767510921667e+02,2.579370356742164745e+02
2964,4.556791463469217547e+02,2.578765872030947435e+02
2965,4.555200904874698153e+02,2.578162569485709241e+02
2966,4.553611090095456007e+02,2.577560446571543480e+02
2967,4.552022017503737743e+02,2.576959500759385833e+02
2968,4.550433685475919674e+02,2.576359729525991042e+02
2969,4.548846092392500964e+02,2.575761130353910744e+02
2970,4.547259236638092830e+02,2.575163700731508243e+02
2971,4.545673116601407173e+02,2.574567438152905652e+02
2972,4.544087730675232706e+02,2.573972340117998669e+02
2973,4.542503077256445749e+02,2.573378404132437254e+02
2974,4.540919154745970445e+02,2.572785627707600611e+02
2975,4.539335961548799219e+02,2.572194008360596627e+02
2976,4.537753497292667362e+02,2.571575727941966534e+02
2977,4.536171852224023837e+02,2.570791217793120040e+02
2978,4.534591171663650471e+02,2.570008146336336949e+02
2979,4.533011453549386829e+02,2.569226510951871205e+02
2980,4.531432695823913832e+02,2.568446309024283210e+02
2981,4.529854896434727038e+02,2.567667537942465401e+02
2982,4.528278053334137212e+02,2.566890195099610423e+02
2983,4.526702164479247017e+02,2.566114277893226472e+02
2984,4.525127227831947039e+02,2.565339783725119105e+02
2985,4.523553241358903279e+02,2.564566710001390675e+02
2986,4.521980203031541237e+02,2.563795054132430664e+02
2987,4.520408110826035681e+02,2.563024813532917960e+02
2988,4.518836962723298711e+02,2.562255985621803802e+02
2989,4.517266756708966682e+02,2.561488567822313485e+02
2990,4.515697490773397362e+02,2.560722557561948065e+02
2991,4.514129162911636968e+02,2.559957952272455088e+02
2992,4.512561771123431527e+02,2.559194749389849051e+02
2993,4.510995313413204713e+02,2.558432946354392072e+02
2994,4.509429787790041360e+02,2.557672540610589067e+02
2995,4.507865192267684051e+02,2.556913529607188309e+02
2996,4.506301524864520047e+02,2.556155910797165802e+02
2997,4.504738783603564229e+02,2.555399681637731817e+02
2998,4.503176966512452850e+02,2.554644839590310141e+02
2999,4.501616071623431026e+02,2.553891382120551441e+02
3000,4.500056096973337958e+02,2.553139306698310236e+02
3001,4.498497040603600681e+02,2.552388610797648028e+02
3002,4.496938900560216439e+02,2.551639291896830741e+02
3003,4.495381674893747004e+02,2.550891347478311104e+02
3004,4.493825361659303326e+02,2.550144775028736319e+02
3005,4.492269958916537576e+02,2.549399572038936128e+02
3006,4.490715464729623818e+02,2.548655736003911443e+02
3007,4.489161877167258581e+02,2.547913264422850261e+02
3008,4.487609194302640390e+02,2.547172154799084751e+02
3009,4.486057414213458969e+02,2.546432404640132745e+02
3010,4.484506534981898085e+02,2.545694011457648855e+02
3011,4.482956770762345400e+02,2.544163140546253885e+02
3012,4.481408923655439480e+02,2.542540969320954503e+02
3013,4.479863049069379031e+02,2.540922068454383123e+02
3014,4.478319141773614547e+02,2.539306431434681031e+02
3015,4.476777196553084082e+02,2.537694051761855007e+02
3016,4.475237208208170046e+02,2.536084922947761413e+02
3017,4.473699171554662826e+02,2.534479038516088281e+02
3018,4.472163081423693143e+02,2.532876392002339969e+02
3019,4.470628932661692829e+02,2.531276976953818689e+02
3020,4.469096720130343670e+02,2.529680786929591534e+02
3021,4.467566438706530789e+02,2.528087815500493321e+02
3022,4.466038083282288085e+02,2.526498056249096180e+02
3023,4.464511648764752181e+02,2.524911502769689378e+02
3024,4.462987130076120366e+02,2.523328148668269364e+02
3025,4.461464522153588632e+02,2.521747987562509650e+02
3026,4.459943819949317572e+02,2.520171013081761942e+02
3027,4.458425018430377236e+02,2.518597218867012373e+02
3028,4.456908112578695977e+02,2.517026598570885199e+02
3029,4.455393097391024639e+02,2.515459145857604994e+02
3030,4.453879956044474397e+02,2.513937373046184689e+02
3031,4.452368642310926248e+02,2.512422096771864801e+02
3032,4.450859149281723148e+02,2.510909849600253665e+02
3033,4.449351472223142991e+02,2.509400625383117927e+02
3034,4.447845610939016296e+02,2.507824017637383349e+02
3035,4.446341734620776833e+02,2.505992990107510821e+02
3036,4.444840052274161621e+02,2.504167518108218360e+02
3037,4.443340555648783834e+02,2.502347582767665983e+02
3038,4.441843236531347543e+02,2.500533165273303666e+02
3039,4.440348086745487990e+02,2.498724246871745152e+02
3040,4.438855098151580023e+02,2.496920808868643462e+02
3041,4.437364262646562452e+02,2.495122832628561298e+02
3042,4.435875572163764105e+02,2.493330299574830917e+02
3043,4.434389018672715110e+02,2.491543191189442439e+02
3044,4.432904594178986031e+02,2.489761489012900029e+02
3045,4.431422290724004256e+02,2.487985174644101960e+02
3046,4.429942100384880064e+02,2.486214229740207315e+02
3047,4.428464015274236090e+02,2.484448636016508942e+02
3048,4.426988027540029407e+02,2.482688375246302996e+02
3049,4.425514129365387248e+02,2.480933429260754224e+02
3050,4.424042312968432498e+02,2.479183779948781421e+02
3051,4.422572570602109181e+02,2.477439409256913336e+02
3052,4.421104894554023872e+02,2.475700299189162763e+02
3053,4.419639277146267204e+02,2.473966431806906030e+02
3054,4.418175710735254711e+02,2.472237789228740894e+02
3055,4.416714187711550039e+02,2.470514353630360915e+02
3056,4.415254700499713749e+02,2.468796107244438076e+02
3057,4.413797241558124256e+02,2.467083032360469304e+02
3058,4.412341803378821510e+02,2.465375111324672162e+02
3059,4.410888378487346131e+02,2.463672326539836774e+02
3060,4.409436959442563762e+02,2.461974660465206739e+02
3061,4.407987538836524664e+02,2.460282095616347533e+02
3062,4.406540108335797186e+02,2.458605401362920020e+02
3063,4.405094639333863142e+02,2.456958683541051585e+02
3064,4.403651104816817110e+02,2.455316983214642050e+02
3065,4.402209497601618864e+02,2.453680282741191263e+02
3066,4.400769810537715898e+02,2.452048564536035542e+02
3067,4.399332036506888812e+02,2.450421811072223761e+02
3068,4.397896168423100107e+02,2.448800004880375241e+02
3069,4.396462193560452079e+02,2.447203831099805882e+02
3070,4.395030085532573025e+02,2.445613992682441165e+02
3071,4.393599836522159876e+02,2.444029050137441175e+02
3072,4.392171439603321801e+02,2.442448985912478463e+02
3073,4.390744887881782574e+02,2.440873782513366166e+02
3074,4.389320174494717435e+02,2.439303422503866443e+02
3075,4.387897292614705407e+02,2.437735971321845341e+02
3076,4.386476313815614958e+02,2.435914332615824378e+02
3077,4.385057456522180246e+02,2.434098860499780130e+02
3078,4.383640696166237944e+02,2.432344934821024651e+02
3079,4.382225977952696780e+02,2.430579550687060646e+02
3080,4.380813317263388740e+02,2.428807008012257427e+02
3081,4.379402714897872215e+02,2.427040367812511192e+02
3082,4.377994162509729676e+02,2.425279607530165720e+02
3083,4.376587651793622058e+02,2.423524704685401900e+02
3084,4.375183174485086965e+02,2.421775636876051010e+02
3085,4.373780722360315281e+02,2.420032381777425883e+02
3086,4.372380287235936862e+02,2.418294917142137876e+02
3087,4.370981860968814772e+02,2.416563220799938279e+02
3088,4.369585435455828133e+02,2.414837270657533281e+02
3089,4.368191002633667495e+02,2.413117044698405209e+02
3090,4.366798554478621668e+02,2.411402520982647104e+02
3091,4.365408083006368543e+02,2.409693677646774859e+02
3092,4.364019580271778409e+02,2.407990492903566064e+02
3093,4.362633038368697385e+02,2.406292945041880671e+02
3094,4.361248449429743914e+02,2.404601012426469993e+02
3095,4.359865805626116071e+02,2.402914673497820388e+02
3096,4.358485099167378394e+02,2.401233906771970510e+02
3097,4.357106322301259524e+02,2.399558690840324289e+02
3098,4.355729467313466330e+02,2.397889004369491204e+02
3099,4.354354525872275872e+02,2.396234014506740095e+02
3100,4.352981470531510126e+02,2.394612282965321697e+02
3101,4.351610271819636750e+02,2.392996061037918025e+02
3102,4.350240922180078087e+02,2.391385327293653233e+02
3103,4.348873414093497445e+02,2.389780060376763231e+02
3104,4.347507740077625726e+02,2.388180239006432828e+02
3105,4.346143892687041443e+02,2.386585841976627762e+02
3106,4.344781864513005871e+02,2.384996848155914222e+02
3107,4.343421648183240791e+02,2.383413236487287179e+02
3108,4.342063236361769896e+02,2.381834985987997584e+02
3109,4.340706621748697671e+02,2.380262075749380415e+02
3110,4.339351797080049096e+02,2.378694484936690401e+02
3111,4.337998755127558752e+02,2.377132192788897669e+02
3112,4.336647488698496886e+02,2.375575178618562688e+02
3113,4.335297990635477277e+02,2.374023421811611740e+02
3114,4.333950253816282157e+02,2.372476901827202198e+02
3115,4.332604271153662125e+02,2.370935598197519312e+02
3116,4.331260035595170734e+02,2.369399490527626142e+02
3117,4.329917540122968944e+02,2.367868558495269440e+02
3118,4.328576777753654028e+02,2.366342781850716506e+02
3119,4.327237741538070850e+02,2.364822140416572154e+02
3120,4.325900424561143041e+02,2.363306614087614719e+02
3121,4.324564819941682572e+02,2.361796182830603357e+02
3122,4.323230920832226616e+02,2.360290826684125420e+02
3123,4.321898720418848256e+02,2.358790525758397223e+02
3124,4.320568211920991075e+02,2.357295260235102319e+02
3125,4.319239388591290094e+02,2.355805010367218699e+02
3126,4.317912243715396130e+02,2.354319756478826093e+02
3127,4.316586770611814927e+02,2.352839478964950501e+02
3128,4.315262962631720711e+02,2.351364158291372348e+02
3129,4.313940813158793048e+02,2.349893774994451690e+02
3130,4.312620315609052000e+02,2.348428309680959387e+02
3131,4.311301463430675653e+02,2.346967743027901463e+02
3132,4.309984254693112007e+02,2.345490429721266707e+02
3133,4.308668706021180697e+02,2.344010958448965880e+02
3134,4.307354815374482655e+02,2.342536254496636445e+02
3135,4.306042576370770121e+02,2.341066299408859948e+02
3136,4.304731982658508400e+02,2.339601074798027298e+02
3137,4.303423027916730348e+02,2.338140562344156592e+02
3138,4.302115705854869248e+02,2.336684743794705241e+02
3139,4.300810010212597376e+02,2.335233600964398022e+02
3140,4.299505934759677075e+02,2.333787115735040913e+02
3141,4.298203473295790786e+02,2.332345270055333799e+02
3142,4.296902619650406336e+02,2.330908045940693398e+02
3143,4.295603367682600719e+02,2.329475425473063694e+02
3144,4.294305711280915148e+02,2.328047390800749383e+02
3145,4.293009644363206689e+02,2.326623924138213795e+02
3146,4.291715160876481718e+02,2.325205007765902963e+02
3147,4.290422254796762900e+02,2.323790624030072252e+02
3148,4.289130920128923776e+02,2.322380755342591101e+02
3149,4.287841150906535859e+02,2.320975384180769652e+02
3150,4.286552941191743002e+02,2.319574493087173153e+02
3151,4.285266284926372578e+02,2.318180623038730062e+02
3152,4.283981170307415027e+02,2.316800831807034342e+02
3153,4.282697584056404025e+02,2.315425426392090458e+02
3154,4.281415520411082980e+02,2.314054389716098967e+02
3155,4.280134973636720588e+02,2.312687704765648391e+02
3156,4.278855938025974410e+02,2.311325354591513985e+02
3157,4.277578407898741375e+02,2.309967322308480959e+02
3158,4.276302377602020215e+02,2.308613591095165987e+02
3159,4.275027841509774476e+02,2.307264144193819391e+02
3160,4.273754794022777332e+02,2.305918964910144950e+02
3161,4.272483229568492789e+02,2.304578036613117433e+02
3162,4.271213142600916512e+02,2.303241342734795296e+02
3163,4.269944527600454194e+02,2.301908866770133102e+02
3164,4.268677379073774318e+02,2.300580592276807010e+02
3165,4.267411691553675723e+02,2.299256502875019805e+02
3166,4.266147459598952878e+02,2.297936582247318711e+02
3167,4.264884677794255481e+02,2.296620814138417757e+02
3168,4.263623340749960562e+02,2.295309182355002520e+02
3169,4.262363443102031511e+02,2.294001670765555048e+02
3170,4.261104928417316273e+02,2.293001064589112730e+02
3171,4.259847426711092453e+02,2.292192585645817360e+02
3172,4.258590811242104905e+02,2.291385705041293761e+02
3173,4.257335079946934684e+02,2.290580419169247932e+02
3174,4.256080230767962576e+02,2.289776724431621915e+02
3175,4.254826261653347501e+02,2.288974617238573330e+02
3176,4.253573170557009462e+02,2.288174094008450083e+02
3177,4.252320955438615329e+02,2.287375151167797753e+02
3178,4.251069614263554968e+02,2.286577785151315823e+02
3179,4.249819145002931009e+02,2.285781992401863363e+02
3180,4.248569545633532130e+02,2.284987769370428623e+02
3181,4.247320814137818843e+02,2.284195112516119082e+02
3182,4.246072948503905309e+02,2.283404018306149226e+02
3183,4.244825946725550239e+02,2.282614483215814403e+02
3184,4.243579806802117673e+02,2.281826503728485989e+02
3185,4.242334526738586646e+02,2.281040076335585240e+02
3186,4.241090104545511394e+02,2.280255197536576190e+02
3187,4.239846538239013398e+02,2.279471863838942056e+02
3188,4.238603825840767172e+02,2.278690071758175009e+02
3189,4.237361965377976958e+02,2.277909817817758835e+02
3190,4.236120954883359104e+02,2.277131098549148192e+02
3191,4.234880792395124445e+02,2.276353910491763202e+02
3192,4.233641475956973181e+02,2.275578250192959899e+02
3193,4.232403003618057369e+02,2.274804114208026817e+02
3194,4.231165373432982051e+02,2.274031499100163103e+02
3195,4.229928583461776270e+02,2.273260401440466012e+02
3196,4.228692631769881700e+02,2.272490817807903625e+02
3197,4.227457516428135023e+02,2.271722744789323372e+02
3198,4.226223235512752012e+02,2.270956178979406559e+02
3199,4.224989792222108917e+02,2.270171692656880396e+02
3200,4.223757200933337685e+02,2.269388147123827935e+02
3201,4.222525460002647719e+02,2.268606154605530776e+02
3202,4.221294567452120532e+02,2.267825711735549419e+02
3203,4.220064521309229804e+02,2.267046815154382102e+02
3204,4.218835319606816938e+02,2.266269461509449457e+02
3205,4.217606960383096748e+02,2.265493647455085693e+02
3206,4.216379441681614821e+02,2.264719369652526098e+02
3207,4.215152761551249796e+02,2.263946624769902769e+02
3208,4.213926918046195169e+02,2.263175409482223017e+02
3209,4.212701909225937129e+02,2.262405720471366521e+02
3210,4.211477733155242618e+02,2.261637554426075667e+02
3211,4.210254387904142845e+02,2.260870908041932239e+02
3212,4.209031871547921924e+02,2.260105778021361118e+02
3213,4.207810182167094126e+02,2.259342161073612090e+02
3214,4.206589317847394227e+02,2.258580053914750749e+02
3215,4.205369276679758741e+02,2.257819453267645429e+02
3216,4.204150056760313419e+02,2.257060355861955259e+02
3217,4.202931656190352783e+02,2.256302758434131590e+02
3218,4.201714073076333307e+02,2.255546657727388720e+02
3219,4.200497305529843288e+02,2.254792050491699911e+02
3220,4.199281351667612512e+02,2.254038933483795688e+02
3221,4.198066209611468480e+02,2.253287303467140816e+02
3222,4.196851877488342097e+02,2.252537157211928900e+02
3223,4.195638353430239817e+02,2.251788491495070730e+02
3224,4.194425635574237958e+02,2.251041303100180642e+02
3225,4.193213722062463376e+02,2.250295588817573957e+02
3226,4.192002611042080957e+02,2.249551345444247374e+02
3227,4.190792300870625127e+02,2.248798441078457699e+02
3228,4.189582836329529414e+02,2.247922795648488261e+02
3229,4.188374313139780156e+02,2.247048817829773100e+02
3230,4.187166729143254429e+02,2.246176504273337571e+02
3231,4.185960082187505122e+02,2.245305851636535124e+02
3232,4.184754370125758669e+02,2.244436856583041049e+02
3233,4.183549590552187283e+02,2.243579319015145188e+02
3234,4.182345705202516797e+02,2.242810943132201658e+02
3235,4.181142644060342377e+02,2.242043795959577324e+02
3236,4.179940405526111249e+02,2.241277875536964359e+02
3237,4.178738988003734107e+02,2.240513179906905634e+02
3238,4.177538389900557831e+02,2.239749707114770274e+02
3239,4.176338609627371170e+02,2.238987455208758774e+02
3240,4.175139645598389961e+02,2.238226422239907834e+02
3241,4.173941496231245196e+02,2.237466606262065625e+02
3242,4.172744159946990976e+02,2.236708005331914535e+02
3243,4.171547635170077797e+02,2.235950617508950984e+02
3244,4.170351920328355391e+02,2.235194440855487414e+02
3245,4.169157013853063063e+02,2.234439473436645187e+02
3246,4.167962914178821734e+02,2.233685713320364528e+02
3247,4.166769619743622002e+02,2.232933158577386905e+02
3248,4.165577128988824143e+02,2.232181807281252475e+02
3249,4.164385440359142194e+02,2.231431657508311730e+02
3250,4.163194552302638272e+02,2.230682707337707313e+02
3251,4.162004463270721430e+02,2.229934954851372879e+02
3252,4.160815181802747134e+02,2.229133864917221786e+02
3253,4.159626765280671634e+02,2.228310007176705767e+02
3254,4.158439226741640482e+02,2.227487579166709395e+02
3255,4.157252564338459706e+02,2.226666578167060493e+02
3256,4.156066776228522599e+02,2.225847001463408787e+02
3257,4.154881860573784707e+02,2.225028846347215108e+02
3258,4.153697815540762690e+02,2.224212110115736323e+02
3259,4.152514639300509884e+02,2.223396790072015961e+02
3260,4.151332330028611182e+02,2.222582883524860620e+02
3261,4.150150885905169957e+02,2.221770387788834000e+02
3262,4.148970305114784196e+02,2.220959300184224787e+02
3263,4.147790585846547629e+02,2.220149618037059156e+02
3264,4.146611726294030404e+02,2.219341338679067519e+02
3265,4.145433724655258061e+02,2.218534459447670599e+02
3266,4.144256579132715501e+02,2.217728977685971188e+02
3267,4.143080287933319141e+02,2.216924890742738796e+02
3268,4.141904849268412931e+02,2.216122195972390614e+02
3269,4.140730261353750166e+02,2.215320890734979571e+02
3270,4.139556522409482682e+02,2.214520972396187233e+02
3271,4.138383630660152903e+02,2.213722438327297368e+02
3272,4.137211584334665986e+02,2.212925285905186570e+02
3273,4.136040381666301755e+02,2.212129512512315443e+02
3274,4.134870020892669800e+02,2.211335115536703029e+02
3275,4.133700500255733914e+02,2.210542092371927936e+02
3276,4.132531818001768329e+02,2.209750440417101345e+02
3277,4.131363972381361123e+02,2.208960157076855921e+02
3278,4.130196961649398872e+02,2.208171239761341553e+02
3279,4.129030784065050170e+02,2.207383685886193234e+02
3280,4.127865437891759939e+02,2.206597492872532769e+02
3281,4.126700921397232946e+02,2.205812658146955130e+02
3282,4.125537232853420733e+02,2.205029179141496627e+02
3283,4.124374370536513084e+02,2.204247053293646843e+02
3284,4.123212332726918135e+02,2.203466278046310833e+02
3285,4.122051117709262940e+02,2.202686850847814242e+02
3286,4.120890723772369029e+02,2.201908769151878573e+02
3287,4.119731149209248997e+02,2.201132030417617784e+02
3288,4.118572392317086610e+02,2.200356632109505313e+02
3289,4.117414451397231119e+02,2.199582571697384310e+02
3290,4.116257324755182481e+02,2.198809846656437514e+02
3291,4.115101003303146854e+02,2.198105790193925770e+02
3292,4.113945386990749284e+02,2.197496821477649291e+02
3293,4.112790410634916611e+02,2.196889026977935941e+02
3294,4.111636072825058363e+02,2.196282404019691796e+02
3295,4.110482372154407926e+02,2.195676949934497770e+02
3296,4.109329307220027658e+02,2.195072662060569257e+02
3297,4.108176876622779901e+02,2.194469537742744478e+02
3298,4.107025078967332661e+02,2.193867574332477659e+02
3299,4.105873912862128350e+02,2.193266769187802652e+02
3300,4.104723376919388897e+02,2.192667119673336913e+02
3301,4.103573469755093015e+02,2.192068623160245977e+02
3302,4.102424189988966532e+02,2.191471277026231803e+02
3303,4.101275536244476143e+02,2.190875078655526522e+02
3304,4.100127507148810082e+02,2.190280025438859752e+02
3305,4.098980101332874142e+02,2.189686114773452346e+02
3306,4.097833317431270075e+02,2.189093344062991662e+02
3307,4.096687154082293318e+02,2.188501710717621620e+02
3308,4.095541609927920490e+02,2.187911212153920246e+02
3309,4.094396683613788355e+02,2.187321845794887452e+02
3310,4.093252373789196099e+02,2.186733609069923432e+02
3311,4.092108679107082594e+02,2.186146499414818436e+02
3312,4.090965598224020709e+02,2.185560514271728607e+02
3313,4.089823129800207653e+02,2.184975651089164330e+02
3314,4.088681272499445640e+02,2.184391907321972326e+02
3315,4.087540024989137351e+02,2.183809280431316324e+02
3316,4.086399385940274556e+02,2.183227767884667401e+02
3317,4.085259354027426753e+02,2.182647367155781808e+02
3318,4.084119927928724678e+02,2.182068075724685912e+02
3319,4.082981106325854626e+02,2.181489891077654875e+02
3320,4.081842887904047643e+02,2.180912810707213794e+02
3321,4.080705271352060777e+02,2.180336832112092225e+02
3322,4.079568255362186164e+02,2.179761952797242941e+02
3323,4.078431838630206130e+02,2.179188170273789353e+02
3324,4.077296019496655504e+02,2.178618925201011791e+02
3325,4.076160791551754414e+02,2.178055922445205113e+02
3326,4.075026150030894314e+02,2.177493969127605737e+02
3327,4.073892093689987632e+02,2.176933062934557768e+02
3328,4.072758621288206200e+02,2.176373201557980224e+02
3329,4.071625731587965333e+02,2.175814382695329527e+02
3330,4.070493423354915876e+02,2.175256604049606324e+02
3331,4.069361695357927715e+02,2.174699863329323364e+02
3332,4.068230546369089211e+02,2.174144158248506642e+02
3333,4.067099975163690146e+02,2.173589486526668679e+02
3334,4.065969980520223999e+02,2.173035845888810229e+02
3335,4.064840561220354402e+02,2.172483234065383897e+02
3336,4.063711716048937319e+02,2.171931648792306930e+02
3337,4.062583443793981814e+02,2.171381087810931660e+02
3338,4.061455743246661427e+02,2.170831548868030154e+02
3339,4.060328613201291432e+02,2.170283029715787393e+02
3340,4.059202052455332250e+02,2.169735528111788483e+02
3341,4.058076059809362164e+02,2.169189041818996202e+02
3342,4.056950634067091528e+02,2.168643568605754126e+02
3343,4.055825774035326390e+02,2.168099106245750534e+02
3344,4.054701478523978153e+02,2.167555652518025227e+02
3345,4.053577746346054482e+02,2.167013205206945372e+02
3346,4.052454576317637702e+02,2.166471762102194418e+02
3347,4.051331967257881956e+02,2.165931320998759873e+02
3348,4.050209917989008659e+02,2.165391879696918807e+02
3349,4.049088427336291147e+02,2.164853436002226204e+02
3350,4.047967494128047292e+02,2.164315987725500463e+02
3351,4.046847117195630972e+02,2.163779532682810895e+02
3352,4.045727295373421271e+02,2.163244068695462374e+02
3353,4.044608027498811680e+02,2.162709593589984252e+02
3354,4.043489312412213508e+02,2.162176105198120410e+02
3355,4.042371148957026890e+02,2.161643601356809938e+02
3356,4.041253535979647040e+02,2.161112079908173769e+02
3357,4.040136472329450612e+02,2.160581538699512123e+02
3358,4.039019956858785463e+02,2.160051975583282626e+02
3359,4.037903988422962129e+02,2.159523388417085243e+02
3360,4.036788565880249848e+02,2.158995775063655458e+02
3361,4.035673688091857230e+02,2.158469133390851766e+02
3362,4.034559353921935667e+02,2.157943461271637204e+02
3363,4.033445562237561717e+02,2.157418756584071673e+02
3364,4.032332311908733118e+02,2.156895017211296590e+02
3365,4.031219601808355151e+02,2.156372241041526081e+02
3366,4.030107427204775945e+02,2.155876225628395559e+02
3367,4.028995755322601440e+02,2.155402900127611474e+02
3368,4.027884571330417884e+02,2.154930432722454725e+02
3369,4.026773874237011341e+02,2.154458821570074747e+02
3370,4.025663663053636014e+02,2.153988064831803229e+02
3371,4.024553936794025049e+02,2.153518160673162072e+02
3372,4.023444694474376888e+02,2.153049107263829285e+02
3373,4.022335931031224163e+02,2.152618711285346933e+02
3374,4.021227591517301221e+02,2.152241399344961224e+02
3375,4.020119640376917687e+02,2.151864669472897731e+02
3376,4.019012076943117222e+02,2.151488520479218778e+02
3377,4.017904900550481102e+02,2.151112951177261152e+02
3378,4.016798110535121964e+02,2.150737960383630138e+02
3379,4.015691706234691196e+02,2.150363546918191275e+02
3380,4.014585686988348243e+02,2.149989709604047619e+02
3381,4.013480052136784479e+02,2.149616447267539741e+02
3382,4.012374801022203883e+02,2.149243758738230383e+02
3383,4.011269932988317919e+02,2.148871642848889678e+02
3384,4.010165447380346677e+02,2.148500098435492021e+02
3385,4.009061343545009208e+02,2.148129124337195321e+02
3386,4.007957620830523524e+02,2.147758719396337881e+02
3387,4.006854278586596365e+02,2.147388882458420483e+02
3388,4.005751316164426044e+02,2.147019612372103552e+02
3389,4.004648732916689369e+02,2.146650907989185839e+02
3390,4.003546528197545626e+02,2.146282768164603851e+02
3391,4.002444701362627484e+02,2.145915191756410536e+02
3392,4.001343251769036442e+02,2.145548177625776418e+02
3393,4.000242178775335447e+02,2.145181724636966294e+02
3394,3.999141481741555140e+02,2.144815831657338947e+02
3395,3.998041160029178513e+02,2.144450497557329527e+02
3396,3.996941213001137498e+02,2.144085721210439885e+02
3397,3.995841640021818648e+02,2.143721501493232608e+02
3398,3.994742440457046655e+02,2.143357837285313678e+02
3399,3.993643613674084349e+02,2.142994727469327927e+02
3400,3.992545159041634406e+02,2.142632170930941697e+02
3401,3.991447075929821153e+02,2.142270166558839435e+02
3402,3.990349363710204216e+02,2.141908713244711748e+02
3403,3.989252021755756914e+02,2.141547809883235516e+02
3404,3.988155049440873654e+02,2.141187455372083264e+02
3405,3.987058446141361401e+02,2.140827648611890197e+02
3406,3.985962211234436836e+02,2.140468388506259032e+02
3407,3.984866344098718969e+02,2.140109673961747774e+02
3408,3.983770844114225724e+02,2.139751503887850106e+02
3409,3.982675710662377355e+02,2.139393877196999654e+02
3410,3.981580943125982230e+02,2.139036792804547815e+02
3411,3.980486540889235130e+02,2.138680249628760350e+02
3412,3.979392499932918668e+02,2.138362692416061179e+02
3413,3.978298758735438696e+02,2.138118195198976252e+02
3414,3.977205267548137044e+02,2.137874073781017898e+02
3415,3.976112025958352092e+02,2.137630327115958835e+02
3416,3.975019033554619341e+02,2.137386954161758865e+02
3417,3.973926289926667437e+02,2.137143953880546974e+02
3418,3.972833794665423852e+02,2.136901325238601714e+02
3419,3.971741547362991582e+02,2.136659067206331599e+02
3420,3.970649547612661650e+02,2.136417178758259752e+02
3421,3.969557795008898893e+02,2.136175658873003727e+02
3422,3.968466289147336852e+02,2.135934506533257604e+02
3423,3.967375029624773788e+02,2.135693720725771811e+02
3424,3.966284016039177800e+02,2.135453300441339195e+02
3425,3.965193247989664087e+02,2.135213244674772852e+02
3426,3.964102725076505749e+02,2.134973552424893342e+02
3427,3.963012446901119006e+02,2.134734222694505377e+02
3428,3.961922413066064905e+02,2.134495254490381626e+02
3429,3.960832623175040794e+02,2.134256646823247934e+02
3430,3.959743076832875204e+02,2.134018398707760014e+02
3431,3.958653773645531260e+02,2.133780509162498049e+02
3432,3.957564713220089629e+02,2.133542977209932019e+02
3433,3.956475895164750227e+02,2.133305801876415160e+02
3434,3.955387319088831646e+02,2.133068982192166914e+02
3435,3.954298984602758082e+02,2.132832517191252464e+02
3436,3.953210891318061613e+02,2.132596405911563977e+02
3437,3.952123038847377074e+02,2.132360647394812361e+02
3438,3.951035426804429562e+02,2.132125240686497989e+02
3439,3.949948054804041817e+02,2.131890184835902460e+02
3440,3.948860922462120584e+02,2.131655478896069837e+02
3441,3.947774029395657180e+02,2.131421121923789599e+02
3442,3.946687375222720675e+02,2.131187112979575886e+02
3443,3.945600959562457319e+02,2.130953451127660969e+02
3444,3.944514782035077474e+02,2.130720135435968530e+02
3445,3.943428842261862428e+02,2.130487164976100303e+02
3446,3.942343139865149055e+02,2.130254538823323003e+02
3447,3.941257674468336063e+02,2.130022256056550134e+02
3448,3.940172445695873762e+02,2.129790315758322663e+02
3449,3.939087453173260087e+02,2.129558717014797935e+02
3450,3.938002696527037187e+02,2.129327458915731484e+02
3451,3.936918175384782330e+02,2.129096540554455146e+02
3452,3.935833889375114722e+02,2.128865961027873084e+02
3453,3.934749838127683006e+02,2.128635719436437910e+02
3454,3.933666021273164120e+02,2.128405814884135054e+02
3455,3.932582438443253636e+02,2.128176246478469409e+02
3456,3.931499089270669742e+02,2.127947013330448272e+02
3457,3.930415973389145847e+02,2.127718114554565716e+02
3458,3.929333090433422626e+02,2.127489549268791507e+02
3459,3.928250440039249725e+02,2.127261316594545235e+02
3460,3.927168021843380643e+02,2.127033415656692910e+02
3461,3.926085835483564779e+02,2.126805845583523649e+02
3462,3.925003880598545720e+02,2.126578605506737745e+02
3463,3.923922156828060679e+02,2.126351694561430747e+02
3464,3.922840663812831963e+02,2.126125111886080106e+02
3465,3.921759401194561860e+02,2.125898856622523283e+02
3466,3.920678368615934346e+02,2.125672927915954347e+02
3467,3.919597565720607122e+02,2.125447324914898104e+02
3468,3.918516992153207070e+02,2.125222046771200723e+02
3469,3.917436647559330254e+02,2.124997092640017513e+02
3470,3.916356531585533958e+02,2.124772461679789899e+02
3471,3.915276643879338394e+02,2.124548153052238888e+02
3472,3.914197000812017677e+02,2.124221568366843087e+02
3473,3.913117713466552914e+02,2.123838095165563118e+02
3474,3.912038815638389337e+02,2.123455172418546510e+02
3475,3.910960306698327713e+02,2.123072799005767877e+02
3476,3.909882186018611492e+02,2.122690973810740331e+02
3477,3.908804452972917147e+02,2.122309695720493892e+02
3478,3.907727106936352470e+02,2.121928963625569224e+02
3479,3.906650147285443495e+02,2.121548776419990929e+02
3480,3.905573573398143594e+02,2.121169133001266687e+02
3481,3.904497384653816425e+02,2.120790032270369920e+02
3482,3.903421580433236500e+02,2.120411473131715638e+02
3483,3.902346160118585772e+02,2.120033454493157876e+02
3484,3.901271123093443975e+02,2.119655975265975485e+02
3485,3.900196468742790330e+02,2.119279034364848826e+02
3486,3.899122196452993876e+02,2.118902630707858066e+02
3487,3.898048305611807791e+02,2.118526763216457312e+02
3488,3.896974795608373938e+02,2.118151430815472906e+02
3489,3.895901665833206948e+02,2.117776632433079271e+02
3490,3.894828915678193084e+02,2.117402367000790093e+02
3491,3.893756544536591946e+02,2.117028633453448379e+02
3492,3.892684551987049986e+02,2.116645473803605455e+02
3493,3.891612981663132587e+02,2.116136532073265073e+02
3494,3.890541926370526653e+02,2.115628578223125658e+02
3495,3.889471384986177327e+02,2.115121610010483550e+02
3496,3.888401356390006640e+02,2.114615625198615305e+02
3497,3.887331839464928294e+02,2.114110621556761487e+02
3498,3.886262833096815257e+02,2.113606596860100808e+02
3499,3.885194336174499767e+02,2.113103548889740466e+02
3500,3.884126347589765942e+02,2.112601475432689710e+02
3501,3.883058866237334996e+02,2.112100374281847337e+02
3502,3.881991891014855582e+02,2.111600243235980088e+02
3503,3.880925420822906631e+02,2.111101080099714693e+02
3504,3.879859454564968360e+02,2.110602882683500354e+02
3505,3.878793991147426823e+02,2.110105648803607892e+02
3506,3.877729029479561973e+02,2.109609376282109849e+02
3507,3.876664568473536292e+02,2.109114062946856620e+02
3508,3.875600607044383423e+02,2.108619706631460531e+02
3509,3.874537144110008171e+02,2.108126305175283051e+02
3510,3.873474178591165469e+02,2.107633856423410066e+02
3511,3.872411709411461516e+02,2.107142358226642784e+02
3512,3.871349735497335018e+02,2.106651808441471303e+02
3513,3.870288255778059465e+02,2.106162204930062387e+02
3514,3.869227269185723799e+02,2.105673545560244406e+02
3515,3.868166774655227300e+02,2.105185828205482892e+02
3516,3.867106771124272768e+02,2.104699050744874853e+02
3517,3.866047257533359129e+02,2.104213211063114102e+02
3518,3.864988232825760406e+02,2.103728307050491821e+02
3519,3.863929695947534242e+02,2.103244336602872977e+02
3520,3.862871645847496893e+02,2.102761297621673577e+02
3521,3.861814081477232321e+02,2.102279188013852718e+02
3522,3.860757001791061498e+02,2.101798005691888136e+02
3523,3.859700405746052638e+02,2.101317748573768540e+02
3524,3.858644292302001872e+02,2.100838414582963196e+02
3525,3.857588660421433246e+02,2.100360001648426191e+02
3526,3.856533509069579395e+02,2.099882507704558066e+02
3527,3.855478837214378132e+02,2.099405930691192168e+02
3528,3.854424643826468468e+02,2.098930268553603185e+02
3529,3.853370927879176975e+02,2.098455519242454272e+02
3530,3.852317688348505271e+02,2.097981680713803883e+02
3531,3.851264924213129461e+02,2.097508750929088421e+02
3532,3.850212634454391036e+02,2.097036727855092124e+02
3533,3.849160818056283233e+02,2.096565609463949613e+02
3534,3.848109477064911630e+02,2.096073723365728938e+02
3535,3.847058635722238478e+02,2.095565963376174921e+02
3536,3.846008303223176767e+02,2.095059177636375978e+02
3537,3.844958478468591352e+02,2.094553363979276241e+02
3538,3.843909160362237571e+02,2.094048520243440521e+02
3539,3.842860347810734538e+02,2.093544644273034692e+02
3540,3.841812039723562862e+02,2.093041733917810348e+02
3541,3.840764235013051007e+02,2.092539787033080074e+02
3542,3.839716932594370746e+02,2.092038801479715175e+02
3543,3.838670131385528066e+02,2.091538775124117819e+02
3544,3.837623830307351795e+02,2.091039705838211944e+02
3545,3.836578028283485082e+02,2.090541591499417393e+02
3546,3.835532724240379139e+02,2.090044429990641675e+02
3547,3.834487917107283010e+02,2.089548219200267170e+02
3548,3.833443605816227091e+02,2.089052957022122712e+02
3549,3.832399789302033355e+02,2.088558641355471082e+02
3550,3.831356466502287503e+02,2.088065270105003890e+02
3551,3.830313636357338964e+02,2.087572841180808609e+02
3552,3.829271297810290662e+02,2.087081352498364595e+02
3553,3.828229449806992193e+02,2.086590801978525747e+02
3554,3.827188091296028460e+02,2.086101187547494078e+02
3555,3.826147221228715125e+02,2.085612507136815736e+02
3556,3.825106838559083826e+02,2.085124758683367645e+02
3557,3.824066942243876497e+02,2.084637940129320270e+02
3558,3.823027531242544228e+02,2.084152049422152402e+02
3559,3.821988604517227373e+02,2.083667084514610792e+02
3560,3.820950161032750430e+02,2.083183043364701916e+02
3561,3.819912199756618634e+02,2.082699923935684012e+02
3562,3.818874719659005450e+02,2.082217724196036954e+02
3563,3.817837719712745184e+02,2.081736442119462254e+02
3564,3.816801198893325022e+02,2.081256075684859184e+02
3565,3.815765156178875941e+02,2.080776622876308295e+02
3566,3.814729590550163607e+02,2.080298081683056921e+02
3567,3.813694500990582128e+02,2.079820450099510367e+02
3568,3.812659886486148935e+02,2.079343726125205478e+02
3569,3.811625746025487729e+02,2.078867907764804670e+02
3570,3.810592078599829051e+02,2.078392993028075750e+02
3571,3.809558883202997777e+02,2.077918979929885097e+02
3572,3.808526158831405155e+02,2.077445866490160142e+02
3573,3.807493904484044265e+02,2.076973650733907277e+02
3574,3.806462119162478075e+02,2.076502330691170357e+02
3575,3.805430812199495563e+02,2.075988567828541420e+02
3576,3.804400016181864999e+02,2.075473954185324885e+02
3577,3.803369730931194681e+02,2.074960332268109937e+02
3578,3.802339955337024548e+02,2.074447699903626585e+02
3579,3.801310688291785596e+02,2.073936054923855465e+02
3580,3.800281928690778841e+02,2.073425395166044609e+02
3581,3.799253675432179307e+02,2.072915718472668516e+02
3582,3.798225927417021239e+02,2.072407022691434122e+02
3583,3.797198683549186171e+02,2.071899305675248684e+02
3584,3.796171942735400080e+02,2.071392565282232283e+02
3585,3.795145703885221451e+02,2.070886799375669227e+02
3586,3.794119965911037866e+02,2.070382005824029079e+02
3587,3.793094727728047815e+02,2.069878182500923458e+02
3588,3.792069988254260124e+02,2.069375327285116271e+02
3589,3.791045746410487709e+02,2.068873438060502679e+02
3590,3.790022001120322557e+02,2.068372512716074709e+02
3591,3.788998751310155626e+02,2.067872549145951382e+02
3592,3.787975995909139328e+02,2.067373545249319875e+02
3593,3.786953733849197192e+02,2.066875498930449169e+02
3594,3.785931964065008515e+02,2.066378408098672423e+02
3595,3.784910685494003815e+02,2.065882270668367369e+02
3596,3.783889897076353463e+02,2.065387084558949482e+02
3597,3.782869597754959727e+02,2.064892847694848115e+02
3598,3.781849786475450514e+02,2.064399558005512176e+02
3599,3.780830462186169143e+02,2.063907213425381428e+02
3600,3.779811623838168089e+02,2.063415811893871705e+02
3601,3.778793270385199321e+02,2.062925351355376904e+02
3602,3.777775400783706914e+02,2.062435829759239994e+02
3603,3.776758013992818519e+02,2.061947245059751026e+02
3604,3.775741108974334566e+02,2.061459595216125251e+02
3605,3.774724684692730534e+02,2.060972878192506244e+02
3606,3.773708740115133082e+02,2.060487091957925543e+02
3607,3.772693274211328003e+02,2.060002234486316013e+02
3608,3.771678285953737486e+02,2.059518303756488251e+02
3609,3.770663774317426942e+02,2.059035297752113252e+02
3610,3.769649738280083966e+02,2.058553214461721836e+02
3611,3.768636176822018342e+02,2.058072051878676518e+02
3612,3.767623088926156356e+02,2.057591808001177469e+02
3613,3.766610473578018059e+02,2.057112480832228414e+02
3614,3.765598329765730909e+02,2.056634068379643168e+02
3615,3.764586656480007036e+02,2.056156568656020625e+02
3616,3.763575452714139828e+02,2.055679979678739642e+02
3617,3.762564717463992565e+02,2.055204299469935734e+02
3618,3.761554449728001828e+02,2.054729526056508178e+02
3619,3.760544648507156467e+02,2.054255657470084202e+02
3620,3.759535312804998739e+02,2.053782691747028935e+02
3621,3.758526441627611803e+02,2.053310626928409590e+02
3622,3.757518033983615737e+02,2.052839461060008830e+02
3623,3.756510088884155607e+02,2.052369192192288949e+02
3624,3.755502605342903166e+02,2.051899818380392730e+02
3625,3.754495582376034690e+02,2.051431337684126390e+02
3626,3.753489019002234386e+02,2.050963748167951337e+02
3627,3.752482914242690981e+02,2.050497047900977918e+02
3628,3.751477267121073851e+02,2.050031234956929325e+02
3629,3.750472076663539838e+02,2.049566307414155801e+02
3630,3.749467341898724158e+02,2.049102263355609352e+02
3631,3.748463061857727325e+02,2.048639100868838341e+02
3632,3.747459235574108334e+02,2.048176818045962193e+02
3633,3.746455862083882948e+02,2.047715412983676231e+02
3634,3.745452940425515749e+02,2.047254883783234334e+02
3635,3.744450469639907055e+02,2.046795228550429329e+02
3636,3.743448449777285418e+02,2.046321356191358518e+02
3637,3.742446906180916244e+02,2.045808156608333377e+02
3638,3.741445864657006837e+02,2.045295990082536548e+02
3639,3.740445324069449384e+02,2.044784854329931818e+02
3640,3.739445283285134565e+02,2.044274747071866614e+02
3641,3.738445741173927672e+02,2.043765666035036190e+02
3642,3.737446696608676575e+02,2.043257608951502391e+02
3643,3.736448148465183863e+02,2.042750573558647886e+02
3644,3.735450093542559102e+02,2.042255479883003488e+02
3645,3.734452520789517393e+02,2.041764486797734151e+02
3646,3.733455427429678366e+02,2.041274496608305355e+02
3647,3.732458812369022780e+02,2.040785507078403498e+02
3648,3.731462674516415632e+02,2.040297515976934903e+02
3649,3.730467009174507780e+02,2.039844871558167085e+02
3650,3.729471774307917826e+02,2.039399479398176993e+02
3651,3.728476987937802392e+02,2.038916481309900064e+02
3652,3.727482672505079790e+02,2.038434434849100114e+02
3653,3.726488826970754076e+02,2.037953337980814581e+02
3654,3.725495450298471951e+02,2.037473188674596258e+02
3655,3.724502541454511402e+02,2.036993984904489139e+02
3656,3.723510099407776011e+02,2.036515724649046319e+02
3657,3.722518123129785863e+02,2.036038405891288221e+02
3658,3.721526611594678116e+02,2.035562026618712821e+02
3659,3.720535563779184258e+02,2.035086584823277178e+02
3660,3.719544978662636368e+02,2.034612078501387202e+02
3661,3.718554855226952895e+02,2.034138505653895095e+02
3662,3.717565192456633554e+02,2.033665864286078317e+02
3663,3.716575989338751924e+02,2.033194152407639024e+02
3664,3.715587244862949206e+02,2.032723368032689280e+02
3665,3.714598958021419435e+02,2.032253509179739694e+02
3666,3.713611127808914034e+02,2.031784573871693453e+02
3667,3.712623753222728169e+02,2.031316560135838927e+02
3668,3.711636833262688810e+02,2.030849466003823807e+02
3669,3.710650366931158146e+02,2.030383289511665339e+02
3670,3.709664353233015959e+02,2.029918028699732702e+02
3671,3.708678791175664742e+02,2.029453681612737341e+02
3672,3.707693679769008668e+02,2.028990246299710236e+02
3673,3.706709018025451314e+02,2.028527720814020654e+02
3674,3.705724804959896233e+02,2.028066103213335225e+02
3675,3.704741039589732736e+02,2.027605391559633290e+02
3676,3.703757720934822828e+02,2.027145583919179330e+02
3677,3.702774848017511999e+02,2.026686678362527516e+02
3678,3.701792419862601378e+02,2.026228672964497548e+02
3679,3.700810435497357389e+02,2.025771565804176362e+02
3680,3.699828893951496411e+02,2.025315354964905623e+02
3681,3.698847794257177384e+02,2.024860038534268654e+02
3682,3.697867135448998397e+02,2.024405614604082757e+02
3683,3.696886916563989303e+02,2.023952081270391830e+02
3684,3.695907136641604325e+02,2.023499436633453854e+02
3685,3.694927794723712964e+02,2.023047678797735216e+02
3686,3.693948889854595450e+02,2.022596805871892514e+02
3687,3.692970421080934784e+02,2.022146815968775968e+02
3688,3.691992387451811055e+02,2.021697707205405550e+02
3689,3.691014788018698027e+02,2.021249477702980073e+02
3690,3.690037621835446089e+02,2.020802125586842521e+02
3691,3.689060887958287935e+02,2.020355648986499943e+02
3692,3.688084585445818675e+02,2.019910046035585935e+02
3693,3.687108713359004355e+02,2.019465314871870021e+02
3694,3.686133270761162635e+02,2.019021453637244008e+02
3695,3.685158256717959375e+02,2.018578460477707495e+02
3696,3.684183670297410345e+02,2.018136333543367869e+02
3697,3.683209510569859617e+02,2.017695070988420980e+02
3698,3.682235776607986963e+02,2.017254670971142332e+02
3699,3.681262467486792502e+02,2.016815131653896174e+02
3700,3.680289582283590448e+02,2.016376451203095712e+02
3701,3.679317120078012522e+02,2.015938627789220448e+02
3702,3.678345079951989192e+02,2.015501659586791448e+02
3703,3.677373460989744558e+02,2.015065544774373905e+02
3704,3.676402262277801469e+02,2.014630281534554115e+02
3705,3.675431482904963332e+02,2.014195868053947152e+02
3706,3.674461121962308425e+02,2.013762302523166454e+02
3707,3.673491178543191040e+02,2.013329583136838608e+02
3708,3.672521651743228404e+02,2.012897708093575773e+02
3709,3.671552540660296700e+02,2.012466675595977108e+02
3710,3.670583844394523112e+02,2.012036483850609727e+02
3711,3.669615562048282413e+02,2.011607131068015519e+02
3712,3.668647692726189007e+02,2.011178615462685570e+02
3713,3.667680235535089537e+02,2.010750935253063290e+02
3714,3.666713189584061183e+02,2.010324088661526787e+02
3715,3.665746553984396314e+02,2.009898073914384895e+02
3716,3.664780327849606465e+02,2.009472889241874896e+02
3717,3.663814510295410969e+02,2.009048532878130686e+02
3718,3.662849100439729568e+02,2.008625003061198697e+02
3719,3.661884097402681846e+02,2.008202298033025670e+02
3720,3.660919500306570740e+02,2.007780416039430804e+02
3721,3.659955308275887660e+02,2.007359355330117694e+02
3722,3.658991520437303961e+02,2.006939114158658128e+02
3723,3.658028135919659576e+02,2.006519690782482996e+02
3724,3.657065153853959032e+02,2.006101083462871202e+02
3725,3.656102573373368045e+02,2.005683290464943127e+02
3726,3.655140393613205561e+02,2.005266310057657790e+02
3727,3.654178613710935792e+02,2.004850140513793235e+02
3728,3.653217232806169932e+02,2.004434780109945962e+02
3729,3.652256250040650229e+02,2.004020227126520695e+02
3730,3.651295664558248291e+02,2.003606479847719299e+02
3731,3.650335475504962801e+02,2.003193536561534813e+02
3732,3.649375682028906454e+02,2.002781395559745476e+02
3733,3.648416283280304242e+02,2.002370055137887164e+02
3734,3.647457278411490051e+02,2.001959513595283795e+02
3735,3.646498666576895857e+02,2.001549769234997882e+02
3736,3.645540446933046610e+02,2.001140820363847013e+02
3737,3.644582618638557392e+02,2.000732665292386798e+02
3738,3.643625180854122618e+02,2.000325302334900357e+02
3739,3.642668132742521152e+02,1.999918729809400588e+02
3740,3.641711473468596409e+02,1.999512946037606582e+02
3741,3.640755202199255791e+02,1.999107949344949304e+02
3742,3.639799318103471251e+02,1.998703738060552837e+02
3743,3.638843820352266789e+02,1.998300310517229832e+02
3744,3.637888708118711065e+02,1.997897665051475826e+02
3745,3.636933980577920806e+02,1.997495800003461000e+02
3746,3.635979636907045460e+02,1.997094713717011416e+02
3747,3.635025676285266059e+02,1.996694404539622667e+02
3748,3.634072097893792375e+02,1.996294870822421785e+02
3749,3.633118900915850418e+02,1.995896110920183730e+02
3750,3.632166084536680160e+02,1.995498123191319166e+02
3751,3.631213647943530987e+02,1.995100905997849168e+02
3752,3.630261590325658858e+02,1.994704457705421703e+02
3753,3.629309910874314937e+02,1.994308776683283781e+02
3754,3.628358608782737633e+02,1.993913861304288275e+02
3755,3.627407683246160559e+02,1.993519709944869760e+02
3756,3.626457133461790932e+02,1.993126320985049347e+02
3757,3.625506958628816960e+02,1.992733692808425019e+02
3758,3.624557157948393638e+02,1.992341823802156853e+02
3759,3.623607730623641601e+02,1.991950712356964175e+02
3760,3.622658675859640880e+02,1.991560356867118458e+02
3761,3.621709992863424645e+02,1.991170755730432518e+02
3762,3.620761680843976364e+02,1.990781907348251707e+02
3763,3.619813739012221276e+02,1.990393810125445953e+02
3764,3.618866166581021275e+02,1.990006462470412032e+02
3765,3.617918962765172637e+02,1.989619862795047140e+02
3766,3.616972126781396923e+02,1.989234009514757133e+02
3767,3.616025657848338710e+02,1.988848901048442031e+02
3768,3.615079555186556490e+02,1.988464535818484649e+02
3769,3.614133818018527791e+02,1.988080912250751453e+02
3770,3.613188445568623592e+02,1.987698028774578916e+02
3771,3.612243437063127658e+02,1.987315883822763283e+02
3772,3.611298791730210382e+02,1.986934475831557450e+02
3773,3.610354508799934479e+02,1.986553803240666412e+02
3774,3.609410587504254408e+02,1.986173864493233623e+02
3775,3.608467027076993077e+02,1.985794658035829059e+02
3776,3.607523826753858316e+02,1.985416182318454048e+02
3777,3.606580985772422423e+02,1.985038435794523366e+02
3778,3.605638503372121590e+02,1.984661416920862678e+02
3779,3.604696378794255338e+02,1.984285124157696032e+02
3780,3.603754611281971165e+02,1.983909555968645009e+02
3781,3.602813200080271372e+02,1.983534710820715077e+02
3782,3.601872144435998848e+02,1.983160587184288488e+02
3783,3.600931443597838211e+02,1.982787183533125983e+02
3784,3.599991096816307277e+02,1.982414498344337517e+02
3785,3.599051103343750242e+02,1.982042530098407553e+02
3786,3.598111462434338250e+02,1.981671277279155845e+02
3787,3.597172173344060297e+02,1.981300738373742831e+02
3788,3.596233235330719253e+02,1.980930911872668503e+02
3789,3.595294647653926745e+02,1.980561796269750801e+02
3790,3.594356409575099747e+02,1.980193390062137553e+02
3791,3.593418520357453190e+02,1.979825691750275496e+02
3792,3.592480979265996552e+02,1.979458699837921927e+02
3793,3.591543785567526470e+02,1.979092412832123387e+02
3794,3.590606938530627872e+02,1.978726829243223904e+02
3795,3.589670437425664318e+02,1.978361947584842540e+02
3796,3.588734281524771177e+02,1.977997766373871684e+02
3797,3.587798470101857333e+02,1.977634284130471940e+02
3798,3.586863002432594953e+02,1.977271499378066721e+02
3799,3.585927877794416645e+02,1.976909410643325771e+02
3800,3.584993095466509203e+02,1.976548016456161179e+02
3801,3.584058654729810200e+02,1.976187315349730795e+02
3802,3.583124554867007987e+02,1.975827305860412366e+02
3803,3.582190795162526342e+02,1.975467986527813764e+02
3804,3.581257374902526180e+02,1.975109355894755936e+02
3805,3.580324293374902709e+02,1.974751412507266366e+02
3806,3.579391549869275764e+02,1.974394154914578223e+02
3807,3.578459143676988106e+02,1.974037581669108761e+02
3808,3.577527074091100872e+02,1.973681691326471537e+02
3809,3.576595340406387891e+02,1.973326482445456804e+02
3810,3.575663941919329432e+02,1.972971953588024689e+02
3811,3.574732877928112202e+02,1.972618103319302918e+02
3812,3.573802147732620824e+02,1.972264930207575730e+02
3813,3.572871750634431010e+02,1.971912432824275641e+02
3814,3.571941685936815816e+02,1.971560609743986845e+02
3815,3.571011952944725181e+02,1.971209459544422486e+02
3816,3.570082550964796155e+02,1.970858980806430623e+02
3817,3.569153479305338124e+02,1.970509172113981151e+02
3818,3.568224737276332235e+02,1.970160032054155010e+02
3819,3.567296324189428560e+02,1.969811559217145032e+02
3820,3.566368239357939842e+02,1.969463752196251392e+02
3821,3.565440482096834103e+02,1.969116609587859159e+02
3822,3.564513051722735781e+02,1.968770129991448528e+02
3823,3.563585947553915503e+02,1.968424312009574635e+02
3824,3.562659168910290646e+02,1.968079154247872680e+02
3825,3.561732715113419658e+02,1.967734655315044847e+02
3826,3.560806585486494100e+02,1.967390813822842119e+02
3827,3.559880779354336369e+02,1.967047628386085876e+02
3828,3.558955296043400267e+02,1.966705097622630944e+02
3829,3.558030134881757363e+02,1.966363220153377824e+02
3830,3.557105295199098691e+02,1.966021994602256200e+02
3831,3.556180776326734190e+02,1.965681419596230342e+02
3832,3.555256577597574505e+02,1.965341493765272389e+02
3833,3.554332698346138955e+02,1.965002215742371448e+02
3834,3.553409137908548701e+02,1.964663584163523637e+02
3835,3.552485895622522776e+02,1.964325597667723855e+02
3836,3.551562970827367849e+02,1.963988254896958381e+02
3837,3.550640362863983910e+02,1.963651554496198059e+02
3838,3.549718071074848353e+02,1.963315495113394036e+02
3839,3.548796094804022800e+02,1.962980075399471502e+02
3840,3.547874433397142298e+02,1.962645294008314067e+02
3841,3.546953086201411907e+02,1.962311149596773419e+02
3842,3.546032052565604431e+02,1.961977640824643458e+02
3843,3.545111331840054731e+02,1.961644766354674232e+02
3844,3.544190923376656883e+02,1.961312524852546346e+02
3845,3.543270826528857924e+02,1.960980914986876655e+02
3846,3.542351040651652738e+02,1.960649935429205186e+02
3847,3.541431565101584056e+02,1.960319584853998549e+02
3848,3.540512399236737906e+02,1.959989861938620663e+02
3849,3.539593542416736227e+02,1.959660765363360042e+02
3850,3.538674994002732319e+02,1.959332293811391423e+02
3851,3.537756753357409139e+02,1.959004445968788275e+02
3852,3.536838819844978161e+02,1.958677220524509153e+02
3853,3.535921192831168582e+02,1.958350616170394005e+02
3854,3.535003871683226748e+02,1.958024631601156784e+02
3855,3.534086855769915019e+02,1.957699265514374645e+02
3856,3.533170144461499262e+02,1.957374516610491071e+02
3857,3.532253737129753404e+02,1.957050383592797687e+02
3858,3.531337633147953170e+02,1.956726865167442782e+02
3859,3.530421831890866429e+02,1.956403960043408574e+02
3860,3.529506332734762282e+02,1.956081666932514622e+02
3861,3.528591135057388328e+02,1.955759984549411286e+02
3862,3.527676238237983739e+02,1.955438911611570063e+02
3863,3.526761641657265614e+02,1.955118446839276487e+02
3864,3.525847345172659857e+02,1.954789014545454791e+02
3865,3.524933366710012024e+02,1.954424734867516804e+02
3866,3.524019728684775146e+02,1.954061271568196503e+02
3867,3.523106430270850069e+02,1.953698622605857338e+02
3868,3.522193470644469357e+02,1.953336785944020733e+02
3869,3.521280848984194449e+02,1.952975759551371766e+02
3870,3.520368564470900310e+02,1.952615541401731036e+02
3871,3.519456616287778274e+02,1.952256129474051534e+02
3872,3.518545003620316720e+02,1.951897521752402156e+02
3873,3.517633725656305614e+02,1.951539716225957477e+02
3874,3.516722781585823441e+02,1.951182710888990641e+02
3875,3.515812170601229241e+02,1.950826503740852047e+02
3876,3.514901891897159771e+02,1.950471092785961957e+02
3877,3.513991944670520979e+02,1.950116476033798847e+02
3878,3.513082328120474358e+02,1.949762651498892581e+02
3879,3.512173041448445474e+02,1.949409617200804234e+02
3880,3.511264083858099525e+02,1.949057371164111601e+02
3881,3.510355454555346455e+02,1.948705911418413734e+02
3882,3.509447152748329017e+02,1.948355235998302248e+02
3883,3.508539177647414249e+02,1.948005342943357334e+02
3884,3.507631528465194037e+02,1.947656230298133835e+02
3885,3.506724205124615423e+02,1.947299153763754020e+02
3886,3.505817219425501321e+02,1.946926453236743839e+02
3887,3.504910580713645345e+02,1.946554519246149937e+02
3888,3.504004288209276297e+02,1.946183349962933562e+02
3889,3.503098341134729026e+02,1.945812943562617079e+02
3890,3.502192738714442157e+02,1.945443298225271178e+02
3891,3.501287480174952975e+02,1.945074412135511182e+02
3892,3.500382564744895149e+02,1.944706283482487095e+02
3893,3.499477991654979405e+02,1.944338910459861722e+02
3894,3.498573760138000353e+02,1.943972291265813510e+02
3895,3.497669869428823404e+02,1.943606424103012102e+02
3896,3.496766318764383072e+02,1.943241307178623458e+02
3897,3.495863107383669330e+02,1.942876938704283987e+02
3898,3.494960234527729881e+02,1.942513316896096569e+02
3899,3.494057699439658791e+02,1.942150439974621747e+02
3900,3.493155501364593079e+02,1.941788306164863229e+02
3901,3.492253639549701916e+02,1.941426913696256236e+02
3902,3.491352113244185489e+02,1.941066260802668353e+02
3903,3.490450921699267042e+02,1.940706345722364858e+02
3904,3.489550064168190602e+02,1.940347166698028047e+02
3905,3.488649539906200516e+02,1.939988721976724833e+02
3906,3.487749348170558505e+02,1.939631009809899922e+02
3907,3.486849488220519220e+02,1.939274028453372978e+02
3908,3.485949959317327398e+02,1.938917776167322700e+02
3909,3.485050760724221277e+02,1.938562251216277730e+02
3910,3.484151891706411561e+02,1.938207451869101021e+02
3911,3.483253348420585667e+02,1.937883180566735462e+02
3912,3.482355093397395081e+02,1.937595909621267367e+02
3913,3.481457104566358680e+02,1.937309121041182891e+02
3914,3.480559381441191249e+02,1.937022813869590152e+02
3915,3.479661923536693280e+02,1.936736987151672622e+02
3916,3.478764730368740175e+02,1.936451639934684863e+02
3917,3.477867801454297023e+02,1.936166771267950537e+02
3918,3.476971136311394730e+02,1.935882380202849902e+02
3919,3.476074734459145930e+02,1.935598465792827199e+02
3920,3.475178595417730207e+02,1.935315027093376159e+02
3921,3.474282718708393531e+02,1.935032063162035456e+02
3922,3.473387103853453937e+02,1.934749573058392116e+02
3923,3.472491750376282766e+02,1.934467555844070148e+02
3924,3.471596932467516012e+02,1.932985854636889655e+02
3925,3.470703490252263919e+02,1.931495828608782688e+02
3926,3.469811423798723808e+02,1.930011763093402521e+02
3927,3.468920720684182015e+02,1.928561489556070399e+02
3928,3.468031353375046137e+02,1.927119854697816663e+02
3929,3.467143314077330274e+02,1.925684188644717949e+02
3930,3.466256596306732263e+02,1.924254466003131085e+02
3931,3.465371193614576555e+02,1.922830661472627867e+02
3932,3.464487099587606735e+02,1.921412749845817700e+02
3933,3.463604307847780319e+02,1.920000706008123359e+02
3934,3.462722812052063546e+02,1.918594504937583451e+02
3935,3.461842605892233564e+02,1.917194121704670806e+02
3936,3.460963683094673797e+02,1.915799531472086414e+02
3937,3.460086037420180674e+02,1.914410709494563605e+02
3938,3.459209662663753875e+02,1.913027631118632144e+02
3939,3.458334552654409322e+02,1.911650271782492041e+02
3940,3.457460701254977380e+02,1.910278607015731041e+02
3941,3.456588102361908454e+02,1.908912612439179668e+02
3942,3.455716749905082565e+02,1.907552263764672489e+02
3943,3.454846637847610396e+02,1.906197536794872462e+02
3944,3.453977760185647981e+02,1.904848407423052663e+02
3945,3.453110110948202305e+02,1.903504851632885959e+02
3946,3.452243684196940308e+02,1.902166845498254588e+02
3947,3.451378474026009258e+02,1.900834365183047510e+02
3948,3.450514474561837801e+02,1.899507386940933600e+02
3949,3.449651679962958042e+02,1.898185887115176058e+02
3950,3.448790084419818527e+02,1.896869842138419244e+02
3951,3.447929682154599504e+02,1.895559228532473242e+02
3952,3.447070467421029321e+02,1.894254022908121158e+02
3953,3.446212434504208204e+02,1.892954201964902268e+02
3954,3.445355577720418410e+02,1.891659742490906240e+02
3955,3.444499891416955393e+02,1.890370621362553720e+02
3956,3.443645369971936248e+02,1.889086815544405624e+02
3957,3.442792007794135429e+02,1.887808302088947983e+02
3958,3.441939799322802287e+02,1.886535058136362295e+02
3959,3.441088739027483143e+02,1.885267060914341073e+02
3960,3.440238821407851901e+02,1.884004287737863876e+02
3961,3.439390040993536672e+02,1.882746716008981025e+02
3962,3.438542392343938445e+02,1.881494323216613225e+02
3963,3.437695870048077040e+02,1.880247086936342100e+02
3964,3.436850468724400685e+02,1.879004984830171168e+02
3965,3.436006183020633671e+02,1.877767994646339105e+02
3966,3.435163007613596164e+02,1.876536094219103461e+02
3967,3.434320937209048452e+02,1.875309261468513853e+02
3968,3.433479966541511885e+02,1.874087474400205053e+02
3969,3.432640090374111992e+02,1.872870711105184398e+02
3970,3.431801303498413631e+02,1.871658949759611517e+02
3971,3.430963600734255010e+02,1.870452168624578633e+02
3972,3.430126976929583975e+02,1.869250346045921276e+02
3973,3.429291426960303966e+02,1.868053460453960213e+02
3974,3.428456945730103484e+02,1.866861490363321536e+02
3975,3.427623528170305462e+02,1.865674414372700767e+02
3976,3.426791169239702413e+02,1.864492211164648836e+02
3977,3.425959863924401816e+02,1.863314859505350967e+02
3978,3.425129607237668665e+02,1.862142338244425730e+02
3979,3.424300394219771420e+02,1.860974626314689431e+02
3980,3.423472219937820000e+02,1.859811702731936407e+02
3981,3.422645079485626525e+02,1.858653546594738657e+02
3982,3.421818967983532502e+02,1.857500137084207381e+02
3983,3.420993880578276958e+02,1.856351453463784651e+02
3984,3.420169812442824195e+02,1.855207475079022004e+02
3985,3.419346758776234765e+02,1.854068181357351932e+02
3986,3.418524714803501183e+02,1.852933551807888364e+02
3987,3.417703675775402417e+02,1.851803566021183087e+02
3988,3.416883636968362907e+02,1.850678203669019410e+02
3989,3.416064593684292277e+02,1.849557444504178818e+02
3990,3.415246541250456289e+02,1.848441268360246283e+02
3991,3.414429475019313713e+02,1.847329655151349073e+02
3992,3.413613390368388991e+02,1.846222584871970014e+02
3993,3.412798282700115919e+02,1.845120037596712166e+02
3994,3.411984147441703499e+02,1.844021993480080255e+02
3995,3.411170980044988141e+02,1.842928432756242501e+02
3996,3.410358775986293836e+02,1.841839335738833938e+02
3997,3.409547530766297427e+02,1.840754682820714834e+02
3998,3.408737239909884806e+02,1.839674454473756100e+02
3999,3.407927898966011071e+02,1.838598631248621587e+02
4000,3.407119503507561831e+02,1.837527193774525642e+02
4001,3.406312049131228150e+02,1.836460122759027058e+02
4002,3.405505531457353072e+02,1.835397398987804252e+02
4003,3.404699946129811678e+02,1.834339003324427892e+02
4004,3.403895288815863864e+02,1.833284916710133814e+02
4005,3.403091555206033263e+02,1.832235120163603597e+02
4006,3.402288741013960589e+02,1.831189594780739469e+02
4007,3.401486841976286541e+02,1.830148321734443471e+02
4008,3.400685853852507989e+02,1.829111282274388657e+02
4009,3.399885772424854622e+02,1.828078457726800821e+02
4010,3.399086593498153661e+02,1.827049829494222024e+02
4011,3.398288312899707080e+02,1.826025379055294309e+02
4012,3.397490926479161431e+02,1.825005087964538291e+02
4013,3.396694430108376537e+02,1.823988937852125503e+02
4014,3.395898819681302143e+02,1.822976910423643346e+02
4015,3.395104091113850018e+02,1.821968987459894436e+02
4016,3.394310240343773444e+02,1.820965150816642790e+02
4017,3.393517263330538754e+02,1.819965382424407494e+02
4018,3.392725156055195725e+02,1.818969664288236743e+02
4019,3.391933911110938880e+02,1.818003862380209625e+02
4020,3.391143499542338304e+02,1.817058907901306952e+02
4021,3.390353908680871200e+02,1.816117906265162958e+02
4022,3.389565134670125985e+02,1.815180839426622299e+02
4023,3.388777173674674827e+02,1.814247689417076970e+02
4024,3.387990021879949154e+02,1.813318438344223580e+02
4025,3.387203675492114030e+02,1.812393068391814666e+02
4026,3.386418130737955607e+02,1.811471561819450358e+02
4027,3.385633383864760617e+02,1.810553900962306670e+02
4028,3.384849431140191314e+02,1.809640068230922054e+02
4029,3.384066268852182588e+02,1.808730046110954390e+02
4030,3.383283893308810661e+02,1.807823817162927469e+02
4031,3.382502300838186216e+02,1.806921364022024079e+02
4032,3.381721487788334457e+02,1.806022669397817992e+02
4033,3.380941450527081429e+02,1.805127716074054263e+02
4034,3.380162185441944871e+02,1.804236486908411052e+02
4035,3.379383688940010302e+02,1.803348964832247816e+02
4036,3.378605957447832111e+02,1.802465132850388727e+02
4037,3.377828987411307367e+02,1.801584974040856935e+02
4038,3.377052775295578613e+02,1.800708471554676748e+02
4039,3.376277317584908815e+02,1.799835608615596243e+02
4040,3.375502610782585862e+02,1.798966368519878074e+02
4041,3.374728651410798648e+02,1.798100734636044251e+02
4042,3.373955436010543849e+02,1.797238690404645070e+02
4043,3.373182961141503711e+02,1.796380219338028894e+02
4044,3.372411223381948275e+02,1.795525305020089490e+02
4045,3.371640219328621697e+02,1.794673931106050304e+02
4046,3.370869945596643902e+02,1.793826081322210086e+02
4047,3.370100398819396901e+02,1.792981739465705857e+02
4048,3.369331575648428156e+02,1.792140889404281268e+02
4049,3.368563472753335191e+02,1.791303515076063491e+02
4050,3.367796086821674635e+02,1.790469600489299751e+02
4051,3.367029414558849680e+02,1.789639129722136204e+02
4052,3.366263452688014013e+02,1.788812086922386868e+02
4053,3.365498197949964947e+02,1.787988456307286071e+02
4054,3.364733647103041676e+02,1.787168222163248572e+02
4055,3.363969796923032618e+02,1.786351368845660375e+02
4056,3.363206644203067981e+02,1.785537880778601050e+02
4057,3.362444185753519150e+02,1.784727742454656720e+02
4058,3.361682418401908308e+02,1.783920938434634422e+02
4059,3.360921338992798724e+02,1.783117453347368269e+02
4060,3.360160944387708355e+02,1.782317271889466497e+02
4061,3.359401231465004116e+02,1.781520378825068178e+02
4062,3.358642197119811499e+02,1.780726758985626930e+02
4063,3.357883838263912253e+02,1.779936397269664781e+02
4064,3.357126151825653437e+02,1.779149278642539684e+02
4065,3.356369134749858176e+02,1.778365388136212744e+02
4066,3.355612783997709698e+02,1.777584710849017426e+02
4067,3.354857096546686535e+02,1.776807231945413150e+02
4068,3.354102069390449401e+02,1.776032936655767003e+02
4069,3.353347699538755933e+02,1.775261810276119547e+02
4070,3.352593984017365187e+02,1.774493838167934996e+02
4071,3.351840919867949538e+02,1.773729005757894015e+02
4072,3.351088504148000311e+02,1.772967298537631393e+02
4073,3.350336733930743662e+02,1.772208702063528278e+02
4074,3.349585606305041665e+02,1.771453201956472583e+02
4075,3.348835118375307616e+02,1.770700783901631041e+02
4076,3.348085267261417357e+02,1.769951433648193415e+02
4077,3.347336050098620035e+02,1.769205137009181215e+02
4078,3.346587464037453401e+02,1.768461879861181956e+02
4079,3.345839506243648884e+02,1.767721648144137987e+02
4080,3.345092173898051442e+02,1.766984427861113716e+02
4081,3.344345464196530884e+02,1.766250205078056581e+02
4082,3.343599374349896607e+02,1.765518965923580197e+02
4083,3.342853901583814036e+02,1.764790696588719072e+02
4084,3.342109043138713673e+02,1.764065383326708059e+02
4085,3.341364796269715498e+02,1.763343012452761513e+02
4086,3.340621158246532900e+02,1.762623570343831148e+02
4087,3.339878126353407310e+02,1.761907043438384619e+02
4088,3.339135697889008156e+02,1.761193418236171908e+02
4089,3.338393870166358965e+02,1.760482681298008742e+02
4090,3.337652581084626604e+02,1.760161812486893211e+02
4091,3.336911509545705030e+02,1.759985779887953186e+02
4092,3.336170586169272951e+02,1.759810041411415398e+02
4093,3.335429810693007653e+02,1.759634596519749152e+02
4094,3.334689182855114495e+02,1.759459444676416524e+02
4095,3.333948702394323504e+02,1.759284585345873779e+02
4096,3.333208369049887665e+02,1.759110017993565407e+02
4097,3.332468182561585763e+02,1.758935742085926108e+02
4098,3.331728142669718977e+02,1.758761757090379660e+02
4099,3.330988249115101212e+02,1.758588062475331810e+02
4100,3.330248534205946385e+02,1.758191681214363484e+02
4101,3.329509187577034481e+02,1.757697897568661460e+02
4102,3.328770255997898175e+02,1.757205104427453932e+02
4103,3.328031738519764531e+02,1.756713299880912018e+02
4104,3.327293634196176413e+02,1.756222482022368183e+02
4105,3.326555942082968613e+02,1.755732648948298333e+02
4106,3.325818661238271829e+02,1.755243798758322384e+02
4107,3.325081790722499022e+02,1.754755929555207672e+02
4108,3.324345329598350531e+02,1.754269039444859004e+02
4109,3.323609276930794749e+02,1.753783126536313546e+02
4110,3.322873631787076079e+02,1.753298188941740818e+02
4111,3.322138393236695606e+02,1.752814224776439858e+02
4112,3.321403560351420197e+02,1.752331232158842909e+02
4113,3.320669132205262031e+02,1.751849209210489846e+02
4114,3.319935107874482014e+02,1.751368154056051480e+02
4115,3.319201486437580684e+02,1.750888064823309378e+02
4116,3.318468266975299343e+02,1.750408939643158988e+02
4117,3.317735448570602443e+02,1.749930776649603104e+02
4118,3.317003030308676443e+02,1.749453573979756129e+02
4119,3.316271011276934928e+02,1.748977329773823612e+02
4120,3.315539390564995870e+02,1.748502042175123847e+02
4121,3.314808167264687313e+02,1.748027709330060020e+02
4122,3.314077340470037143e+02,1.747554329388133851e+02
4123,3.313346909277271948e+02,1.747081900501939060e+02
4124,3.312616881718553259e+02,1.746566484321090513e+02
4125,3.311887285167658774e+02,1.746050803095477022e+02
4126,3.311158119221357765e+02,1.745536063063482004e+02
4127,3.310429382966976846e+02,1.745022262494546226e+02
4128,3.309701075493978806e+02,1.744509399660962572e+02
4129,3.308973195893964316e+02,1.743997472837856151e+02
4130,3.308245743260659992e+02,1.743486480303185431e+02
4131,3.307518716689911003e+02,1.742976420337738546e+02
4132,3.306792115279689028e+02,1.742467291225133010e+02
4133,3.306065938130068389e+02,1.741959091251806910e+02
4134,3.305340184343237979e+02,1.741451818707016059e+02
4135,3.304614853023484784e+02,1.740945471882837978e+02
4136,3.303889943277192174e+02,1.740440049074165074e+02
4137,3.303165454212835357e+02,1.739935548578692135e+02
4138,3.302441384940973990e+02,1.739431968696926276e+02
4139,3.301717734574254450e+02,1.738929307732176710e+02
4140,3.300994502227388239e+02,1.738427563990556166e+02
4141,3.300271687017168460e+02,1.737926735780968670e+02
4142,3.299549288062444816e+02,1.737426821415117502e+02
4143,3.298827304484134970e+02,1.736927819207492973e+02
4144,3.298105735405202950e+02,1.736429727475372147e+02
4145,3.297384579950668808e+02,1.735932544538817695e+02
4146,3.296663837247597826e+02,1.735436268720673922e+02
4147,3.295943506425088572e+02,1.734940898346560232e+02
4148,3.295223586522706114e+02,1.734448418250511850e+02
4149,3.294504073354038951e+02,1.733963794687298332e+02
4150,3.293784962049760452e+02,1.733480072421079115e+02
4151,3.293066251750557285e+02,1.732997249713861549e+02
4152,3.292347941599180103e+02,1.732515324830718271e+02
4153,3.291630030740441839e+02,1.732034296039792025e+02
4154,3.290912518321211451e+02,1.731554161612293967e+02
4155,3.290195403490402555e+02,1.731074919822493712e+02
4156,3.289478685398977404e+02,1.730596568947717344e+02
4157,3.288762363199934953e+02,1.730119107268347989e+02
4158,3.288046436048308578e+02,1.729642533067810461e+02
4159,3.287330903101158697e+02,1.729166844632582922e+02
4160,3.286615763517571622e+02,1.728692040252181528e+02
4161,3.285901016458652748e+02,1.728218118219162989e+02
4162,3.285186661087514040e+02,1.727745076829106097e+02
4163,3.284472696569282562e+02,1.727272914380633893e+02
4164,3.283759122071082288e+02,1.726801629175388939e+02
4165,3.283045936762035240e+02,1.726331219518035027e+02
4166,3.282333139813262051e+02,1.725861683716252344e+02
4167,3.281620730397864918e+02,1.725393020080736903e+02
4168,3.280908707690926462e+02,1.724925226925195716e+02
4169,3.280197070869509730e+02,1.724458302566339398e+02
4170,3.279485819112650233e+02,1.723992245323878478e+02
4171,3.278774951601346856e+02,1.723527053520528511e+02
4172,3.278064467518562992e+02,1.723062725481993596e+02
4173,3.277354366049219720e+02,1.722599259536968077e+02
4174,3.276644646380186146e+02,1.722136654017135697e+02
4175,3.275935307700283943e+02,1.721674907257161919e+02
4176,3.275226349200269169e+02,1.721214017594684833e+02
4177,3.274517770072838516e+02,1.720753983370324534e+02
4178,3.273809569512620783e+02,1.720294802927666353e+02
4179,3.273101746716171760e+02,1.719836474613267114e+02
4180,3.272394300881967411e+02,1.719378996776641486e+02
4181,3.271687231210402729e+02,1.718922367770263975e+02
4182,3.270980536903782649e+02,1.718466585949566081e+02
4183,3.270274217166323183e+02,1.718011649672926069e+02
4184,3.269568271204136067e+02,1.717557557301675217e+02
4185,3.268862698225233885e+02,1.717104307200079063e+02
4186,3.268157497439526082e+02,1.716651897735351042e+02
4187,3.267452668058803056e+02,1.716200327277632596e+02
4188,3.266748209296740697e+02,1.715749594200000558e+02
4189,3.266044120368893005e+02,1.715299696878459770e+02
4190,3.265340400492686967e+02,1.714850633691931137e+02
4191,3.264637048887420292e+02,1.714402403022263002e+02
4192,3.263934064774246622e+02,1.713955003254214375e+02
4193,3.263231447376191454e+02,1.713508432775460619e+02
4194,3.262529195918121445e+02,1.713062689976578099e+02
4195,3.261827309626760893e+02,1.712617773251049300e+02
4196,3.261125787730672414e+02,1.712173680995256007e+02
4197,3.260424629460265464e+02,1.711730411608482427e+02
4198,3.259723834047779292e+02,1.711287963492891038e+02
4199,3.259023400727289186e+02,1.710846335053546454e+02
4200,3.258323328734688289e+02,1.710405524698385591e+02
4201,3.257623617307693848e+02,1.709965530838231587e+02
4202,3.256924265685847217e+02,1.709526351886783573e+02
4203,3.256225273110492253e+02,1.709087986260613263e+02
4204,3.255526638824781571e+02,1.708650432379153301e+02
4205,3.254828362073672565e+02,1.708213688664710617e+02
4206,3.254130442103923997e+02,1.707777753542447385e+02
4207,3.253432878164078375e+02,1.707342625440381596e+02
4208,3.252735669504475027e+02,1.706908302789385914e+02
4209,3.252038815377236460e+02,1.706474784023180575e+02
4210,3.251342315036260402e+02,1.706042067578330830e+02
4211,3.250646167737226619e+02,1.705610151894240403e+02
4212,3.249950372737579301e+02,1.705179035413155759e+02
4213,3.249254929296531031e+02,1.704748716580149051e+02
4214,3.248559836675055976e+02,1.704319193843126641e+02
4215,3.247865094135885897e+02,1.703890465652815749e+02
4216,3.247170700943505040e+02,1.703462530462768996e+02
4217,3.246476656364144446e+02,1.703035386729353036e+02
4218,3.245782959665780254e+02,1.702609032911750262e+02
4219,3.245089610118126302e+02,1.702183467471950564e+02
4220,3.244396606992632996e+02,1.701758688874747918e+02
4221,3.243703949562478783e+02,1.701334695587742942e+02
4222,3.243011637102572990e+02,1.700911486081332100e+02
4223,3.242319668889538207e+02,1.700489058828697750e+02
4224,3.241628044201720513e+02,1.700067412305825201e+02
4225,3.240936762319176978e+02,1.699646544991474286e+02
4226,3.240245822523673951e+02,1.699226455367197275e+02
4227,3.239555224098678536e+02,1.698807141917313288e+02
4228,3.238864966329362574e+02,1.698388603128925354e+02
4229,3.238175048502590130e+02,1.697970837491898806e+02
4230,3.237485469906912385e+02,1.697553843498872368e+02
4231,3.236796229832575591e+02,1.697137619645243944e+02
4232,3.236107327571504584e+02,1.696722164429167208e+02
4233,3.235418762417299376e+02,1.696307476351558137e+02
4234,3.234730533665236862e+02,1.695893553916074268e+02
4235,3.234042640612263995e+02,1.695480395629127486e+02
4236,3.233355082556991533e+02,1.695067999999867538e+02
4237,3.232667858799691771e+02,1.694656365540188006e+02
4238,3.231980968642293988e+02,1.694245490764714646e+02
4239,3.231294411388381036e+02,1.693835374190802270e+02
4240,3.230608186343179682e+02,1.693426014338536731e+02
4241,3.229922292813569129e+02,1.693017409730729526e+02
4242,3.229236730108061693e+02,1.692609558892904431e+02
4243,3.228551497536805641e+02,1.692202460353306606e+02
4244,3.227866594411586902e+02,1.691796112642893490e+02
4245,3.227182020045811441e+02,1.691390514295325147e+02
4246,3.226497773754514924e+02,1.690985663846970226e+02
4247,3.225813854854347937e+02,1.690581559836897156e+02
4248,3.225130262663581107e+02,1.690178200806871018e+02
4249,3.224446996502086904e+02,1.689775585301343597e+02
4250,3.223764055691356134e+02,1.689373711867463612e+02
4251,3.223081439554475196e+02,1.688972579055061090e+02
4252,3.222399147416129495e+02,1.688572185416639968e+02
4253,3.221717178602604008e+02,1.688172529507395723e+02
4254,3.221035532441769078e+02,1.687773609885181827e+02
4255,3.220354208263084388e+02,1.687375425110532490e+02
4256,3.219673205397590436e+02,1.686977973746639350e+02
4257,3.218992523177909675e+02,1.686581254359357445e+02
4258,3.218312160938235138e+02,1.686185265517202652e+02
4259,3.217632118014333287e+02,1.685790005791339752e+02
4260,3.216952393743536049e+02,1.685395473755585840e+02
4261,3.216272987464736275e+02,1.685001667986403788e+02
4262,3.215593898518388869e+02,1.684608587062899687e+02
4263,3.214915126246501700e+02,1.684216229566815457e+02
4264,3.214236669992632187e+02,1.683824594082526289e+02
4265,3.213558529101887302e+02,1.683433679197043489e+02
4266,3.212880702920914473e+02,1.683043483499999979e+02
4267,3.212203190797898742e+02,1.682654005583652008e+02
4268,3.211525992082565040e+02,1.682265244042873178e+02
4269,3.210849106126167385e+02,1.681877197475158141e+02
4270,3.210172532281483768e+02,1.681489864480607821e+02
4271,3.209496269902817858e+02,1.681103243661932254e+02
4272,3.208820318345995020e+02,1.680717333624441778e+02
4273,3.208144676968356066e+02,1.680332132976052151e+02
4274,3.207469345128748159e+02,1.679947640327269198e+02
4275,3.206794322187531634e+02,1.679563854291194787e+02
4276,3.206119607506570333e+02,1.679180773483514599e+02
4277,3.205445200449228196e+02,1.678798396522506380e+02
4278,3.204771100380364715e+02,1.678416722029018331e+02
4279,3.204097306666331519e+02,1.678035748626482189e+02
4280,3.203423818674970676e+02,1.677655474940897022e+02
4281,3.202750635775611272e+02,1.677275899600840887e+02
4282,3.202077757339060327e+02,1.676897021237444960e+02
4283,3.201405182737604491e+02,1.676518838484406331e+02
4284,3.200732911345002094e+02,1.676141349977984589e+02
4285,3.200060942536485413e+02,1.675764554356981364e+02
4286,3.199389275688751013e+02,1.675388450262763058e+02
4287,3.198717910179958608e+02,1.675013036339226744e+02
4288,3.198046845389725945e+02,1.674638311232824037e+02
4289,3.197376080699127101e+02,1.674264273592536654e+02
4290,3.196705615490687933e+02,1.673890922069886358e+02
4291,3.196035449148382668e+02,1.673518255318920467e+02
4292,3.195365581057629356e+02,1.673146271996216115e+02
4293,3.194696010605287597e+02,1.672774970760875703e+02
4294,3.194026737179651150e+02,1.672404350274513831e+02
4295,3.193357760170452480e+02,1.672034409201267806e+02
4296,3.192689078968847411e+02,1.671665146207784574e+02
4297,3.192020692967423656e+02,1.671296559963217021e+02
4298,3.191352601560187736e+02,1.670928649139222273e+02
4299,3.190684804142568396e+02,1.670561412409958848e+02
4300,3.190017300111405802e+02,1.670194848452081828e+02
4301,3.189350088864956092e+02,1.669828955944739732e+02
4302,3.188683169802879434e+02,1.669463733569561725e+02
4303,3.188016542326244007e+02,1.669099180010678936e+02
4304,3.187350205837519184e+02,1.668735293954685233e+02
4305,3.186684159740569839e+02,1.668372074090664512e+02
4306,3.186018403440655788e+02,1.668009519110169663e+02
4307,3.185352936344427235e+02,1.667647627707221716e+02
4308,3.184687757859921931e+02,1.667286398578312685e+02
4309,3.184022867396562333e+02,1.666925830422394483e+02
4310,3.183358264365147079e+02,1.666565921940874944e+02
4311,3.182693948177857806e+02,1.666206671837619524e+02
4312,3.182029918248240961e+02,1.665848078818946192e+02
4313,3.181366173991219171e+02,1.665490141593614624e+02
4314,3.180702714823080441e+02,1.665132858872836152e+02
4315,3.180039540161471336e+02,1.664776229370252736e+02
4316,3.179376649425402093e+02,1.664420251801950315e+02
4317,3.178714042035236957e+02,1.664064924886438064e+02
4318,3.178051717412692483e+02,1.663710247344666300e+02
4319,3.177389674980835252e+02,1.663356217899994078e+02
4320,3.176727914164077333e+02,1.663002835278215912e+02
4321,3.176066434388171729e+02,1.662650098207535052e+02
4322,3.175405235080211241e+02,1.662298005418569460e+02
4323,3.174744315668623358e+02,1.661946555644349246e+02
4324,3.174083675583170248e+02,1.661595747620308430e+02
4325,3.173423314254940237e+02,1.661245580084282096e+02
4326,3.172763231116346674e+02,1.660896051776507818e+02
4327,3.172103425601128492e+02,1.660547161439612864e+02
4328,3.171443897144339417e+02,1.660198907818616192e+02
4329,3.170784645182348527e+02,1.659851289660929297e+02
4330,3.170125669152841397e+02,1.659504305716340298e+02
4331,3.169466968494809862e+02,1.659157954737020759e+02
4332,3.168808542648549178e+02,1.658812235477519721e+02
4333,3.168150391055658588e+02,1.658467146694750909e+02
4334,3.167492513159038481e+02,1.658122687148007230e+02
4335,3.166834908402881297e+02,1.657778855598938605e+02
4336,3.166177576232673232e+02,1.657435650811559924e+02
4337,3.165520516095191965e+02,1.657093071552238257e+02
4338,3.164863727438495289e+02,1.656751116589701951e+02
4339,3.164207209711934183e+02,1.656409784695026133e+02
4340,3.163550962366123258e+02,1.656069074641627594e+02
4341,3.162894984852968037e+02,1.655728985205272465e+02
4342,3.162239276625640514e+02,1.655389515164062573e+02
4343,3.161583837138583704e+02,1.655050663298434870e+02
4344,3.160928665847505385e+02,1.654712428391158312e+02
4345,3.160273762209382085e+02,1.654374809227328456e+02
4346,3.159619125682442018e+02,1.654037804594366605e+02
4347,3.158964755726179874e+02,1.653701413282014130e+02
4348,3.158310651801336348e+02,1.653365634082328199e+02
4349,3.157656813369908946e+02,1.653030465789676953e+02
4350,3.157003239895140041e+02,1.652695907200745182e+02
4351,3.156349930841515175e+02,1.652361957114514155e+02
4352,3.155696885674765326e+02,1.652028614332272127e+02
4353,3.155044103861855547e+02,1.651695877657604683e+02
4354,3.154391584870991210e+02,1.651363745896394164e+02
4355,3.153739328171600391e+02,1.651032217856808586e+02
4356,3.153087333234351490e+02,1.650701292349309597e+02
4357,3.152435599531133334e+02,1.650370968186635707e+02
4358,3.151784126535053474e+02,1.650041244183812523e+02
4359,3.151132913720449551e+02,1.649712119158135124e+02
4360,3.150481960562866561e+02,1.649383591929173747e+02
4361,3.149831266539065950e+02,1.649055661318773218e+02
4362,3.149180831127022770e+02,1.648728326151033059e+02
4363,3.148530653805915449e+02,1.648401585252322832e+02
4364,3.147880734056128631e+02,1.648075437451266509e+02
4365,3.147231071359249768e+02,1.647749881578744180e+02
4366,3.146581665198064570e+02,1.647424916467884941e+02
4367,3.145932515056550187e+02,1.647100540954065764e+02
4368,3.145283620419882027e+02,1.646776753874904955e+02
4369,3.144634980774420683e+02,1.646453554070265000e+02
4370,3.143986595607717618e+02,1.646130940382243466e+02
4371,3.143338464408502091e+02,1.645808911655166185e+02
4372,3.142690586666689683e+02,1.645487466735593500e+02
4373,3.142042961873370359e+02,1.645166604472307483e+02
4374,3.141395585089897509e+02,1.644869579450524952e+02
4375,3.140748441652990550e+02,1.644573853424468268e+02
4376,3.140101530798371527e+02,1.644278651331169954e+02
4377,3.139454852072308881e+02,1.643983972137362173e+02
4378,3.138808405022103329e+02,1.643689814811808958e+02
4379,3.138162189196089571e+02,1.643396178325311325e+02
4380,3.137516204143624918e+02,1.643103061650695622e+02
4381,3.136870449415102939e+02,1.642810463762815232e+02
4382,3.136224924561930152e+02,1.642518383638549153e+02
4383,3.135579629136540234e+02,1.642226820256788642e+02
4384,3.134934562692388340e+02,1.641935772598447159e+02
4385,3.134289724783939732e+02,1.641645239646445020e+02
4386,3.133645114966673759e+02,1.641355220385711675e+02
4387,3.133000732797086130e+02,1.641065713803184849e+02
4388,3.132356577832674702e+02,1.640776718887798040e+02
4389,3.131712649631949716e+02,1.640488234630488193e+02
4390,3.131068947754420719e+02,1.640200260024181489e+02
4391,3.130425471760597134e+02,1.639912794063801016e+02
4392,3.129782221211991100e+02,1.639625835746250004e+02
4393,3.129139195671108382e+02,1.639339384070425467e+02
4394,3.128496394701448935e+02,1.639053438037192620e+02
4395,3.127853817867502357e+02,1.638767996649405063e+02
4396,3.127211464734750166e+02,1.638483058911885166e+02
4397,3.126569334869660111e+02,1.638198623831424641e+02
4398,3.125927427839677080e+02,1.637914690416783685e+02
4399,3.125285743213235037e+02,1.637631257678688428e+02
4400,3.124644280559743947e+02,1.637348324629817000e+02
4401,3.124003039449590347e+02,1.637065890284813747e+02
4402,3.123362019454132792e+02,1.636783953660270470e+02
4403,3.122721220145705274e+02,1.636502513774730403e+02
4404,3.122080641097608691e+02,1.636221569648682248e+02
4405,3.121440281884111982e+02,1.635941120304557046e+02
4406,3.120800142080444743e+02,1.635661164766727893e+02
4407,3.120160221262804612e+02,1.635381702061499993e+02
4408,3.119520519008343626e+02,1.635102731217116059e+02
4409,3.118881034895173912e+02,1.634824251263745509e+02
4410,3.118241768502361992e+02,1.634546261233480777e+02
4411,3.117602719409927090e+02,1.634268760160344698e+02
4412,3.116963887198837710e+02,1.633991747080270045e+02
4413,3.116325271451009371e+02,1.633715221031111469e+02
4414,3.115686871749305169e+02,1.633439181052635263e+02
4415,3.115048687677532939e+02,1.633163626186511408e+02
4416,3.114410718820434454e+02,1.632888555476325223e+02
4417,3.113772964763695086e+02,1.632613967967554913e+02
4418,3.113135425093938693e+02,1.632339862707582938e+02
4419,3.112498099398716249e+02,1.632066238745686348e+02
4420,3.111860987266514940e+02,1.631793095133031954e+02
4421,3.111224088286748497e+02,1.631520430922679736e+02
4422,3.110587402049760044e+02,1.631248245169569770e+02
4423,3.109950928146817546e+02,1.630976536930529051e+02
4424,3.109314666170106420e+02,1.630705305264261824e+02
4425,3.108678615712736928e+02,1.630434549231346466e+02
4426,3.108042776368737350e+02,1.630164267894235763e+02
4427,3.107407147733045463e+02,1.629894460317246683e+02
4428,3.106771729401520474e+02,1.629625125566570887e+02
4429,3.106136520970925972e+02,1.629356262710251997e+02
4430,3.105501522038937310e+02,1.629087870818197246e+02
4431,3.104866732204136497e+02,1.628819948962168667e+02
4432,3.104232150907201913e+02,1.628563570159836615e+02
4433,3.103597740142883481e+02,1.628446908915598215e+02
4434,3.102963420244518602e+02,1.628330369547171870e+02
4435,3.102329191110683837e+02,1.628213951909425816e+02
4436,3.101695052640092172e+02,1.628097655857434916e+02
4437,3.101061004731585058e+02,1.627981481246483213e+02
4438,3.100427047284144351e+02,1.627865427932061948e+02
4439,3.099793180196880371e+02,1.627749495769872397e+02
4440,3.099159403369034749e+02,1.627633684615819334e+02
4441,3.098525716699983832e+02,1.627517994326015298e+02
4442,3.097892120089234140e+02,1.627402424756780022e+02
4443,3.097258613436425208e+02,1.627286975764637873e+02
4444,3.096625196641328444e+02,1.627171647206319847e+02
4445,3.095991869603847135e+02,1.627056438938762142e+02
4446,3.095358632224015309e+02,1.626941350819103320e+02
4447,3.094725484401996027e+02,1.626826382704687717e+02
4448,3.094092426038086501e+02,1.626711534453064871e+02
4449,3.093459457032714681e+02,1.626596805921985549e+02
4450,3.092826577286430734e+02,1.626482196969403731e+02
4451,3.092193786699928069e+02,1.626367707453477749e+02
4452,3.091561085174020604e+02,1.626253337232566878e+02
4453,3.090928472609655842e+02,1.626139086165233323e+02
4454,3.090295948907909747e+02,1.626024954110239378e+02
4455,3.089663513969987889e+02,1.625910940926549131e+02
4456,3.089031167697223736e+02,1.625797046473329033e+02
4457,3.088398909991083769e+02,1.625683270609943349e+02
4458,3.087766740753159525e+02,1.625569613195957004e+02
4459,3.087134659885170436e+02,1.625456074091136145e+02
4460,3.086502667288963835e+02,1.625342653155444168e+02
4461,3.085870762866520636e+02,1.625229350249043989e+02
4462,3.085238946519947945e+02,1.625116165232298613e+02
4463,3.084607218151472807e+02,1.625003097965765448e+02
4464,3.083975577663459262e+02,1.624890148310203415e+02
4465,3.083344024958392993e+02,1.624777316126567257e+02
4466,3.082712559938894969e+02,1.624664601276008398e+02
4467,3.082081182507698145e+02,1.624552003619874085e+02
4468,3.081449892567677011e+02,1.624439523019709952e+02
4469,3.080818690021824864e+02,1.624327159337256603e+02
4470,3.080187574773261190e+02,1.624214912434449047e+02
4471,3.079556546725236785e+02,1.624102782173418404e+02
4472,3.078925605781121249e+02,1.623990768416491051e+02
4473,3.078294751844416623e+02,1.623878871026186346e+02
4474,3.077663984818744325e+02,1.623767089865219191e+02
4475,3.077033304607858213e+02,1.623655424796496050e+02
4476,3.076402711115627540e+02,1.623543875683119495e+02
4477,3.075772204246055708e+02,1.623432442388383663e+02
4478,3.075141783903267765e+02,1.623321124775773399e+02
4479,3.074511449991509835e+02,1.623209922708969088e+02
4480,3.073881202415155371e+02,1.623098836051840408e+02
4481,3.073251041078704020e+02,1.622987864668450868e+02
4482,3.072620965886774798e+02,1.622877008423052132e+02
4483,3.071990976744112345e+02,1.622766267180088846e+02
4484,3.071361073555586927e+02,1.622655640804195798e+02
4485,3.070731256226187043e+02,1.622545129160197632e+02
4486,3.070101524661031931e+02,1.622434732113106861e+02
4487,3.069471878765355655e+02,1.622324449528129833e+02
4488,3.068842318444520174e+02,1.622214281270657636e+02
4489,3.068212843604007389e+02,1.622104227206270650e+02
4490,3.067583454149423687e+02,1.621994287200739677e+02
4491,3.066954149986498237e+02,1.621884461120022820e+02
4492,3.066324931021076168e+02,1.621774748830263491e+02
4493,3.065695797159130507e+02,1.621665150197795242e+02
4494,3.065066748306755926e+02,1.621555665089136369e+02
4495,3.064437784370165332e+02,1.621446293370993317e+02
4496,3.063808905255692707e+02,1.621337034910258978e+02
4497,3.063180110869794817e+02,1.621227889574010135e+02
4498,3.062551401119050638e+02,1.621118857229509445e+02
4499,3.061922775910158521e+02,1.621009937744207150e+02
4500,3.061294235149933343e+02,1.620901130985736813e+02
4501,3.060665778745316175e+02,1.620792436821915601e+02
4502,3.060037406603364047e+02,1.620683855120745136e+02
4503,3.059409118631255069e+02,1.620575385750412920e+02
4504,3.058780914736288992e+02,1.620467028579287216e+02
4505,3.058152794825883234e+02,1.620358783475921598e+02
4506,3.057524758807571175e+02,1.620250650309051252e+02
4507,3.056896806589013522e+02,1.620142628947593835e+02
4508,3.056268938077984103e+02,1.620034719260649467e+02
4509,3.055641153182373841e+02,1.619926921117500171e+02
4510,3.055013451810196443e+02,1.619819234387609299e+02
4511,3.054385833869583280e+02,1.619711658940621533e+02
4512,3.053758299268781116e+02,1.619604194646362600e+02
4513,3.053130847916160064e+02,1.619496841374837004e+02
4514,3.052503479720199948e+02,1.619389598996232564e+02
4515,3.051876194589507350e+02,1.619282467380913886e+02
4516,3.051248992432798559e+02,1.619175446399427187e+02
4517,3.050621873158914354e+02,1.619068535922496608e+02
4518,3.049994836676805789e+02,1.618961735821025343e+02
4519,3.049367882895542721e+02,1.618855045966095361e+02
4520,3.048741011724314376e+02,1.618748466228967402e+02
4521,3.048114223072425943e+02,1.618641996481078422e+02
4522,3.047487516849296298e+02,1.618535636594045286e+02
4523,3.046860892964463119e+02,1.618429386439659936e+02
4524,3.046234351327578906e+02,1.618323245889892235e+02
4525,3.045607891848411555e+02,1.618217214816889111e+02
4526,3.044981514436844350e+02,1.618111293092972005e+02
4527,3.044355219002878812e+02,1.618005480590640843e+02
4528,3.043729005456628443e+02,1.617899777182569778e+02
4529,3.043102873708325546e+02,1.617794182741607187e+02
4530,3.042476823668310431e+02,1.617688697140778231e+02
4531,3.041850855247046752e+02,1.617583320253282295e+02
4532,3.041224968355106739e+02,1.617478051952492706e+02
4533,3.040599162903179149e+02,1.617372892111957583e+02
4534,3.039973438802068131e+02,1.617267840605398987e+02
4535,3.039347795962689247e+02,1.617162897306710931e+02
4536,3.038722234296073452e+02,1.617058062089961368e+02
4537,3.038096753713363114e+02,1.616953334829391906e+02
4538,3.037471354125818834e+02,1.616848715399414971e+02
4539,3.036846035444811491e+02,1.616744203674616926e+02
4540,3.036220797581822239e+02,1.616639799529755521e+02
4541,3.035595640448452741e+02,1.616535502839759317e+02
4542,3.034970563956410388e+02,1.616431313479727976e+02
4543,3.034345568017519099e+02,1.616327231324934530e+02
4544,3.033720652543713641e+02,1.616223256250819702e+02
4545,3.033095817447040758e+02,1.616119388132996733e+02
4546,3.032471062639659749e+02,1.616015626847247972e+02
4547,3.031846388033844164e+02,1.615911972269525165e+02
4548,3.031221793541975558e+02,1.615808424275950017e+02
4549,3.030597279076550308e+02,1.615704982742813911e+02
4550,3.029972844550171658e+02,1.615601647546575634e+02
4551,3.029348489875561086e+02,1.615498418563865073e+02
4552,3.028724214965544093e+02,1.615395295671477527e+02
4553,3.028100019733061572e+02,1.615292278746378258e+02
4554,3.027475904091162420e+02,1.615189367665698796e+02
4555,3.026851867953010355e+02,1.615086562306739211e+02
4556,3.026227911231874828e+02,1.614983862546965270e+02
4557,3.025604033841136697e+02,1.614881268264012135e+02
4558,3.024980235694287671e+02,1.614778779335678109e+02
4559,3.024356516704931437e+02,1.614676395639930035e+02
4560,3.023732876786774568e+02,1.614574117054899602e+02
4561,3.023109315853642443e+02,1.614471943458884766e+02
4562,3.022485833819462755e+02,1.614369874730348329e+02
4563,3.021862430598275182e+02,1.614267910747918791e+02
4564,3.021239106104227972e+02,1.614166051390388361e+02
4565,3.020615860251579079e+02,1.614064296536714096e+02
4566,3.019992692954693894e+02,1.613962646066018181e+02
4567,3.019369604128046944e+02,1.613861099857584804e+02
4568,3.018746593686221331e+02,1.613759657790862434e+02
4569,3.018123661543909861e+02,1.613658319745464951e+02
4570,3.017500807615907092e+02,1.613557085601165966e+02
4571,3.016878031817124679e+02,1.613455955237903652e+02
4572,3.016255334062574320e+02,1.613354928535778470e+02
4573,3.015632714267379697e+02,1.613254005375053453e+02
4574,3.015010172346773629e+02,1.613153185636152216e+02
4575,3.014387708216088981e+02,1.613052469199661232e+02
4576,3.013765321790770599e+02,1.612951855946326702e+02
4577,3.013143012986372469e+02,1.612851345757058823e+02
4578,3.012520781718548051e+02,1.612750938512924108e+02
4579,3.011898627410446352e+02,1.612655930042678563e+02
4580,3.011276544760286242e+02,1.612566698442812196e+02
4581,3.010654530936258197e+02,1.612477545462739386e+02
4582,3.010032585873916560e+02,1.612388471030764379e+02
4583,3.009410709508884452e+02,1.612299475075261626e+02
4584,3.008788901776846956e+02,1.612210557524676062e+02
4585,3.008167162613560777e+02,1.612121718307523111e+02
4586,3.007545491954840031e+02,1.612032957352388109e+02
4587,3.006923889736568754e+02,1.611944274587927453e+02
4588,3.006302355894695779e+02,1.611855669942866598e+02
4589,3.005680890365233040e+02,1.611767143346001774e+02
4590,3.005059493084258406e+02,1.611678694726199126e+02
4591,3.004438163987913413e+02,1.611590324012394149e+02
4592,3.003816903012406101e+02,1.611502031133592254e+02
4593,3.003195710094006472e+02,1.611413816018869340e+02
4594,3.002574585169051602e+02,1.611325678597368949e+02
4595,3.001953528173942232e+02,1.611237618798306244e+02
4596,3.001332539045142198e+02,1.611149636550965170e+02
4597,3.000711617719181277e+02,1.611061731784698168e+02
4598,3.000090764132653476e+02,1.610973904428928449e+02
4599,2.999469978222214763e+02,1.610886154413146301e+02
4600,2.998849259924590456e+02,1.610798481666912778e+02
4601,2.998228609176562713e+02,1.610710886119857435e+02
4602,2.997608025914980203e+02,1.610623367701678887e+02
4603,2.996987510076758099e+02,1.610535926342142830e+02
4604,2.996367061598876376e+02,1.610448561971087429e+02
4605,2.995746680418371852e+02,1.610361274518415371e+02
4606,2.995126366472350128e+02,1.610274063914100395e+02
4607,2.994506119697980466e+02,1.610186930088183601e+02
4608,2.993885940032493522e+02,1.610099872970775721e+02
4609,2.993265827413184752e+02,1.610012892492053709e+02
4610,2.992645781777412139e+02,1.609925988582265006e+02
4611,2.992025803062597902e+02,1.609839161171722992e+02
4612,2.991405891206227352e+02,1.609752410190810963e+02
4613,2.990786046145846626e+02,1.609665735569979290e+02
4614,2.990166267819068366e+02,1.609579137239746274e+02
4615,2.989546556163564901e+02,1.609492615130696720e+02
4616,2.988926911117076770e+02,1.609406169173486774e+02
4617,2.988307332617400220e+02,1.609319799298835960e+02
4618,2.987687820602399711e+02,1.609233505437533438e+02
4619,2.987068375009998817e+02,1.609147287520435441e+02
4620,2.986448995778187623e+02,1.609061145478466130e+02
4621,2.985829682845015896e+02,1.608975079242616459e+02
4622,2.985210436148595932e+02,1.608889088743943887e+02
4623,2.984591255627103124e+02,1.608803173913574653e+02
4624,2.983972141218773686e+02,1.608717334682700653e+02
4625,2.983353092861912046e+02,1.608631570982580570e+02
4626,2.982734110494875495e+02,1.608545882744539881e+02
4627,2.982115194056091809e+02,1.608460269899973980e+02
4628,2.981496343484045042e+02,1.608374732380339651e+02
4629,2.980877558717283478e+02,1.608289270117164733e+02
4630,2.980258839694420203e+02,1.608203883042040729e+02
4631,2.979640186354126286e+02,1.608118571086627924e+02
4632,2.979021598635131909e+02,1.608033334182650265e+02
4633,2.978403076476236038e+02,1.607948172261901050e+02
4634,2.977784619816298459e+02,1.607863085256237241e+02
4635,2.977166228594231256e+02,1.607778073097583160e+02
4636,2.976547902749019272e+02,1.607693135717929636e+02
4637,2.975929642219703055e+02,1.607608273049331444e+02
4638,2.975311446945386251e+02,1.607523485023911576e+02
4639,2.974693316865231054e+02,1.607438771573856968e+02
4640,2.974075251918466734e+02,1.607354132631421919e+02
4641,2.973457252044376560e+02,1.607269568128925243e+02
4642,2.972839317182310310e+02,1.607185077998751694e+02
4643,2.972221447271675743e+02,1.607100662173351395e+02
4644,2.971603642251942574e+02,1.607016320585239271e+02
4645,2.970985902062641912e+02,1.606932053166997605e+02
4646,2.970368226643365119e+02,1.606847859851270641e+02
4647,2.969750615933765516e+02,1.606763740570771120e+02
4648,2.969133069873552699e+02,1.606679695258275160e+02
4649,2.968515588402501635e+02,1.606595723846623400e+02
4650,2.967898171460446406e+02,1.606511826268723269e+02
4651,2.967280818987281918e+02,1.606428002457544721e+02
4652,2.966663530922962764e+02,1.606344252346125074e+02
4653,2.966046307207503219e+02,1.606260575867563034e+02
4654,2.965429147780980088e+02,1.606176972955026372e+02
4655,2.964812052583525315e+02,1.606093443541741976e+02
4656,2.964195021555339054e+02,1.606009987561006369e+02
4657,2.963578054636673187e+02,1.605926604946176610e+02
4658,2.962961151767846104e+02,1.605843295630676266e+02
4659,2.962344312889231901e+02,1.605760059547992569e+02
4660,2.961727537941267769e+02,1.605676896631677550e+02
4661,2.961110826864445471e+02,1.605593806815344351e+02
4662,2.960494179599322138e+02,1.605510790032674606e+02
4663,2.959877596086513449e+02,1.605427846217409922e+02
4664,2.959261076266690793e+02,1.605344975303358126e+02
4665,2.958644620080588652e+02,1.605262177224390427e+02
4666,2.958028227469001763e+02,1.605179451914441131e+02
4667,2.957411898372780001e+02,1.605096799307508206e+02
4668,2.956795632732837475e+02,1.605014219337653287e+02
4669,2.956179430490144568e+02,1.604931711939001673e+02
4670,2.955563291585729075e+02,1.604849277045742326e+02
4671,2.954947215960683025e+02,1.604766914592126170e+02
4672,2.954331203497125671e+02,1.604686188123963859e+02
4673,2.953715251528386716e+02,1.604611916790414341e+02
4674,2.953099356564385403e+02,1.604537708363214676e+02
4675,2.952483518554203101e+02,1.604463562784719102e+02
4676,2.951867737446978026e+02,1.604389479997340970e+02
4677,2.951252013191893298e+02,1.604315459943559290e+02
4678,2.950636345738186606e+02,1.604241502565913891e+02
4679,2.950020735035147936e+02,1.604167607807008267e+02
4680,2.949405181032113319e+02,1.604093775609508441e+02
4681,2.948789683678473921e+02,1.604020005916142964e+02
4682,2.948174242923667521e+02,1.603946298669701775e+02
4683,2.947558858717184194e+02,1.603872653813038482e+02
4684,2.946943531008565742e+02,1.603799071289068081e+02
4685,2.946328259747403990e+02,1.603725551040766959e+02
4686,2.945713044883336806e+02,1.603652093011175452e+02
4687,2.945097886366058901e+02,1.603578697143393583e+02
4688,2.944482784145310461e+02,1.603505363380584754e+02
4689,2.943867738170882262e+02,1.603432091665972337e+02
4690,2.943252748392619083e+02,1.603358881942843084e+02
4691,2.942637814760410606e+02,1.603285734154543718e+02
4692,2.942022937224199381e+02,1.603212648244483773e+02
4693,2.941408115733976274e+02,1.603139624156131902e+02
4694,2.940793350239784445e+02,1.603066661833020703e+02
4695,2.940178640691715373e+02,1.602993761218741042e+02
4696,2.939563987039909421e+02,1.602920922256946596e+02
4697,2.938949389234556406e+02,1.602848144891351012e+02
4698,2.938334847225897875e+02,1.602775429065729327e+02
4699,2.937720360964223119e+02,1.602702774723916832e+02
4700,2.937105930399872022e+02,1.602630181809809358e+02
4701,2.936491555483232219e+02,1.602557650267363556e+02
4702,2.935877236164743636e+02,1.602485180040595765e+02
4703,2.935262972394892245e+02,1.602412771073583144e+02
4704,2.934648764124216314e+02,1.602340423310463393e+02
4705,2.934034611303297311e+02,1.602268136695433327e+02
4706,2.933420513882776959e+02,1.602195911172749732e+02
4707,2.932806471813333928e+02,1.602123746686730783e+02
4708,2.932192485045704302e+02,1.602051643181752922e+02
4709,2.931578553530665658e+02,1.601979600602252845e+02
4710,2.930964677219052987e+02,1.601907618892726646e+02
4711,2.930350856061746185e+02,1.601835697997730392e+02
4712,2.929737090009671761e+02,1.601763837861879267e+02
4713,2.929123379013806243e+02,1.601692038429847571e+02
4714,2.928509723025175049e+02,1.601620299646369006e+02
4715,2.927896121994855321e+02,1.601548621456236390e+02
4716,2.927282575873970245e+02,1.601477003804301660e+02
4717,2.926669084613685072e+02,1.601405446635475869e+02
4718,2.926055648165225875e+02,1.601333949894728903e+02
4719,2.925442266479857949e+02,1.601262513527087776e+02
4720,2.924828939508898884e+02,1.601191137477641746e+02
4721,2.924215667203711746e+02,1.601119821691534639e+02
4722,2.923602449515711328e+02,1.601048566113971674e+02
4723,2.922989286396357898e+02,1.600977370690215480e+02
4724,2.922376177797159471e+02,1.600906235365585815e+02
4725,2.921763123669674087e+02,1.600835160085463542e+02
4726,2.921150123965506396e+02,1.600764144795284096e+02
4727,2.920537178636309363e+02,1.600693189440543733e+02
4728,2.919924287633783706e+02,1.600622293966794984e+02
4729,2.919311450909676182e+02,1.600551458319649214e+02
4730,2.918698668415786415e+02,1.600480682444775766e+02
4731,2.918085940103956659e+02,1.600409966287899977e+02
4732,2.917473265926077488e+02,1.600339309794806297e+02
4733,2.916860645834090064e+02,1.600268712911336593e+02
4734,2.916248079779979321e+02,1.600198175583389286e+02
4735,2.915635567715779075e+02,1.600127697756920782e+02
4736,2.915023109593570894e+02,1.600057279377944326e+02
4737,2.914410705365486933e+02,1.599986920392530578e+02
4738,2.913798354983696299e+02,1.599916620746807325e+02
4739,2.913186058400428351e+02,1.599846380386959197e+02
4740,2.912573815567950533e+02,1.599776199259226814e+02
4741,2.911961628765968157e+02,1.599693057248069294e+02
4742,2.911349505922144090e+02,1.599609064223070902e+02
4743,2.910737447344389466e+02,1.599525139026758609e+02
4744,2.910125452977440546e+02,1.599441281604694041e+02
4745,2.909513522766071674e+02,1.599357491902478898e+02
4746,2.908901656655121428e+02,1.599273769865762915e+02
4747,2.908289854589467041e+02,1.599190115440237605e+02
4748,2.907678116514040880e+02,1.599106528571638535e+02
4749,2.907066442373824202e+02,1.599023009205744188e+02
4750,2.906454832113846578e+02,1.598939557288379945e+02
4751,2.905843285679187034e+02,1.598856172765413817e+02
4752,2.905231803014975753e+02,1.598772855582754175e+02
4753,2.904620384066392376e+02,1.598689605686358561e+02
4754,2.904009028778662014e+02,1.598606423022224305e+02
4755,2.903397737097066056e+02,1.598523307536394213e+02
4756,2.902786508966926817e+02,1.598440259174954861e+02
4757,2.902175344333623457e+02,1.598357277884034886e+02
4758,2.901564243142580040e+02,1.598274363609807267e+02
4759,2.900953205339269516e+02,1.598191516298488466e+02
4760,2.900342230869218270e+02,1.598108735896340136e+02
4761,2.899731319677993611e+02,1.598026022349663435e+02
4762,2.899120471711220262e+02,1.597943375604806420e+02
4763,2.898509686914569556e+02,1.597860795608158924e+02
4764,2.897898965233758304e+02,1.597778282306153415e+02
4765,2.897288306614555040e+02,1.597695835645268119e+02
4766,2.896677711002777755e+02,1.597613455572022190e+02
4767,2.896067178344289914e+02,1.597531142032977414e+02
4768,2.895456708585007277e+02,1.597448894974741052e+02
4769,2.894846301670892785e+02,1.597366714343961576e+02
4770,2.894235957547955991e+02,1.597284600087331512e+02
4771,2.893625676162258173e+02,1.597202552151586588e+02
4772,2.893015457459908930e+02,1.597120570483503172e+02
4773,2.892405301387065606e+02,1.597038655029904248e+02
4774,2.891795207889929884e+02,1.596956805737651734e+02
4775,2.891185176914760291e+02,1.596875022553653309e+02
4776,2.890575208407857417e+02,1.596793305424858431e+02
4777,2.889965302315569602e+02,1.596711654298259475e+02
4778,2.889355458584295775e+02,1.596630069120890312e+02
4779,2.888745677160485457e+02,1.596548549839829434e+02
4780,2.888135957990632505e+02,1.596467096402196546e+02
4781,2.887526301021280233e+02,1.596385708755154553e+02
4782,2.886916706199017426e+02,1.596304386845908709e+02
4783,2.886307173470486873e+02,1.596223130621706900e+02
4784,2.885697702782371721e+02,1.596141940029838509e+02
4785,2.885088294081409117e+02,1.596060815017637822e+02
4786,2.884478947314381685e+02,1.595979755532477782e+02
4787,2.883869662428120364e+02,1.595898761521777374e+02
4788,2.883260439369502137e+02,1.595817832932995088e+02
4789,2.882651278085454578e+02,1.595736969713634039e+02
4790,2.882042178522950167e+02,1.595656171811236845e+02
4791,2.881433140629009699e+02,1.595575439173390748e+02
4792,2.880824164350703995e+02,1.595494771747723917e+02
4793,2.880215249635147643e+02,1.595414169481907152e+02
4794,2.879606396298365780e+02,1.595335485179056718e+02
4795,2.878997602182742526e+02,1.595260006502991814e+02
4796,2.878388865661466980e+02,1.595184588768838125e+02
4797,2.877780186685316721e+02,1.595109231928249756e+02
4798,2.877171565205111392e+02,1.595033935932916620e+02
4799,2.876563001171714973e+02,1.594958700734563877e+02
4800,2.875954494536034645e+02,1.594883526284955053e+02
4801,2.875346045249019085e+02,1.594808412535890056e+02
4802,2.874737653261664718e+02,1.594733359439204889e+02
4803,2.874129318525006056e+02,1.594658366946772219e+02
4804,2.873521040990124220e+02,1.594583435010502512e+02
4805,2.872912820608141828e+02,1.594508563582341480e+02
4806,2.872304657330227542e+02,1.594433752614271498e+02
4807,2.871696551107590949e+02,1.594359002058312456e+02
4808,2.871088501891481997e+02,1.594284311866519772e+02
4809,2.870480509633198380e+02,1.594209681990985814e+02
4810,2.869872574284078155e+02,1.594135112383839044e+02
4811,2.869264695795504281e+02,1.594060602997244018e+02
4812,2.868656874118900646e+02,1.593986153783404234e+02
4813,2.868049109205733771e+02,1.593911764694555870e+02
4814,2.867441401007516788e+02,1.593837435682972909e+02
4815,2.866833749475799777e+02,1.593763166700966281e+02
4816,2.866226154562180000e+02,1.593688957700883577e+02
4817,2.865618616218299053e+02,1.593614808635106783e+02
4818,2.865011134395833210e+02,1.593540719456056252e+02
4819,2.864403709046509903e+02,1.593466690116186157e+02
4820,2.863796340122094080e+02,1.593392720567989045e+02
4821,2.863189027574395027e+02,1.593318810763992701e+02
4822,2.862581771355266937e+02,1.593244960656761293e+02
4823,2.861974571416600384e+02,1.593171170198893378e+02
4824,2.861367427710333118e+02,1.593097439343027588e+02
4825,2.860760340188446094e+02,1.593023768041834671e+02
4826,2.860153308802960055e+02,1.592950156248022324e+02
4827,2.859546333505936104e+02,1.592876603914334908e+02
4828,2.858939414249482525e+02,1.592803110993553730e+02
4829,2.858332550985747957e+02,1.592729677438494207e+02
4830,2.857725743666921403e+02,1.592656303202008132e+02
4831,2.857118992245237905e+02,1.592582988236983681e+02
4832,2.856512296672970024e+02,1.592509732496345407e+02
4833,2.855905656902434089e+02,1.592436535933050266e+02
4834,2.855299072885990768e+02,1.592363398500096991e+02
4835,2.854692544576039950e+02,1.592290320150514731e+02
4836,2.854086071925026431e+02,1.592217300837370999e+02
4837,2.853479654885432524e+02,1.592144340513767986e+02
4838,2.852873293409787152e+02,1.592071439132845398e+02
4839,2.852266987450659030e+02,1.591998596647775912e+02
4840,2.851660736960656095e+02,1.591925813011770003e+02
4841,2.851054541892432326e+02,1.591853088178072824e+02
4842,2.850448402198680355e+02,1.591780422099964483e+02
4843,2.849842317832138292e+02,1.591707814730763459e+02
4844,2.849236288745583465e+02,1.591635266023820634e+02
4845,2.848630314891831290e+02,1.591562775932523266e+02
4846,2.848024396223744930e+02,1.591490344410294142e+02
4847,2.847418532694227338e+02,1.591417971410593850e+02
4848,2.846812724256219553e+02,1.591345656886913957e+02
4849,2.846206970862710364e+02,1.591273400792785537e+02
4850,2.845601272466720957e+02,1.591201203081772348e+02
4851,2.844995629021325385e+02,1.591129063707475382e+02
4852,2.844390039192562085e+02,1.591066945151772813e+02
4853,2.843784495132420034e+02,1.591009591968274890e+02
4854,2.843178994718649619e+02,1.590952287769109716e+02
4855,2.842573537912402344e+02,1.590895032509225189e+02
4856,2.841968124674870637e+02,1.590837826143616383e+02
4857,2.841362754967281035e+02,1.590780668627324133e+02
4858,2.840757428750901568e+02,1.590723559915434180e+02
4859,2.840152145987034373e+02,1.590666499963080298e+02
4860,2.839546906637025927e+02,1.590609488725440883e+02
4861,2.838941710662256810e+02,1.590552526157740658e+02
4862,2.838336558024145688e+02,1.590495612215249821e+02
4863,2.837731448684149882e+02,1.590438746853285181e+02
4864,2.837126382603763659e+02,1.590381930027208170e+02
4865,2.836521359744521646e+02,1.590325161692427400e+02
4866,2.835916380067993146e+02,1.590268441804394399e+02
4867,2.835311443535790090e+02,1.590211770318609297e+02
4868,2.834706550109555678e+02,1.590155147190616560e+02
4869,2.834101699750976309e+02,1.590098572376005279e+02
4870,2.833496892421773623e+02,1.590042045830410871e+02
4871,2.832892128083705643e+02,1.589985567509514226e+02
4872,2.832287406698573022e+02,1.589929137369040859e+02
4873,2.831682728228208248e+02,1.589872755364761758e+02
4874,2.831078092634485301e+02,1.589816421452493671e+02
4875,2.830473499879312271e+02,1.589760135588097114e+02
4876,2.829868949924638173e+02,1.589703897727479784e+02
4877,2.829264442730872702e+02,1.589647777241637243e+02
4878,2.828659978099752834e+02,1.589592217513916239e+02
4879,2.828055555712177238e+02,1.589536706869435250e+02
4880,2.827451175529350849e+02,1.589481245262515472e+02
4881,2.826846837512524644e+02,1.589425832647523578e+02
4882,2.826242541622976887e+02,1.589370468978874271e+02
4883,2.825638287822033590e+02,1.589315154211027163e+02
4884,2.825034076071055438e+02,1.589259888298489614e+02
4885,2.824429906331441771e+02,1.589204671195812466e+02
4886,2.823825778564630582e+02,1.589149502857595735e+02
4887,2.823221692732099086e+02,1.589094383238482919e+02
4888,2.822617648795361447e+02,1.589039312293166120e+02
4889,2.822013646715969912e+02,1.588984289976378932e+02
4890,2.821409686455517090e+02,1.588929316242904690e+02
4891,2.820805767975632534e+02,1.588874391047572203e+02
4892,2.820201891237985024e+02,1.588819514345254049e+02
4893,2.819598056204276872e+02,1.588764686090869986e+02
4894,2.818994262836255302e+02,1.588709906239384964e+02
4895,2.818390511095701072e+02,1.588655174745809120e+02
4896,2.817786800944433026e+02,1.588600491565198638e+02
4897,2.817183132344310366e+02,1.588545856652655459e+02
4898,2.816579505257229243e+02,1.588491269963326147e+02
4899,2.815975919645121621e+02,1.588436731452402455e+02
4900,2.815372375469960957e+02,1.588382241075122749e+02
4901,2.814768872693754247e+02,1.588327798786769449e+02
4902,2.814165411278548845e+02,1.588273404542670448e+02
4903,2.813561991186431896e+02,1.588219058298199116e+02
4904,2.812958612379522378e+02,1.588164760008774010e+02
4905,2.812355274819983038e+02,1.588110509629857745e+02
4906,2.811751978470009590e+02,1.588056307116959545e+02
4907,2.811148723291836973e+02,1.588002152425630982e+02
4908,2.810545509247738210e+02,1.587948045511471662e+02
4909,2.809942336300023840e+02,1.587893986330123823e+02
4910,2.809339204411039645e+02,1.587839974837275747e+02
4911,2.808736113543169495e+02,1.587786010988659484e+02
4912,2.808133063658839319e+02,1.587732094740051991e+02
4913,2.807530054720505177e+02,1.587678226047275416e+02
4914,2.806927086690664055e+02,1.587624404866195960e+02
4915,2.806324159531850455e+02,1.587570631152724161e+02
4916,2.805721273206633555e+02,1.587516904862815181e+02
4917,2.805118427677624595e+02,1.587463225952469656e+02
4918,2.804515622907463239e+02,1.587409594377731139e+02
4919,2.803912858858836330e+02,1.587356010094687804e+02
4920,2.803310135494460269e+02,1.587302473059472732e+02
4921,2.802707452777091817e+02,1.587248983228262205e+02
4922,2.802104810669523545e+02,1.587195540557278548e+02
4923,2.801502209134586678e+02,1.587142145002785583e+02
4924,2.800899648135143707e+02,1.587088796521092888e+02
4925,2.800297127634102026e+02,1.587035495068554383e+02
4926,2.799694647594399726e+02,1.586982240601566332e+02
4927,2.799092207979012983e+02,1.586929033076570192e+02
4928,2.798489808750957195e+02,1.586875872450051190e+02
4929,2.797887449873280730e+02,1.586822758678537753e+02
4930,2.797285131309070039e+02,1.586769691718602644e+02
4931,2.796682853021449660e+02,1.586716671526861262e+02
4932,2.796080614973577099e+02,1.586663698059974763e+02
4933,2.795478417128649085e+02,1.586610771274646368e+02
4934,2.794876259449898157e+02,1.586557891127622213e+02
4935,2.794274141900594373e+02,1.586505057575693627e+02
4936,2.793672064444039620e+02,1.586452270575694286e+02
4937,2.793070027043579557e+02,1.586399530084502203e+02
4938,2.792468029662587696e+02,1.586346836059036889e+02
4939,2.791866072264479044e+02,1.586294188456263328e+02
4940,2.791264154812704419e+02,1.586241587233188284e+02
4941,2.790662277270749883e+02,1.586189032346863144e+02
4942,2.790060439602138445e+02,1.586136523754381074e+02
4943,2.789458641770426652e+02,1.586084061412878157e+02
4944,2.788856883739207433e+02,1.586031645279535383e+02
4945,2.788255165472115777e+02,1.585979275311574952e+02
4946,2.787653486932814531e+02,1.585926951466262267e+02
4947,2.787051848085005190e+02,1.585874673700907067e+02
4948,2.786450248892426771e+02,1.585822441972860588e+02
4949,2.785848689318852394e+02,1.585770256239516129e+02
4950,2.785247169328090990e+02,1.585718116458311613e+02
4951,2.784645688883989010e+02,1.585666022586727593e+02
4952,2.784044247950428144e+02,1.585613974582285266e+02
4953,2.783442846491321347e+02,1.585561972402550737e+02
4954,2.782841484470624209e+02,1.585510016005131035e+02
4955,2.782240161852322444e+02,1.585458105347676678e+02
4956,2.781638878600440989e+02,1.585406240387879393e+02
4957,2.781037634679034909e+02,1.585354421083475813e+02
4958,2.780436430052203605e+02,1.585302647392242363e+02
4959,2.779835264684070921e+02,1.585250919271998384e+02
4960,2.779234138538806747e+02,1.585199236680606987e+02
4961,2.778633051580606548e+02,1.585147599575971924e+02
4962,2.778032003773710699e+02,1.585096007916039582e+02
4963,2.777430995082386289e+02,1.585044461658798696e+02
4964,2.776830025470940768e+02,1.584992960762278926e+02
4965,2.776229094903715691e+02,1.584941505184554273e+02
4966,2.775628203345086149e+02,1.584890094883737959e+02
4967,2.775027350759465321e+02,1.584838729817988110e+02
4968,2.774426537111297080e+02,1.584787409945502077e+02
4969,2.773825762365064520e+02,1.584736135224520410e+02
4970,2.773225026485284275e+02,1.584684905613325157e+02
4971,2.772624329436507651e+02,1.584633721070240142e+02
4972,2.772023671183320630e+02,1.584582581553630689e+02
4973,2.771423051690343300e+02,1.584531487021904468e+02
4974,2.770822470922233265e+02,1.584480437433510076e+02
4975,2.770221928843680530e+02,1.584429432746936754e+02
4976,2.769621425419411480e+02,1.584378472920717797e+02
4977,2.769020960614183764e+02,1.584327557913425437e+02
4978,2.768420534392796526e+02,1.584276687683675675e+02
4979,2.767820146720075627e+02,1.584225862190122314e+02
4980,2.767219797560885581e+02,1.584175081391465199e+02
4981,2.766619486880128420e+02,1.584124345246440839e+02
4982,2.766019214632160583e+02,1.584074808888198334e+02
4983,2.765418975396506198e+02,1.584048072857738134e+02
4984,2.764818756417976715e+02,1.584021360446821234e+02
4985,2.764218557678338470e+02,1.583994671630399012e+02
4986,2.763618379159372012e+02,1.583968006383458658e+02
4987,2.763018220842881760e+02,1.583941364681024595e+02
4988,2.762418082710691465e+02,1.583914746498157626e+02
4989,2.761817964744645906e+02,1.583888151809955502e+02
4990,2.761217866926601801e+02,1.583861580591552070e+02
4991,2.760617789238447131e+02,1.583835032818118123e+02
4992,2.760017731662082383e+02,1.583808508464859699e+02
4993,2.759417694179428509e+02,1.583782007507020921e+02
4994,2.758817676772426353e+02,1.583755529919880018e+02
4995,2.758217678094346752e+02,1.583739085571155840e+02
4996,2.757617690495126226e+02,1.583726933056027519e+02
4997,2.757017712101182951e+02,1.583714793632004216e+02
4998,2.756417742902532950e+02,1.583702667283823757e+02
4999,2.755817782889201908e+02,1.583690553996248127e+02
5000,2.755217832051226310e+02,1.583678453754058637e+02
5001,2.754617890378652305e+02,1.583666366542061326e+02
5002,2.754017957861543664e+02,1.583654292345083547e+02
5003,2.753418034489971546e+02,1.583642231147975110e+02
5004,2.752818120254020187e+02,1.583630182935608275e+02
5005,2.752218215143784050e+02,1.583618147692877187e+02
5006,2.751618319149372383e+02,1.583606125404697877e+02
5007,2.751018432260902387e+02,1.583594116056008545e+02
5008,2.750418554468504340e+02,1.583582119631769842e+02
5009,2.749818685762321593e+02,1.583570136116963738e+02
5010,2.749218826132507729e+02,1.583558165496594086e+02
5011,2.748618975569228269e+02,1.583546207755687192e+02
5012,2.748019134062660100e+02,1.583534262879290964e+02
5013,2.747419301602990345e+02,1.583522330852474624e+02
5014,2.746819478180422038e+02,1.583510411660328714e+02
5015,2.746219663785163334e+02,1.583498505287967077e+02
5016,2.745619858407437732e+02,1.583486611720524024e+02
5017,2.745020062037481239e+02,1.583474730943155180e+02
5018,2.744420274665539523e+02,1.583462862941038338e+02
5019,2.743820496281869055e+02,1.583451007699372042e+02
5020,2.743220726876739946e+02,1.583439165203377286e+02
5021,2.742620966440430266e+02,1.583427335438295529e+02
5022,2.742021214963232865e+02,1.583415518389389831e+02
5023,2.741421472435451960e+02,1.583403714041944284e+02
5024,2.740821738847400297e+02,1.583391922381264862e+02
5025,2.740222014189402557e+02,1.583380143392678576e+02
5026,2.739622298451796496e+02,1.583368377061532328e+02
5027,2.739022591624932375e+02,1.583356623373196044e+02
5028,2.738422893699168412e+02,1.583344882313058974e+02
5029,2.737823204664875902e+02,1.583333153866532825e+02
5030,2.737223524512435802e+02,1.583321438019049197e+02
5031,2.736623853232242141e+02,1.583309734756060436e+02
5032,2.736024190814700319e+02,1.583298044063041630e+02
5033,2.735424537250223693e+02,1.583286365925486336e+02
5034,2.734824892529242106e+02,1.583274700328909717e+02
5035,2.734225256642193358e+02,1.583263047258847678e+02
5036,2.733625629579524912e+02,1.583251406700857444e+02
5037,2.733026011331699010e+02,1.583239778640516704e+02
5038,2.732426401889187559e+02,1.583228163063422471e+02
5039,2.731826801242470992e+02,1.583216559955193361e+02
5040,2.731227209382045089e+02,1.583204969301469305e+02
5041,2.730627626298413588e+02,1.583193391087907855e+02
5042,2.730028051982093302e+02,1.583181825300190724e+02
5043,2.729428486423612412e+02,1.583170271924017527e+02
5044,2.728828929613507057e+02,1.583158730945107777e+02
5045,2.728229381542325882e+02,1.583147202349203724e+02
5046,2.727629842200630037e+02,1.583135686122065238e+02
5047,2.727030311578990904e+02,1.583124182249474643e+02
5048,2.726430789667990666e+02,1.583112690717232169e+02
5049,2.725831276458221737e+02,1.583101211511159647e+02
5050,2.725231771940287331e+02,1.583089744617099086e+02
5051,2.724632276104804305e+02,1.583078290020912107e+02
5052,2.724032788942396337e+02,1.583066847708479372e+02
5053,2.723433310443700748e+02,1.583055417665703430e+02
5054,2.722833840599365658e+02,1.583043999878504451e+02
5055,2.722234379400049420e+02,1.583032594332825056e+02
5056,2.721634926836418913e+02,1.583021201014624921e+02
5057,2.721035482899158069e+02,1.583009819909885891e+02
5058,2.720436047578955936e+02,1.582998451004608000e+02
5059,2.719836620866513499e+02,1.582987094284811178e+02
5060,2.719237202752543681e+02,1.582975749736535818e+02
5061,2.718637793227770203e+02,1.582964417345841071e+02
5062,2.718038392282925884e+02,1.582953097098805983e+02
5063,2.717438999908756614e+02,1.582941788981529214e+02
5064,2.716839616096017949e+02,1.582930492980128463e+02
5065,2.716240240835475674e+02,1.582919209080741609e+02
5066,2.715640874117904104e+02,1.582907937269525291e+02
5067,2.715041515934095173e+02,1.582896677532655474e+02
5068,2.714442166274844226e+02,1.582885429856327448e+02
5069,2.713842825130962524e+02,1.582874194226756970e+02
5070,2.713243492493264739e+02,1.582862970630176846e+02
5071,2.712644168352586007e+02,1.582851759052841203e+02
5072,2.712044852699763169e+02,1.582840559481022069e+02
5073,2.711445545525650687e+02,1.582829371901010234e+02
5074,2.710846246821109844e+02,1.582818196299117801e+02
5075,2.710246956577010451e+02,1.582807032661672793e+02
5076,2.709647674784236528e+02,1.582795880975024545e+02
5077,2.709048401433682898e+02,1.582784741225540301e+02
5078,2.708449136516252906e+02,1.582773613399606347e+02
5079,2.707849880022860134e+02,1.582762497483628579e+02
5080,2.707250631944430097e+02,1.582751393464030514e+02
5081,2.706651392271896839e+02,1.582740301327255565e+02
5082,2.706052160996208613e+02,1.582729221059765052e+02
5083,2.705452938108319927e+02,1.582718152648039620e+02
5084,2.704853723599198361e+02,1.582707096078578388e+02
5085,2.704254517459820590e+02,1.582696051337898666e+02
5086,2.703655319681174092e+02,1.582685018412537659e+02
5087,2.703056130254257710e+02,1.582673997289049339e+02
5088,2.702456949170077678e+02,1.582662987954007576e+02
5089,2.701857776419654442e+02,1.582651990394004429e+02
5090,2.701258611994014700e+02,1.582641004595649861e+02
5091,2.700659455884200497e+02,1.582630030545573163e+02
5092,2.700060308081259564e+02,1.582619068230421249e+02
5093,2.699461168576252135e+02,1.582608117636859788e+02
5094,2.698862037360248678e+02,1.582597178751572358e+02
5095,2.698262914424329324e+02,1.582586251561261292e+02
5096,2.697663799759585004e+02,1.582575336052646549e+02
5097,2.697064693357115743e+02,1.582564432212466841e+02
5098,2.696465595208032937e+02,1.582553540027478789e+02
5099,2.695866505303458780e+02,1.582542659484457204e+02
5100,2.695267423634522288e+02,1.582531790570194801e+02
5101,2.694668350192368393e+02,1.582520933271503338e+02
5102,2.694069284968146576e+02,1.582510087575210207e+02
5103,2.693470227953021094e+02,1.582499253468162976e+02
5104,2.692871179138161324e+02,1.582488430937226838e+02
5105,2.692272138514751418e+02,1.582477619969283751e+02
5106,2.691673106073982353e+02,1.582466820551235287e+02
5107,2.691074081807057041e+02,1.582456032669998649e+02
5108,2.690475065705188058e+02,1.582445256312510651e+02
5109,2.689876057759598780e+02,1.582434491465725444e+02
5110,2.689277057961520541e+02,1.582423738116614516e+02
5111,2.688678066302196612e+02,1.582412996252166693e+02
5112,2.688079082772878792e+02,1.582402265859389274e+02
5113,2.687480107364831383e+02,1.582391546925307466e+02
5114,2.686881140069325511e+02,1.582380839436962390e+02
5115,2.686282180877645942e+02,1.582370143381414778e+02
5116,2.685683229781082559e+02,1.582359458745741279e+02
5117,2.685084286770940594e+02,1.582348785517036163e+02
5118,2.684485351838530960e+02,1.582338123682412458e+02
5119,2.683886424975175942e+02,1.582327473228999395e+02
5120,2.683287506172209191e+02,1.582316834143943822e+02
5121,2.682688595420972320e+02,1.582306206414409928e+02
5122,2.682089692712817168e+02,1.582295590027578953e+02
5123,2.681490798039105812e+02,1.582284984970650328e+02
5124,2.680891911391209419e+02,1.582274391230839399e+02
5125,2.680293032760512233e+02,1.582263808795379987e+02
5126,2.679694162138404749e+02,1.582253237651522682e+02
5127,2.679095299516285991e+02,1.582242677786534273e+02
5128,2.678496444885569758e+02,1.582232129187699456e+02
5129,2.677897598237677244e+02,1.582221591842320834e+02
5130,2.677298759564036459e+02,1.582211065737716069e+02
5131,2.676699928856090764e+02,1.582200550861221018e+02
5132,2.676101106105290341e+02,1.582190047200188872e+02
5133,2.675502291303093898e+02,1.582179554741989023e+02
5134,2.674903484440970374e+02,1.582169073474007348e+02
5135,2.674304685510403488e+02,1.582158603383648483e+02
5136,2.673705894502876959e+02,1.582148144458331558e+02
5137,2.673107111409893264e+02,1.582137696685493893e+02
5138,2.672508336222957723e+02,1.582127260052589293e+02
5139,2.671909568933592709e+02,1.582116834547087763e+02
5140,2.671310809533324004e+02,1.582106420156477498e+02
5141,2.670712058013687624e+02,1.582096016868261188e+02
5142,2.670113314366233226e+02,1.582085624669959998e+02
5143,2.669514578582515583e+02,1.582075243549111008e+02
5144,2.668915850654102542e+02,1.582064873493267783e+02
5145,2.668317130572568772e+02,1.582054514490000088e+02
5146,2.667718418329499741e+02,1.582044166526895310e+02
5147,2.667119713916491719e+02,1.582033829591556184e+02
5148,2.666521017325148364e+02,1.582023503671602498e+02
5149,2.665922328547082998e+02,1.582013188754669955e+02
5150,2.665323647573920312e+02,1.582002884828410743e+02
5151,2.664724974397293522e+02,1.581992591880494672e+02
5152,2.664126309008843805e+02,1.581982309898606047e+02
5153,2.663527651400225977e+02,1.581972038870446511e+02
5154,2.662929001563098268e+02,1.581961778783733052e+02
5155,2.662330359489133684e+02,1.581951529626200283e+02
5156,2.661731725170013192e+02,1.581941291385597879e+02
5157,2.661133098597424578e+02,1.581931064049691713e+02
5158,2.660534479763068134e+02,1.581920847606264431e+02
5159,2.659935868658653249e+02,1.581910642043114592e+02
5160,2.659337265275896698e+02,1.581900447348056105e+02
5161,2.658738669606527196e+02,1.581890263508920214e+02
5162,2.658140081642280848e+02,1.581880090513552659e+02
5163,2.657541501374903987e+02,1.581869928349816519e+02
5164,2.656942928796151477e+02,1.581859777005589649e+02
5165,2.656344363897788980e+02,1.581849636468766960e+02
5166,2.655745806671591822e+02,1.581839506727258424e+02
5167,2.655147257109340444e+02,1.581829387768990500e+02
5168,2.654548715202830635e+02,1.581819279581904709e+02
5169,2.653950180943862165e+02,1.581809182153958488e+02
5170,2.653351654324247875e+02,1.581799095473125760e+02
5171,2.652753135335806292e+02,1.581789019527396079e+02
5172,2.652154623970370153e+02,1.581778954304773492e+02
5173,2.651556120219775039e+02,1.581768899793278820e+02
5174,2.650957624075873582e+02,1.581758855980949363e+02
5175,2.650359135530519552e+02,1.581748822855835783e+02
5176,2.649760654575579224e+02,1.581738800406005794e+02
5177,2.649162181202931379e+02,1.581728788619543025e+02
5178,2.648563715404459913e+02,1.581718787484544748e+02
5179,2.647965257172058386e+02,1.581708796989126142e+02
5180,2.647366806497630591e+02,1.581698817121416596e+02
5181,2.646768363373086572e+02,1.581688847869560561e+02
5182,2.646169927790352290e+02,1.581678889221719544e+02
5183,2.645571499741355410e+02,1.581668941166067555e+02
5184,2.644973079218035537e+02,1.581659003690797078e+02
5185,2.644374666212343641e+02,1.581649076784113959e+02
5186,2.643776260716235242e+02,1.581639160434240239e+02
5187,2.643177862721678366e+02,1.581629254629412742e+02
5188,2.642579472220649563e+02,1.581619359357883923e+02
5189,2.641981089205133344e+02,1.581609474607921300e+02
5190,2.641382713667122744e+02,1.581599600367807739e+02
5191,2.640784345598623304e+02,1.581589736625840317e+02
5192,2.640185984991643409e+02,1.581579883370332311e+02
5193,2.639587631838208495e+02,1.581570040589612347e+02
5194,2.638989286130345704e+02,1.581560208272022976e+02
5195,2.638390947860095253e+02,1.581550386405922950e+02
5196,2.637792617019503609e+02,1.581540574979684948e+02
5197,2.637194293600629749e+02,1.581530773981697564e+02
5198,2.636595977595536624e+02,1.581520983400363605e+02
5199,2.635997668996302536e+02,1.581511203224101507e+02
5200,2.635399367795008629e+02,1.581501433441343920e+02
5201,2.634801073983747983e+02,1.581491674040539692e+02
5202,2.634202787554623910e+02,1.581481925010150178e+02
5203,2.633604508499745407e+02,1.581472186338654069e+02
5204,2.633006236811229428e+02,1.581462458014543699e+02
5205,2.632407972481207139e+02,1.581452740026325614e+02
5206,2.631809715501813685e+02,1.581443032362522274e+02
5207,2.631211465865195578e+02,1.581433335011670067e+02
5208,2.630613223563506722e+02,1.581423647962320729e+02
5209,2.630014988588909546e+02,1.581413971203039637e+02
5210,2.629416763783948454e+02,1.581386392839235668e+02
5211,2.628818561016719855e+02,1.581355460244287769e+02
5212,2.628220381645862744e+02,1.581324557879513861e+02
5213,2.627622225648053131e+02,1.581293685714881576e+02
5214,2.627024092999997720e+02,1.581262843720390663e+02
5215,2.626425983678417424e+02,1.581232031866067871e+02
5216,2.625827897660066128e+02,1.581201250121974056e+02
5217,2.625229834921715337e+02,1.581170498458196221e+02
5218,2.624631795440166684e+02,1.581139776844855191e+02
5219,2.624033779192239990e+02,1.581109085252099931e+02
5220,2.623435786154781226e+02,1.581078423650110096e+02
5221,2.622837816304659668e+02,1.581047792009094906e+02
5222,2.622239869618771877e+02,1.581017190299294839e+02
5223,2.621641946074032603e+02,1.580986618490978799e+02
5224,2.621044045647385019e+02,1.580956076554448089e+02
5225,2.620446168315791624e+02,1.580925564460030159e+02
5226,2.619848314056244476e+02,1.580895082178086852e+02
5227,2.619250482845752117e+02,1.580864629679006725e+02
5228,2.618652674661354354e+02,1.580834206933209316e+02
5229,2.618054889480108613e+02,1.580803813911144289e+02
5230,2.617457127279101314e+02,1.580773450583290867e+02
5231,2.616859388035437064e+02,1.580743116920157547e+02
5232,2.616261671726249460e+02,1.580712812892283807e+02
5233,2.615663978328688586e+02,1.580682538470237262e+02
5234,2.615066307819934650e+02,1.580652293624616220e+02
5235,2.614468660177191168e+02,1.580622078326049973e+02
5236,2.613871035377677572e+02,1.580591892545193389e+02
5237,2.613273433398646830e+02,1.580561736252735159e+02
5238,2.612675854217370102e+02,1.580531609419392680e+02
5239,2.612078297811139578e+02,1.580501512015910066e+02
5240,2.611480764157278145e+02,1.580471444013064399e+02
5241,2.610883253233124037e+02,1.580441405381660900e+02
5242,2.610285765016045048e+02,1.580411396092533494e+02
5243,2.609688299483427727e+02,1.580381416116546518e+02
5244,2.609090856612685343e+02,1.580351465424594153e+02
5245,2.608493436381252764e+02,1.580321543987598147e+02
5246,2.607896038766588731e+02,1.580291651776511515e+02
5247,2.607298663746172451e+02,1.580261788762315120e+02
5248,2.606701311297512120e+02,1.580231954916019959e+02
5249,2.606103981398132419e+02,1.580202150208666296e+02
5250,2.605506674025586449e+02,1.580172374611322823e+02
5251,2.604909389157447777e+02,1.580142628095088355e+02
5252,2.604312126771314411e+02,1.580112910631090415e+02
5253,2.603714886844806529e+02,1.580083222190485230e+02
5254,2.603117669355565340e+02,1.580053562744458873e+02
5255,2.602520474281259339e+02,1.580023932264225834e+02
5256,2.601923301599577485e+02,1.579994330721030167e+02
5257,2.601326151288230903e+02,1.579964758086145196e+02
5258,2.600729023324956870e+02,1.579935214330872100e+02
5259,2.600131917687513123e+02,1.579905699426542469e+02
5260,2.599534834353680708e+02,1.579876213344514611e+02
5261,2.598937773301260563e+02,1.579846756056178094e+02
5262,2.598340734508084324e+02,1.579817327532949776e+02
5263,2.597743717951995563e+02,1.579787927746276637e+02
5264,2.597146723610873096e+02,1.579758556667633798e+02
5265,2.596549751462607105e+02,1.579729214268523663e+02
5266,2.595952801485118471e+02,1.579699900520480753e+02
5267,2.595355873656346830e+02,1.579670615395064317e+02
5268,2.594758967954254558e+02,1.579641358863866003e+02
5269,2.594162084356829610e+02,1.579612130898503040e+02
5270,2.593565222842079265e+02,1.579582931470623350e+02
5271,2.592968383388032976e+02,1.579553760551902997e+02
5272,2.592371565972746907e+02,1.579524618114045325e+02
5273,2.591774770574297690e+02,1.579495504128784376e+02
5274,2.591177997170782987e+02,1.579466418567880623e+02
5275,2.590581245740324903e+02,1.579437361403124669e+02
5276,2.589984516261066005e+02,1.579408332606334397e+02
5277,2.589387808711173875e+02,1.579379332149355832e+02
5278,2.588791123068837123e+02,1.579350360004064839e+02
5279,2.588194459312267099e+02,1.579321416142365138e+02
5280,2.587597817419697890e+02,1.579292500536188300e+02
5281,2.587001197369384613e+02,1.579263613157493751e+02
5282,2.586404599139606830e+02,1.579234753978270192e+02
5283,2.585808022708665135e+02,1.579205922970534459e+02
5284,2.585211468054880584e+02,1.579177120106330960e+02
5285,2.584614935156600382e+02,1.579148345357733092e+02
5286,2.584018423992190492e+02,1.579119598696841251e+02
5287,2.583421934540042457e+02,1.579090880095785394e+02
5288,2.582825466778569421e+02,1.579062189526722761e+02
5289,2.582229020686201011e+02,1.579033526961838163e+02
5290,2.581632596241397550e+02,1.579004892373345399e+02
5291,2.581036193422636416e+02,1.578976285733486122e+02
5292,2.580439812208419426e+02,1.578947707014529556e+02
5293,2.579843452577265452e+02,1.578919156188773343e+02
5294,2.579247114507722927e+02,1.578890633228541560e+02
5295,2.578650797978358469e+02,1.578862138106188979e+02
5296,2.578054502967757458e+02,1.578833670794095383e+02
5297,2.577458229454535399e+02,1.578805231264670681e+02
5298,2.576861977417320873e+02,1.578776819490350931e+02
5299,2.576265746834772585e+02,1.578748435443600897e+02
5300,2.575669537685562887e+02,1.578720079096912059e+02
5301,2.575073349948393684e+02,1.578691750422805455e+02
5302,2.574477183601984507e+02,1.578663449393827705e+02
5303,2.573881038625077053e+02,1.578635175982554983e+02
5304,2.573284914996436896e+02,1.578606930161589617e+02
5305,2.572688812694846092e+02,1.578578711903562066e+02
5306,2.572092731699117394e+02,1.578550521181130932e+02
5307,2.571496671988077196e+02,1.578522357966981247e+02
5308,2.570900633540578042e+02,1.578494222233827031e+02
5309,2.570304616335491232e+02,1.578466113954408456e+02
5310,2.569708620351712511e+02,1.578438033101493261e+02
5311,2.569112645568158086e+02,1.578409979647877890e+02
5312,2.568516691963767471e+02,1.578381953566384368e+02
5313,2.567920759517496094e+02,1.578353954829863994e+02
5314,2.567324848208328376e+02,1.578325983411194215e+02
5315,2.566728958015265221e+02,1.578298039283279479e+02
5316,2.566133088917331975e+02,1.578270122419052655e+02
5317,2.565537240893574449e+02,1.578242232791473612e+02
5318,2.564941413923060622e+02,1.578214370373528936e+02
5319,2.564345607984876665e+02,1.578186535138232216e+02
5320,2.563749823058136030e+02,1.578158727058625743e+02
5321,2.563154059121966384e+02,1.578130946107777106e+02
5322,2.562558316155525517e+02,1.578103192258781746e+02
5323,2.561962594137983729e+02,1.578075465484763242e+02
5324,2.561366893048538600e+02,1.578047765758870469e+02
5325,2.560771212866407609e+02,1.578020093054280721e+02
5326,2.560175553570828129e+02,1.577992447344196876e+02
5327,2.559579915141061690e+02,1.577964828601851082e+02
5328,2.558984297556388015e+02,1.577937236800499932e+02
5329,2.558388700796109561e+02,1.577909671913428440e+02
5330,2.557793124839549250e+02,1.577882133913948906e+02
5331,2.557197569666053028e+02,1.577854622775398354e+02
5332,2.556602035254985879e+02,1.577827138471143940e+02
5333,2.556006521585736095e+02,1.577799680974576404e+02
5334,2.555411028637710444e+02,1.577772250259114912e+02
5335,2.554815556390339282e+02,1.577744846298205630e+02
5336,2.554220104823072006e+02,1.577717469065320586e+02
5337,2.553624673915380754e+02,1.577690118533958810e+02
5338,2.553029263646757840e+02,1.577662794677646900e+02
5339,2.552433873996718603e+02,1.577635497469937036e+02
5340,2.551838504944794863e+02,1.577608226884408111e+02
5341,2.551243156470541749e+02,1.577580982894666022e+02
5342,2.550647828553539114e+02,1.577553765474343095e+02
5343,2.550052521173382161e+02,1.577526574597098659e+02
5344,2.549457234309689113e+02,1.577499410236617337e+02
5345,2.548861967942101501e+02,1.577472272366611890e+02
5346,2.548266722050275348e+02,1.577445160960820374e+02
5347,2.547671496613893680e+02,1.577418075993007562e+02
5348,2.547076291612661123e+02,1.577391017436964376e+02
5349,2.546481107026295945e+02,1.577363985266508735e+02
5350,2.545885942834543414e+02,1.577336979455485277e+02
5351,2.545290799017166989e+02,1.577309999977763084e+02
5352,2.544695675553951162e+02,1.577283046807240225e+02
5353,2.544100572424704296e+02,1.577256119917838362e+02
5354,2.543505489609249253e+02,1.577229219283507575e+02
5355,2.542910427087433334e+02,1.577202344878222675e+02
5356,2.542315384839126011e+02,1.577175496675985187e+02
5357,2.541720362844214378e+02,1.577148674650824205e+02
5358,2.541125361082607981e+02,1.577121878776791846e+02
5359,2.540530379534234555e+02,1.577095109027969215e+02
5360,2.539935418179045428e+02,1.577068365378462147e+02
5361,2.539340476997009830e+02,1.577041647802403475e+02
5362,2.538745555968119163e+02,1.577014956273949906e+02
5363,2.538150655072386428e+02,1.576988290767287708e+02
5364,2.537555774289842248e+02,1.576961651256626169e+02
5365,2.536960913600538845e+02,1.576935037716201009e+02
5366,2.536366072984548055e+02,1.576908450120274949e+02
5367,2.535771252421965585e+02,1.576881888443136290e+02
5368,2.535176451892903629e+02,1.576855352659098628e+02
5369,2.534581671377495411e+02,1.576828842742501422e+02
5370,2.533986910855895474e+02,1.576802358667711133e+02
5371,2.533392170308279674e+02,1.576775900409118378e+02
5372,2.532797449714842344e+02,1.576749467941140779e+02
5373,2.532202749055797710e+02,1.576723061238221533e+02
5374,2.531608068311381885e+02,1.576696680274828282e+02
5375,2.531013407461850875e+02,1.576670325025456521e+02
5376,2.530418766487480298e+02,1.576643995464625903e+02
5377,2.529824145368564814e+02,1.576617691566881945e+02
5378,2.529229544085423811e+02,1.576591413306796596e+02
5379,2.528634962618390034e+02,1.576565160658965397e+02
5380,2.528040400947823798e+02,1.576538933598012306e+02
5381,2.527445859054097639e+02,1.576512732098584308e+02
5382,2.526851336917610809e+02,1.576486556135355386e+02
5383,2.526256834518778476e+02,1.576460405683024248e+02
5384,2.525662351838039683e+02,1.576434280716315754e+02
5385,2.525067888855847968e+02,1.576408181209979205e+02
5386,2.524473445552680460e+02,1.576382107138790047e+02
5387,2.523879021909038158e+02,1.576356058477549880e+02
5388,2.523284617905433151e+02,1.576330035201083035e+02
5389,2.522690233522404526e+02,1.576304037284242270e+02
5390,2.522095868740507569e+02,1.576278064701903929e+02
5391,2.521501523540318885e+02,1.576252117428969939e+02
5392,2.520907215073214331e+02,1.576086399359888333e+02
5393,2.520313054818727494e+02,1.575846117400932087e+02
5394,2.519719075658076122e+02,1.575606177264721453e+02
5395,2.519125277306096677e+02,1.575366578448469852e+02
5396,2.518531659478123288e+02,1.575127320450166621e+02
5397,2.517938221889982344e+02,1.574888402768573599e+02
5398,2.517344964258003017e+02,1.574649824903229103e+02
5399,2.516751886298999636e+02,1.574411586354440544e+02
5400,2.516158987730284196e+02,1.574173686623287551e+02
5401,2.515566268269656689e+02,1.573936125211619128e+02
5402,2.514973727635408238e+02,1.573698901622050812e+02
5403,2.514381365546324218e+02,1.573462015357967800e+02
5404,2.513789181721669763e+02,1.573225465923516708e+02
5405,2.513197175881206533e+02,1.572989252823614663e+02
5406,2.512605347745179074e+02,1.572753375563935947e+02
5407,2.512013697034315101e+02,1.572517833650920522e+02
5408,2.511422223469832034e+02,1.572282626591767496e+02
5409,2.510830926809674111e+02,1.572047287252416083e+02
5410,2.510239807266755179e+02,1.571811620072490143e+02
5411,2.509648864884594559e+02,1.571576289204641910e+02
5412,2.509058099383884155e+02,1.571341294142528682e+02
5413,2.508467510485804723e+02,1.571106634380651030e+02
5414,2.507877097912033548e+02,1.570872309414351946e+02
5415,2.507286861384741599e+02,1.570638318739814281e+02
5416,2.506696800626587560e+02,1.570404661854058190e+02
5417,2.506106915360723804e+02,1.570171338254941702e+02
5418,2.505517205310787006e+02,1.569938347441158442e+02
5419,2.504927670200904686e+02,1.569705688912231949e+02
5420,2.504338309755688954e+02,1.569473362168522783e+02
5421,2.503749123700241341e+02,1.569241366711216870e+02
5422,2.503160111760145128e+02,1.569009702042331185e+02
5423,2.502571273661467615e+02,1.568778367664707218e+02
5424,2.501982609130761830e+02,1.568547363082014954e+02
5425,2.501394117895059424e+02,1.568316687798744056e+02
5426,2.500805799681875499e+02,1.568086341320209840e+02
5427,2.500217654219203212e+02,1.567856323152544746e+02
5428,2.499629681235514056e+02,1.567626632802701749e+02
5429,2.499041880459758715e+02,1.567397269778450948e+02
5430,2.498454251621365074e+02,1.567168233588375870e+02
5431,2.497866794450238501e+02,1.566939523741875746e+02
5432,2.497279508676752755e+02,1.566711139749161816e+02
5433,2.496692394031766185e+02,1.566483081121255907e+02
5434,2.496105450246598991e+02,1.566255347369989295e+02
5435,2.495518677053050851e+02,1.566027938007999865e+02
5436,2.494932074183391535e+02,1.565800852548730973e+02
5437,2.494345641370356361e+02,1.565574090506431162e+02
5438,2.493759378347155291e+02,1.565347651396152742e+02
5439,2.493173284847465254e+02,1.565121534733747239e+02
5440,2.492587360605429581e+02,1.564895740035866254e+02
5441,2.492001605355653737e+02,1.564670266819961455e+02
5442,2.491416018833216413e+02,1.564445114604277194e+02
5443,2.490830600773657579e+02,1.564220282907856188e+02
5444,2.490245350912976221e+02,1.563995771250532698e+02
5445,2.489660268987641132e+02,1.563771579152934521e+02
5446,2.489075354734575853e+02,1.563547706136475881e+02
5447,2.488490607891168622e+02,1.563324151723364821e+02
5448,2.487906028195266401e+02,1.563100915436593823e+02
5449,2.487321615385176585e+02,1.562877996799940661e+02
5450,2.486737369199659042e+02,1.562655395337968400e+02
5451,2.486153289377936630e+02,1.562433110576021988e+02
5452,2.485569375659683260e+02,1.562211142040229106e+02
5453,2.484985627785032420e+02,1.561989489257493631e+02
5454,2.484402045494566948e+02,1.561768151755501037e+02
5455,2.483818628529326418e+02,1.561547129062711008e+02
5456,2.483235376630800886e+02,1.561326420708359990e+02
5457,2.482652289540931747e+02,1.561106026222456933e+02
5458,2.482069367002112017e+02,1.560885945135783004e+02
5459,2.481486608757183205e+02,1.560666176979889883e+02
5460,2.480904014549434464e+02,1.560446721287098626e+02
5461,2.480321584122601450e+02,1.560227577590496537e+02
5462,2.479739317220871158e+02,1.560008745423940013e+02
5463,2.479157213588875095e+02,1.559790224322047436e+02
5464,2.478575272971684740e+02,1.559572013820200311e+02
5465,2.477993495114821485e+02,1.559354113454543551e+02
5466,2.477411879764246692e+02,1.559136522761980359e+02
5467,2.476830426666365383e+02,1.558919241280174219e+02
5468,2.476249135568021700e+02,1.558702268547544350e+02
5469,2.475668006216503727e+02,1.558485604103268258e+02
5470,2.475087038359536109e+02,1.558269247487274356e+02
5471,2.474506231745282037e+02,1.558053198240246218e+02
5472,2.473925586122345237e+02,1.557837455903618888e+02
5473,2.473345101239764006e+02,1.557622020019577178e+02
5474,2.472764776847012911e+02,1.557406890131053387e+02
5475,2.472184612694001373e+02,1.557192065781727877e+02
5476,2.471604608531074234e+02,1.556977546516027360e+02
5477,2.471024764109008061e+02,1.556763331879120926e+02
5478,2.470445079179014272e+02,1.556549421416921462e+02
5479,2.469865553492732602e+02,1.556335814676084510e+02
5480,2.469286186802236216e+02,1.556122511204004297e+02
5481,2.468706978860027448e+02,1.555909510548812023e+02
5482,2.468127929419036661e+02,1.555696812259378987e+02
5483,2.467549038232622536e+02,1.555484415885310909e+02
5484,2.466970305054573203e+02,1.555272320976948492e+02
5485,2.466391729639099708e+02,1.555060527085364015e+02
5486,2.465813311740841129e+02,1.554849033762361614e+02
5487,2.465235051114861733e+02,1.554637840560477571e+02
5488,2.464656947516646426e+02,1.554426947032974624e+02
5489,2.464079000702106441e+02,1.554216352733842257e+02
5490,2.463501210427573653e+02,1.554006057217798400e+02
5491,2.462923576449799441e+02,1.553796060040284317e+02
5492,2.462346098525960372e+02,1.553586360757465172e+02
5493,2.461768776413647686e+02,1.553376958926225200e+02
5494,2.461191609870874402e+02,1.553167854104173102e+02
5495,2.460614598656070768e+02,1.552959045849634094e+02
5496,2.460037742528083129e+02,1.552750533721651891e+02
5497,2.459461041246175057e+02,1.552542317279985014e+02
5498,2.458884494570024799e+02,1.552334396085110768e+02
5499,2.458308102259726127e+02,1.552126769698215298e+02
5500,2.457731867540631470e+02,1.551896570125687731e+02
5501,2.457155805422866024e+02,1.551661503115425944e+02
5502,2.456579917760949741e+02,1.551426709316704091e+02
5503,2.456004204325757883e+02,1.551192188343583780e+02
5504,2.455428664888542016e+02,1.550957939810809876e+02
5505,2.454853299220930865e+02,1.550723963333805671e+02
5506,2.454278107094930022e+02,1.550490258528676577e+02
5507,2.453703088282923090e+02,1.550256825012208424e+02
5508,2.453128242557665715e+02,1.550023662401858644e+02
5509,2.452553569692290978e+02,1.549790770315764519e+02
5510,2.451979069460302014e+02,1.549558148372735502e+02
5511,2.451404741635577977e+02,1.549325796192253790e+02
5512,2.450830585992367503e+02,1.549093713394472331e+02
5513,2.450256602305292688e+02,1.548861899600213405e+02
5514,2.449682790349345680e+02,1.548630354430967486e+02
5515,2.449109149899887257e+02,1.548399077508890400e+02
5516,2.448535680732646824e+02,1.548168068456805315e+02
5517,2.447962382623725262e+02,1.547937326898195920e+02
5518,2.447389255349587813e+02,1.547706852457209834e+02
5519,2.446816298687066933e+02,1.547476644758654913e+02
5520,2.446243512413361429e+02,1.547246703427996408e+02
5521,2.445670896306035615e+02,1.547017028091359805e+02
5522,2.445098450143016464e+02,1.546787618375524858e+02
5523,2.444526173702597589e+02,1.546558473907925872e+02
5524,2.443954066763433275e+02,1.546329594316653413e+02
5525,2.443382129104540752e+02,1.546100979230444352e+02
5526,2.442810360505299059e+02,1.545872628278690684e+02
5527,2.442238760745447621e+02,1.545644541091430995e+02
5528,2.441667329605084262e+02,1.545416717299351603e+02
5529,2.441096066864667193e+02,1.545189156533785706e+02
5530,2.440524972305015297e+02,1.544961858426710251e+02
5531,2.439954045707303578e+02,1.544734822610745653e+02
5532,2.439383286853062600e+02,1.544508048719154374e+02
5533,2.438812695524178196e+02,1.544281536385836660e+02
5534,2.438242271502897154e+02,1.544055285245338212e+02
5535,2.437672014571818409e+02,1.543829294932833989e+02
5536,2.437101924513890481e+02,1.543603565084141280e+02
5537,2.436532001112422563e+02,1.543378095335708906e+02
5538,2.435962244151070877e+02,1.543152885324618921e+02
5539,2.435392653413847199e+02,1.542927934688590028e+02
5540,2.434823228685112326e+02,1.542703243065963079e+02
5541,2.434253969749578062e+02,1.542478810095716426e+02
5542,2.433684876392306933e+02,1.542254635417450856e+02
5543,2.433115948398709634e+02,1.542030718671396414e+02
5544,2.432547185554544740e+02,1.541807059498405579e+02
5545,2.431978587645919276e+02,1.541583657539956960e+02
5546,2.431410154459288719e+02,1.541360512438150181e+02
5547,2.430841885781450742e+02,1.541137623835706165e+02
5548,2.430273781399552320e+02,1.540914991375966281e+02
5549,2.429705841101082342e+02,1.540692614702886942e+02
5550,2.429138064673875022e+02,1.540470493461045862e+02
5551,2.428570451906110179e+02,1.540248627295632957e+02
5552,2.428003002586306991e+02,1.540027015852454610e+02
5553,2.427435716503328536e+02,1.539805658777927704e+02
5554,2.426868593446377815e+02,1.539584555719083028e+02
5555,2.426301633205000030e+02,1.539363706323559597e+02
5556,2.425734835569079451e+02,1.539143110239604937e+02
5557,2.425168200328838850e+02,1.538922767116077068e+02
5558,2.424601727274841778e+02,1.538702676602437975e+02
5559,2.424035416197986876e+02,1.538482838348755593e+02
5560,2.423469266889512141e+02,1.538263252005698973e+02
5561,2.422903279140992083e+02,1.538043917224541701e+02
5562,2.422337452744336304e+02,1.537824833657159047e+02
5563,2.421771787491788075e+02,1.537606000956023706e+02
5564,2.421206283175926615e+02,1.537387418774208072e+02
5565,2.420640939589665663e+02,1.537169086765379973e+02
5566,2.420075756526252064e+02,1.536951004583806366e+02
5567,2.419510733779264058e+02,1.536733171884345666e+02
5568,2.418945871142611281e+02,1.536515588322450299e+02
5569,2.418381168410535622e+02,1.536298253554164148e+02
5570,2.417816625377608659e+02,1.536081167236123690e+02
5571,2.417252241838731663e+02,1.535864329025551172e+02
5572,2.416688017589136734e+02,1.535647738580261716e+02
5573,2.416123952424382537e+02,1.535431395558651957e+02
5574,2.415560046140355439e+02,1.535215299619708560e+02
5575,2.414996298533269510e+02,1.534999450422999985e+02
5576,2.414432709399667090e+02,1.534783847628677336e+02
5577,2.413869278536413390e+02,1.534568490897476352e+02
5578,2.413306005740699050e+02,1.534353379890710869e+02
5579,2.412742890810041843e+02,1.534138514270273106e+02
5580,2.412179933542280423e+02,1.533923893698635652e+02
5581,2.411617133735578875e+02,1.533709517838847489e+02
5582,2.411054491188422730e+02,1.533495386354531433e+02
5583,2.410492005699619256e+02,1.533281498909886409e+02
5584,2.409929677068298304e+02,1.533067855169684037e+02
5585,2.409367505093908619e+02,1.532854454799266648e+02
5586,2.408805489576220111e+02,1.532641297464548700e+02
5587,2.408243630315319592e+02,1.532428382832012517e+02
5588,2.407681927111616744e+02,1.532215710568709994e+02
5589,2.407120379765837299e+02,1.532003280342258904e+02
5590,2.406558988079024743e+02,1.531791091820844883e+02
5591,2.405997751852537476e+02,1.531579144673213762e+02
5592,2.405436670888051935e+02,1.531367438568679233e+02
5593,2.404875744987560040e+02,1.531155973177115754e+02
5594,2.404314973953369190e+02,1.530944748168956835e+02
5595,2.403754357588098003e+02,1.530733763215197598e+02
5596,2.403193895694683135e+02,1.530523017987390801e+02
5597,2.402633588076370188e+02,1.530312512157648541e+02
5598,2.402073434536721379e+02,1.530102245398635716e+02
5599,2.401513434879606166e+02,1.529892217383574007e+02
5600,2.400953588909208349e+02,1.529682427786241021e+02
5601,2.400393896430020391e+02,1.529472876280961771e+02
5602,2.399834357246847958e+02,1.529263562542617763e+02
5603,2.399274971164801684e+02,1.529054486246637907e+02
5604,2.398715737989303989e+02,1.528845647069001075e+02
5605,2.398156657526083393e+02,1.528637044686234674e+02
5606,2.397597729581177930e+02,1.528428678775411527e+02
5607,2.397038953960928893e+02,1.528220549014151004e+02
5608,2.396480330471990783e+02,1.528012655080615900e+02
5609,2.395921858921315959e+02,1.527804996653515275e+02
5610,2.395363539116166010e+02,1.527597573412095358e+02
5611,2.394805370864107203e+02,1.527390385036148928e+02
5612,2.394247353973007364e+02,1.527183431206003945e+02
5613,2.393689488251040132e+02,1.526976711602528951e+02
5614,2.393131773506680418e+02,1.526770225907131646e+02
5615,2.392574209548701560e+02,1.526563973801754059e+02
5616,2.392016796186186696e+02,1.526357954968872548e+02
5617,2.391459533228515966e+02,1.526152169091502628e+02
5618,2.390902420485365667e+02,1.525946615853185904e+02
5619,2.390345457766717061e+02,1.525741294938001715e+02
5620,2.389788644882846995e+02,1.525536206030557196e+02
5621,2.389231981644333302e+02,1.525331348815989543e+02
5622,2.388675467862051960e+02,1.525126722979966019e+02
5623,2.388119103347173393e+02,1.524922328208679403e+02
5624,2.387562887911167593e+02,1.524718164188850267e+02
5625,2.387006821365800988e+02,1.524514230607723562e+02
5626,2.386450903523130478e+02,1.524310527153068620e+02
5627,2.385895134195514800e+02,1.524107053513178869e+02
5628,2.385339513195603729e+02,1.523903809376867571e+02
5629,2.384784040336340070e+02,1.523700794433469810e+02
5630,2.384228715430963064e+02,1.523498008372842492e+02
5631,2.383673538293001286e+02,1.523295450885357241e+02
5632,2.383118508736276908e+02,1.523093121661906366e+02
5633,2.382563626574901434e+02,1.522891020393897463e+02
5634,2.382008891623283660e+02,1.522689146773253697e+02
5635,2.381454303696116312e+02,1.522487500492414085e+02
5636,2.380899862608383728e+02,1.522286081244326681e+02
5637,2.380345568175359858e+02,1.522084888722457094e+02
5638,2.379791420212609125e+02,1.521883922620778549e+02
5639,2.379237418535979884e+02,1.521683182633775004e+02
5640,2.378683562961614086e+02,1.521482668456440308e+02
5641,2.378129853305935058e+02,1.521282379784275633e+02
5642,2.377576289385655741e+02,1.521082316313288914e+02
5643,2.377022871017773014e+02,1.520882477739993988e+02
5644,2.376469598019570810e+02,1.520682863761410601e+02
5645,2.375916470208616431e+02,1.520483474075058155e+02
5646,2.375363487402763667e+02,1.520284308378966784e+02
5647,2.374810649420145694e+02,1.520085366371658040e+02
5648,2.374257956079185021e+02,1.519886647752163924e+02
5649,2.373705407198582122e+02,1.519688152220007282e+02
5650,2.373153002597319130e+02,1.519489879475216583e+02
5651,2.372600742094664099e+02,1.519291829218312841e+02
5652,2.372048625510159638e+02,1.519094001150315876e+02
5653,2.371496652663636553e+02,1.518896394972741746e+02
5654,2.370944823375197643e+02,1.518699010387597923e+02
5655,2.370393137465229643e+02,1.518501847097388122e+02
5656,2.369841594754397534e+02,1.518304904805106048e+02
5657,2.369290195063644546e+02,1.518108183214239375e+02
5658,2.368738938214188465e+02,1.517911682028763778e+02
5659,2.368187824027528734e+02,1.517715400953145775e+02
5660,2.367636852325441623e+02,1.517519339692338463e+02
5661,2.367086022929973126e+02,1.517323497951784645e+02
5662,2.366535335663451463e+02,1.517127875437410580e+02
5663,2.365984790348476565e+02,1.516932471855631377e+02
5664,2.365434386807924341e+02,1.516737286913341620e+02
5665,2.364884124864943828e+02,1.516542320317925316e+02
5666,2.364334004342956916e+02,1.516347571777241683e+02
5667,2.363784025065660614e+02,1.516153040999637085e+02
5668,2.363234186857021086e+02,1.515958727693936225e+02
5669,2.362684489541279049e+02,1.515764631569442145e+02
5670,2.362134932942946364e+02,1.515570752335936504e+02
5671,2.361585516886802623e+02,1.515377089703680156e+02
5672,2.361036241197901404e+02,1.515183643383408594e+02
5673,2.360487105701566577e+02,1.514990413086332524e+02
5674,2.359938110223385763e+02,1.514797398524137577e+02
5675,2.359389254589221139e+02,1.514604599408983461e+02
5676,2.358840538625198917e+02,1.514412015453501397e+02
5677,2.358291962157717307e+02,1.514219646370795260e+02
5678,2.357743525013437704e+02,1.514027491874437601e+02
5679,2.357195227019289803e+02,1.513835551678472200e+02
5680,2.356647068002469041e+02,1.513643825497411513e+02
5681,2.356099047790438590e+02,1.513452313046233826e+02
5682,2.355551166210921963e+02,1.513261014040387238e+02
5683,2.355003423091914669e+02,1.513069928195781699e+02
5684,2.354455818261668298e+02,1.512879055228795551e+02
5685,2.353908351548703308e+02,1.512688394856268417e+02
5686,2.353361022781801069e+02,1.512497946795505470e+02
5687,2.352813831790006702e+02,1.512307710764270610e+02
5688,2.352266778402628233e+02,1.512117686480791292e+02
5689,2.351719862449232039e+02,1.511927873663753701e+02
5690,2.351173083759648250e+02,1.511738272032304735e+02
5691,2.350626442163967340e+02,1.511548881306046894e+02
5692,2.350079937492539841e+02,1.511359701205042541e+02
5693,2.349533569575973786e+02,1.511170731449809921e+02
5694,2.348987338245140393e+02,1.510981971761320892e+02
5695,2.348441243331165538e+02,1.510793421861003765e+02
5696,2.347895284665435156e+02,1.510605081470740458e+02
5697,2.347349462079594673e+02,1.510416950312864230e+02
5698,2.346803775405541614e+02,1.510229028110160243e+02
5699,2.346258224475434986e+02,1.510041314585865280e+02
5700,2.345712809121687883e+02,1.509853809463666607e+02
5701,2.345167529176969197e+02,1.509666512467699420e+02
5702,2.344622384474202761e+02,1.509479423322546268e+02
5703,2.344077374846568773e+02,1.509292541753239050e+02
5704,2.343532500127499247e+02,1.509105867485253611e+02
5705,2.342987760150681709e+02,1.508919400244512872e+02
5706,2.342443154750055783e+02,1.508733139757385118e+02
5707,2.341898683759815469e+02,1.508547085750680026e+02
5708,2.341354347014405732e+02,1.508361237951648945e+02
5709,2.340810144348524204e+02,1.508175596087988595e+02
5710,2.340266075597117492e+02,1.507990159887835091e+02
5711,2.339722140595388566e+02,1.507804929079764804e+02
5712,2.339178339178783972e+02,1.507619903392792367e+02
5713,2.338634671183005480e+02,1.507435082556369537e+02
5714,2.338091136444000711e+02,1.507250466300389746e+02
5715,2.337547734797969667e+02,1.507066054355177869e+02
5716,2.337004466081359340e+02,1.506881846451499314e+02
5717,2.336461330130863132e+02,1.506697842320549512e+02
5718,2.335918326783424561e+02,1.506514041693959882e+02
5719,2.335375455876231001e+02,1.506330444303796696e+02
5720,2.334832717246720790e+02,1.506147049882556246e+02
5721,2.334290110732576125e+02,1.505963858163165412e+02
5722,2.333747636171726185e+02,1.505780868878981948e+02
5723,2.333205293402341454e+02,1.505598081763796188e+02
5724,2.332663082262843375e+02,1.505415496551822230e+02
5725,2.332121002591891852e+02,1.505233112977705900e+02
5726,2.331579054228394909e+02,1.505050930776517646e+02
5727,2.331037237011502441e+02,1.504868949683755659e+02
5728,2.330495550780606493e+02,1.504687169435342184e+02
5729,2.329953995375342686e+02,1.504505589767624656e+02
5730,2.329412570635589077e+02,1.504324210417373706e+02
5731,2.328871276401462467e+02,1.504143031121782030e+02
5732,2.328330112513327208e+02,1.503962051618465807e+02
5733,2.327789078811780143e+02,1.503781271645461288e+02
5734,2.327248175137663964e+02,1.503600690941223945e+02
5735,2.326707401332060954e+02,1.503420309244631028e+02
5736,2.326166757236288731e+02,1.503240126294977017e+02
5737,2.325626242691907635e+02,1.503060141831972771e+02
5738,2.325085857540715324e+02,1.502880355595747801e+02
5739,2.324545601624748485e+02,1.502700767326847142e+02
5740,2.324005474786278285e+02,1.502521376766231356e+02
5741,2.323465476867818040e+02,1.502342183655275107e+02
5742,2.322925607712111002e+02,1.502163187735765746e+02
5743,2.322385867162142858e+02,1.501984388749905577e+02
5744,2.321846255061133206e+02,1.501805786440305894e+02
5745,2.321306771252533281e+02,1.501627380549991528e+02
5746,2.320767415580036186e+02,1.501449170822396582e+02
5747,2.320228187887563251e+02,1.501271157001364713e+02
5748,2.319689088019273413e+02,1.501093338831148287e+02
5749,2.319150115819557811e+02,1.500915716056407234e+02
5750,2.318611271133041498e+02,1.500738288422209052e+02
5751,2.318072553804580309e+02,1.500561055674027386e+02
5752,2.317533963679265696e+02,1.500384017557741743e+02
5753,2.316995500602419611e+02,1.500207173819635216e+02
5754,2.316457164419592800e+02,1.500030524206394205e+02
5755,2.315918954976570774e+02,1.499854068465110970e+02
5756,2.315380872119367268e+02,1.499677806343277950e+02
5757,2.314842915694229646e+02,1.499501737588788615e+02
5758,2.314305085547628948e+02,1.499325861949939167e+02
5759,2.313767381526271549e+02,1.499150179175422579e+02
5760,2.313229803477087785e+02,1.498974689014333137e+02
5761,2.312692351247241334e+02,1.498799391216164452e+02
5762,2.312155024684119553e+02,1.498624285530805480e+02
5763,2.311617823635339732e+02,1.498449371708541662e+02
5764,2.311080747948746250e+02,1.498274649500056910e+02
5765,2.310543797472410006e+02,1.498100118656428492e+02
5766,2.310006972054626431e+02,1.497925778929127887e+02
5767,2.309470271543920603e+02,1.497751630070020781e+02
5768,2.308933695789041849e+02,1.497577671831366217e+02
5769,2.308397244638960899e+02,1.497403903965814891e+02
5770,2.307860917942877563e+02,1.497230326226407726e+02
5771,2.307324715550215330e+02,1.497056938366578152e+02
5772,2.306788637310618810e+02,1.496883740140148120e+02
5773,2.306252683073958565e+02,1.496710731301329815e+02
5774,2.305716852690329119e+02,1.496537911604721103e+02
5775,2.305181146010044699e+02,1.496365280805310363e+02
5776,2.304645562883642640e+02,1.496192838658470805e+02
5777,2.304110103161883387e+02,1.496020584919963312e+02
5778,2.303574766695749076e+02,1.495848519345931322e+02
5779,2.303039553336438985e+02,1.495676641692905946e+02
5780,2.302504462935377205e+02,1.495504951717799713e+02
5781,2.301969495344208383e+02,1.495333449177909984e+02
5782,2.301434650414791179e+02,1.495162133830912694e+02
5783,2.300899927999209922e+02,1.494991005434872022e+02
5784,2.300365327949764378e+02,1.494820063748224754e+02
5785,2.299830850118975434e+02,1.494649308529794496e+02
5786,2.299296494359579128e+02,1.494478739538780871e+02
5787,2.298762260524532621e+02,1.494308356534762083e+02
5788,2.298228148467007657e+02,1.494138159277694342e+02
5789,2.297694158040393120e+02,1.493968147527912436e+02
5790,2.297160289098296460e+02,1.493798321046124045e+02
5791,2.296626541494539708e+02,1.493628679593417701e+02
5792,2.296092915083161756e+02,1.493459222931250849e+02
5793,2.295559409718415509e+02,1.493289950821460366e+02
5794,2.295026025254770445e+02,1.493120863026252607e+02
5795,2.294492761546907786e+02,1.492951959308209098e+02
5796,2.293959618449725895e+02,1.492783239430282265e+02
5797,2.293426595818338001e+02,1.492614703155796860e+02
5798,2.292893693508065951e+02,1.492446350248445697e+02
5799,2.292360911374449017e+02,1.492278180472295048e+02
5800,2.291828249273239351e+02,1.492110193591776692e+02
5801,2.291295707060396012e+02,1.491942389371693594e+02
5802,2.290763265362477057e+02,1.491889651231615517e+02
5803,2.290230858662133073e+02,1.491844582396746830e+02
5804,2.289698484120746400e+02,1.491799558337203848e+02
5805,2.289166141705397877e+02,1.491754579003819572e+02
5806,2.288633831383207280e+02,1.491709644347499477e+02
5807,2.288101553121331335e+02,1.491664754319216968e+02
5808,2.287569306886964853e+02,1.491619908870016502e+02
5809,2.287037092647342433e+02,1.491575107951013308e+02
5810,2.286504910369733921e+02,1.491530351513389974e+02
5811,2.285972760021447527e+02,1.491485639508400709e+02
5812,2.285440641569829268e+02,1.491440971887368505e+02
5813,2.284908554982264093e+02,1.491396348601685133e+02
5814,2.284376500226171345e+02,1.491351769602811430e+02
5815,2.283844477269011293e+02,1.491307234842277580e+02
5816,2.283312486078278596e+02,1.491262744271681981e+02
5817,2.282780526621506567e+02,1.491218297842692380e+02
5818,2.282248598866266889e+02,1.491173895507043881e+02
5819,2.281716702780167623e+02,1.491129537216540939e+02
5820,2.281184838330852074e+02,1.491085222923055085e+02
5821,2.280653005486004474e+02,1.491040952578526628e+02
5822,2.280121204213342025e+02,1.490996726134963239e+02
5823,2.279589434480622856e+02,1.490952543544440516e+02
5824,2.279057696255640053e+02,1.490908404759100847e+02
5825,2.278525989506220810e+02,1.490864309731155117e+02
5826,2.277994314200235237e+02,1.490820258412880719e+02
5827,2.277462670305587267e+02,1.490776250756621835e+02
5828,2.276931057790215220e+02,1.490732286714790291e+02
5829,2.276399476622096643e+02,1.490688366239864706e+02
5830,2.275867926769247447e+02,1.490644489284388499e+02
5831,2.275336408199715663e+02,1.490600655800974437e+02
5832,2.274804920881589680e+02,1.490556865742299237e+02
5833,2.274273464782992278e+02,1.490513119061105840e+02
5834,2.273742039872083183e+02,1.490469415710206249e+02
5835,2.273210646117058786e+02,1.490425755642473007e+02
5836,2.272679283486151007e+02,1.490382138810850279e+02
5837,2.272147951947628428e+02,1.490338565168342768e+02
5838,2.271616651469796864e+02,1.490295034668023675e+02
5839,2.271085382020997656e+02,1.490251547263031568e+02
5840,2.270554143569605685e+02,1.490208102906567262e+02
5841,2.270022936084035905e+02,1.490164701551900350e+02
5842,2.269491759532739081e+02,1.490121343152361248e+02
5843,2.268960613884197528e+02,1.490078027661349154e+02
5844,2.268429499106933633e+02,1.490034755032325222e+02
5845,2.267898415169502186e+02,1.489991525218815411e+02
5846,2.267367362040499188e+02,1.489948338174410765e+02
5847,2.266836339688549913e+02,1.489905193852766274e+02
5848,2.266305348082319995e+02,1.489862092207600597e+02
5849,2.265774387190508605e+02,1.489819033192695770e+02
5850,2.265243456981850159e+02,1.489776016761898916e+02
5851,2.264712557425117154e+02,1.489733042869118833e+02
5852,2.264181688489114777e+02,1.489690111468330542e+02
5853,2.263650850142683453e+02,1.489647222513569886e+02
5854,2.263120042354703116e+02,1.489604375958936373e+02
5855,2.262589265094082975e+02,1.489561571758594027e+02
5856,2.262058518329772312e+02,1.489518809866768265e+02
5857,2.261527802030752810e+02,1.489476090237747314e+02
5858,2.260997116166041394e+02,1.489433412825882783e+02
5859,2.260466460704694214e+02,1.489390777585589092e+02
5860,2.259935835615796975e+02,1.489348184471342051e+02
5861,2.259405240868472617e+02,1.489305633437679148e+02
5862,2.258874676431881312e+02,1.489263124439201817e+02
5863,2.258344142275213358e+02,1.489220657430572885e+02
5864,2.257813638367697990e+02,1.489178232366515999e+02
5865,2.257283164678597132e+02,1.489135849201818189e+02
5866,2.256752721177207661e+02,1.489093507891325885e+02
5867,2.256222307832863123e+02,1.489051208389948329e+02
5868,2.255691924614929178e+02,1.489008950652657006e+02
5869,2.255161571492808150e+02,1.488966734634483089e+02
5870,2.254631248435932491e+02,1.488924560290518286e+02
5871,2.254100955413777001e+02,1.488882427575916552e+02
5872,2.253570692395844617e+02,1.488840336445893513e+02
5873,2.253040459351673235e+02,1.488798286855723063e+02
5874,2.252510256250837131e+02,1.488756278760740770e+02
5875,2.251980083062944971e+02,1.488714312116343024e+02
5876,2.251449939757639243e+02,1.488672386877986185e+02
5877,2.250919826304593698e+02,1.488630503001186014e+02
5878,2.250389742673522164e+02,1.488588660441520233e+02
5879,2.249859688834166320e+02,1.488546859154624542e+02
5880,2.249329664756306784e+02,1.488505099096194897e+02
5881,2.248799670409755436e+02,1.488463380221988075e+02
5882,2.248269705764358832e+02,1.488421702487818266e+02
5883,2.247739770789998204e+02,1.488380065849561618e+02
5884,2.247209865456588034e+02,1.488338470263151123e+02
5885,2.246679989734074638e+02,1.488296915684580313e+02
5886,2.246150143592443271e+02,1.488255402069902686e+02
5887,2.245620327001705050e+02,1.488213929375227735e+02
5888,2.245090539931914009e+02,1.488172497556726057e+02
5889,2.244560782353149193e+02,1.488131106570627082e+02
5890,2.244031054235532565e+02,1.488089756373217369e+02
5891,2.243501355549208540e+02,1.488048446920843162e+02
5892,2.242971686264364735e+02,1.488007178169908116e+02
5893,2.242442046351215481e+02,1.487965950076874151e+02
5894,2.241912435780012629e+02,1.487924762598261736e+02
5895,2.241382854521041281e+02,1.487883615690650743e+02
5896,2.240853302544616099e+02,1.487842509310674473e+02
5897,2.240323779821088408e+02,1.487801443415028189e+02
5898,2.239794286320842787e+02,1.487760417960463712e+02
5899,2.239264822014293657e+02,1.487719432903789425e+02
5900,2.238735386871892956e+02,1.487678488201871687e+02
5901,2.238205980864123035e+02,1.487637583811633988e+02
5902,2.237676603961499779e+02,1.487596719690056943e+02
5903,2.237147256134571762e+02,1.487555895794178014e+02
5904,2.236617937353920809e+02,1.487515112081092070e+02
5905,2.236088647590162566e+02,1.487474368507950544e+02
5906,2.235559386813943092e+02,1.487433665031961141e+02
5907,2.235030154995943121e+02,1.487393001610388126e+02
5908,2.234500952106877492e+02,1.487352378200553744e+02
5909,2.233971778117489748e+02,1.487311794759834527e+02
5910,2.233442632998557258e+02,1.487271251245663279e+02
5911,2.232913516720895188e+02,1.487230747615531072e+02
5912,2.232384429255345140e+02,1.487190283826982977e+02
5913,2.231855370572780828e+02,1.487149859837620056e+02
5914,2.231326340644113486e+02,1.487109475605100499e+02
5915,2.230797339440284759e+02,1.487069131087136498e+02
5916,2.230268366932264996e+02,1.487028826241497086e+02
5917,2.229739423091061781e+02,1.486988561026005300e+02
5918,2.229210507887714243e+02,1.486948335398541587e+02
5919,2.228681621293288799e+02,1.486908149317038976e+02
5920,2.228152763278891371e+02,1.486868002739488475e+02
5921,2.227623933815656301e+02,1.486827895623933955e+02
5922,2.227095132874747776e+02,1.486787827928474144e+02
5923,2.226566360427366646e+02,1.486747799611264327e+02
5924,2.226037616444743321e+02,1.486707810630512938e+02
5925,2.225508900898140610e+02,1.486667860944482982e+02
5926,2.224980213758852585e+02,1.486627950511492600e+02
5927,2.224451554998205722e+02,1.486588079289914219e+02
5928,2.223922924587559464e+02,1.486548247238173701e+02
5929,2.223394322498302813e+02,1.486508454314752328e+02
5930,2.222865748701858877e+02,1.486468700478183393e+02
5931,2.222337203169679754e+02,1.486428985687057036e+02
5932,2.221808685873254490e+02,1.486389309900014268e+02
5933,2.221280196784094869e+02,1.486349673075751241e+02
5934,2.220751735873751898e+02,1.486310075173018390e+02
5935,2.220223303113806708e+02,1.486270516150617595e+02
5936,2.219694898475868570e+02,1.486230995967405590e+02
5937,2.219166521931582565e+02,1.486191514582292541e+02
5938,2.218638173452622482e+02,1.486152071954240910e+02
5939,2.218109853010693371e+02,1.486112668042267160e+02
5940,2.217581560577533253e+02,1.486073302805440051e+02
5941,2.217053296124909991e+02,1.486033976202880922e+02
5942,2.216525059624623566e+02,1.485994688193764830e+02
5943,2.215996851048504368e+02,1.485955438737319128e+02
5944,2.215468670368415189e+02,1.485916227792822895e+02
5945,2.214940517556249517e+02,1.485877055319609497e+02
5946,2.214412392583929261e+02,1.485837921277062321e+02
5947,2.213884295423411288e+02,1.485798825624618758e+02
5948,2.213356226046682025e+02,1.485759768321768775e+02
5949,2.212828184425756035e+02,1.485720749328051795e+02
5950,2.212300170532685684e+02,1.485681768603062380e+02
5951,2.211772184339544651e+02,1.485642826106444261e+02
5952,2.211244225818447831e+02,1.485603921797894884e+02
5953,2.210716294941531714e+02,1.485565055637162288e+02
5954,2.210188391680970028e+02,1.485526227584046239e+02
5955,2.209660516008962361e+02,1.485487437598397946e+02
5956,2.209132667897743261e+02,1.485448685640120914e+02
5957,2.208604847319574560e+02,1.485409971669168101e+02
5958,2.208077054246751914e+02,1.485371295645544762e+02
5959,2.207549288651595703e+02,1.485332657529307312e+02
5960,2.207021550506463541e+02,1.485294057280563891e+02
5961,2.206493839783739475e+02,1.485255494859470957e+02
5962,2.205966156455839098e+02,1.485216970226238402e+02
5963,2.205438500495210121e+02,1.485178483341125002e+02
5964,2.204910871874325267e+02,1.485140034164441261e+02
5965,2.204383270565693635e+02,1.485101622656547988e+02
5966,2.203855696541851614e+02,1.485063248777855733e+02
5967,2.203328149775365148e+02,1.485024912488825919e+02
5968,2.202800630238832014e+02,1.484986613749969990e+02
5969,2.202273137904879263e+02,1.484948352521849415e+02
5970,2.201745672746163223e+02,1.484910128765076536e+02
5971,2.201218234735372334e+02,1.484871942440312012e+02
5972,2.200690823845223179e+02,1.484833793508267661e+02
5973,2.200163440048463315e+02,1.484795681929705040e+02
5974,2.199636083317869861e+02,1.484757607665433738e+02
5975,2.199108753626248642e+02,1.484719570676315357e+02
5976,2.198581450946439304e+02,1.484681570923258391e+02
5977,2.198054175251306219e+02,1.484643608367222782e+02
5978,2.197526926513745309e+02,1.484605682969216787e+02
5979,2.196999704706682621e+02,1.484567794690297831e+02
5980,2.196472509803076605e+02,1.484529943491572794e+02
5981,2.195945341775909299e+02,1.484492129334197728e+02
5982,2.195418200598196847e+02,1.484454352179376428e+02
5983,2.194891086242985523e+02,1.484416611988362433e+02
5984,2.194363998683346892e+02,1.484378908722458164e+02
5985,2.193836937892386345e+02,1.484341242343014642e+02
5986,2.193309903843234849e+02,1.484303612811430924e+02
5987,2.192782896509056627e+02,1.484266020089154949e+02
5988,2.192255915863041480e+02,1.484228464137682693e+02
5989,2.191728961878411894e+02,1.484190944918558444e+02
5990,2.191202034528418494e+02,1.484153462393375094e+02
5991,2.190675133786337767e+02,1.484116016523772998e+02
5992,2.190148259625482012e+02,1.484078607271442252e+02
5993,2.189621412019188256e+02,1.484041234598117853e+02
5994,2.189094590940821377e+02,1.484003898465584825e+02
5995,2.188567796363780076e+02,1.483966598835675654e+02
5996,2.188041028261488634e+02,1.483929335670270291e+02
5997,2.187514286607400038e+02,1.483892108931296718e+02
5998,2.186987571374999675e+02,1.483854918580729247e+02
5999,2.186460882537796806e+02,1.483817764580590506e+02
6000,2.185934220069335367e+02,1.483780646892949733e+02
6001,2.185407583943181749e+02,1.483743565479925621e+02
6002,2.184880974132938434e+02,1.483706520303680634e+02
6003,2.184354390612228940e+02,1.483669511326425834e+02
6004,2.183827833354712595e+02,1.483632538510420886e+02
6005,2.183301302334072886e+02,1.483595601817970078e+02
6006,2.182774797524022006e+02,1.483558701211424875e+02
6007,2.182248318898304831e+02,1.483521836653183641e+02
6008,2.181721866430688976e+02,1.483485008105693339e+02
6009,2.181195440094976732e+02,1.483448215531444134e+02
6010,2.180669039864993692e+02,1.483411458892974792e+02
6011,2.180142665714596433e+02,1.483374738152869838e+02
6012,2.179616317617669949e+02,1.483338053273760693e+02
6013,2.179089995548129082e+02,1.483301404218324251e+02
6014,2.178563699479911975e+02,1.483264790949284304e+02
6015,2.178037429386990880e+02,1.483228213429408981e+02
6016,2.177511185243361069e+02,1.483191671621514729e+02
6017,2.176984967023052491e+02,1.483155165488462615e+02
6018,2.176458774700118965e+02,1.483118694993159465e+02
6019,2.175932608248640463e+02,1.483082260098558720e+02
6020,2.175406467642729922e+02,1.483045860767658155e+02
6021,2.174880352856526144e+02,1.483009496963502158e+02
6022,2.174354263864196355e+02,1.482973168649180025e+02
6023,2.173828200639934494e+02,1.482936875787826807e+02
6024,2.173302163157964628e+02,1.482900618342622749e+02
6025,2.172776151392538395e+02,1.482864396276793286e+02
6026,2.172250165317935000e+02,1.482828209553608758e+02
6027,2.171724204908457523e+02,1.482792058136385833e+02
6028,2.171198270138444570e+02,1.482755941988484381e+02
6029,2.170672360982256350e+02,1.482719861073310597e+02
6030,2.170146477414286608e+02,1.482683815354315016e+02
6031,2.169620619408947277e+02,1.482647804794992510e+02
6032,2.169094786940690369e+02,1.482611829358883426e+02
6033,2.168568979983984661e+02,1.482575889009572165e+02
6034,2.168043198513335028e+02,1.482539983710688318e+02
6035,2.167517451568124613e+02,1.482438793726768722e+02
6036,2.166991782110743543e+02,1.482319562898267407e+02
6037,2.166466197185971225e+02,1.482200465471506448e+02
6038,2.165940696692447602e+02,1.482081501277821758e+02
6039,2.165415280528948188e+02,1.481962670148787709e+02
6040,2.164889948594400266e+02,1.481843971916210023e+02
6041,2.164364700787866411e+02,1.481725406412131463e+02
6042,2.163839537008551304e+02,1.481606973468827846e+02
6043,2.163314457155803723e+02,1.481488672918809471e+02
6044,2.162789461129111714e+02,1.481370504594819977e+02
6045,2.162264548828105717e+02,1.481252468329836063e+02
6046,2.161739720152554298e+02,1.481134563957066632e+02
6047,2.161214975002368135e+02,1.481016791309953931e+02
6048,2.160690313277600296e+02,1.480899150222172977e+02
6049,2.160165734878439423e+02,1.480781640527628156e+02
6050,2.159641239705217117e+02,1.480664262060458327e+02
6051,2.159116827658403963e+02,1.480547014655031433e+02
6052,2.158592498638611517e+02,1.480429898145946197e+02
6053,2.158068252546585200e+02,1.480312912368032698e+02
6054,2.157544089283215385e+02,1.480196057156351230e+02
6055,2.157020008749528301e+02,1.480079332346190313e+02
6056,2.156496010846688023e+02,1.479962737773069250e+02
6057,2.155972095475999879e+02,1.479846273272736710e+02
6058,2.155448262538903634e+02,1.479729938681167880e+02
6059,2.154924511936978035e+02,1.479613733834569302e+02
6060,2.154400843571939959e+02,1.479497658569372334e+02
6061,2.153877257345643841e+02,1.479381712722238831e+02
6062,2.153353753160083102e+02,1.479265896130056888e+02
6063,2.152830330917380763e+02,1.479150208629941403e+02
6064,2.152306990519806504e+02,1.479034650059234366e+02
6065,2.151783742802770405e+02,1.478846663034166511e+02
6066,2.151260632176031322e+02,1.478646424058140951e+02
6067,2.150737663119771810e+02,1.478446666973386243e+02
6068,2.150214835274343841e+02,1.478247389815657016e+02
6069,2.149692148281621940e+02,1.478048590631015315e+02
6070,2.149169601785003749e+02,1.477850267475766657e+02
6071,2.148647195429387011e+02,1.477652418416403179e+02
6072,2.148124928861176954e+02,1.477455041529548794e+02
6073,2.147602801728267536e+02,1.477258134901898075e+02
6074,2.147080813680036044e+02,1.477061696630159986e+02
6075,2.146558964367338262e+02,1.476865724820999333e+02
6076,2.146037253442494830e+02,1.476670217590981338e+02
6077,2.145515680559289535e+02,1.476475173066520767e+02
6078,2.144994245372954254e+02,1.476280589383812867e+02
6079,2.144472947540167524e+02,1.476086464688790159e+02
6080,2.143951786719042332e+02,1.475892797137058210e+02
6081,2.143430762569121271e+02,1.475699584893847884e+02
6082,2.142909874751367170e+02,1.475506826133954235e+02
6083,2.142389122928152574e+02,1.475314519041686765e+02
6084,2.141868506763262019e+02,1.475122661810811451e+02
6085,2.141348025921869294e+02,1.474931252644499011e+02
6086,2.140827680070543408e+02,1.474740289755271192e+02
6087,2.140307468877236374e+02,1.474549771364947048e+02
6088,2.139787392011268423e+02,1.474359695704590081e+02
6089,2.139267449143336819e+02,1.474170061014457360e+02
6090,2.138747639945489993e+02,1.473980865543940126e+02
6091,2.138227964091136073e+02,1.473792107551524850e+02
6092,2.137708421255023836e+02,1.473603785304729854e+02
6093,2.137189011113240156e+02,1.473415897080054719e+02
6094,2.136669733343206303e+02,1.473228441162939077e+02
6095,2.136150587623665444e+02,1.473041415847698374e+02
6096,2.135631574953591212e+02,1.472845738605298038e+02
6097,2.135112700714918788e+02,1.472648557353602143e+02
6098,2.134593965327316312e+02,1.472451805501447382e+02
6099,2.134075368470008982e+02,1.472255481443998804e+02
6100,2.133556909823466867e+02,1.472059583584592417e+02
6101,2.133038589069407749e+02,1.471864110334697671e+02
6102,2.132520405890786037e+02,1.471669060113866010e+02
6103,2.132002359971785665e+02,1.471474431349681424e+02
6104,2.131484450997812417e+02,1.471280222477724067e+02
6105,2.130966678655492217e+02,1.471086431941517674e+02
6106,2.130449042632662326e+02,1.470893058192484091e+02
6107,2.129931542618361391e+02,1.470700099689902629e+02
6108,2.129414178302827167e+02,1.470507554900863738e+02
6109,2.128896949377491694e+02,1.470315422300224668e+02
6110,2.128379855534970204e+02,1.470123700370562858e+02
6111,2.127862896469057432e+02,1.469932387602136714e+02
6112,2.127346071874721360e+02,1.469741482492835587e+02
6113,2.126829381448097820e+02,1.469550983548146519e+02
6114,2.126312824886485089e+02,1.469360889281098537e+02
6115,2.125796401888330536e+02,1.469171198212229683e+02
6116,2.125280112153237724e+02,1.468981908869541542e+02
6117,2.124763955381946232e+02,1.468793019788452625e+02
6118,2.124247931276339614e+02,1.468604529511763985e+02
6119,2.123732039539424648e+02,1.468416436589611465e+02
6120,2.123216279875336454e+02,1.468228739579424484e+02
6121,2.122700651989331959e+02,1.468041437045888244e+02
6122,2.122185155587778524e+02,1.467854527560899953e+02
6123,2.121669790378149116e+02,1.467668009703527616e+02
6124,2.121154556069022021e+02,1.467481882059969394e+02
6125,2.120639452370070899e+02,1.467296143223518072e+02
6126,2.120124478992058812e+02,1.467110791794511613e+02
6127,2.119609635646833112e+02,1.466925826380301032e+02
6128,2.119094931424441199e+02,1.466588998426881858e+02
6129,2.118580530142881457e+02,1.465971508193099169e+02
6130,2.118066561756020008e+02,1.465355301086832185e+02
6131,2.117553025182699571e+02,1.464740374181167510e+02
6132,2.117039919344944394e+02,1.464126724556651311e+02
6133,2.116527243167952577e+02,1.463514349301270272e+02
6134,2.116014995580082143e+02,1.462903245510442218e+02
6135,2.115503175512841665e+02,1.462293410286962114e+02
6136,2.114991781900880028e+02,1.461684840741018547e+02
6137,2.114480813681971085e+02,1.461077533990141717e+02
6138,2.113970269797012804e+02,1.460471487159191781e+02
6139,2.113460149190000834e+02,1.459866697380336973e+02
6140,2.112950450808037601e+02,1.459263161793032282e+02
6141,2.112441173601303319e+02,1.458660877543992171e+02
6142,2.111932316523055988e+02,1.458059841787172957e+02
6143,2.111423878529617753e+02,1.457460051683746940e+02
6144,2.110915858580363533e+02,1.456861504402085927e+02
6145,2.110408255637714205e+02,1.456264197117733659e+02
6146,2.109901068667120114e+02,1.455668127013389039e+02
6147,2.109394296637055959e+02,1.455073291278879140e+02
6148,2.108887938519008003e+02,1.454479687111141004e+02
6149,2.108381993287464979e+02,1.453887311714202042e+02
6150,2.107876459919907006e+02,1.453296162299152172e+02
6151,2.107371337396795070e+02,1.452706236084131319e+02
6152,2.106866624701559942e+02,1.452117530294297580e+02
6153,2.106362320820596494e+02,1.451530042161816993e+02
6154,2.105858424743245791e+02,1.450943768925832842e+02
6155,2.105354935461793673e+02,1.450358707832452865e+02
6156,2.104851851971455119e+02,1.449774856134718846e+02
6157,2.104349173270365156e+02,1.449192211092597518e+02
6158,2.103846898359569479e+02,1.448610769972948731e+02
6159,2.103345026243016775e+02,1.448030530049513231e+02
6160,2.102843555927544230e+02,1.447451488602883671e+02
6161,2.102342486422869001e+02,1.446873642920492102e+02
6162,2.101841816741584807e+02,1.446296990296588660e+02
6163,2.101341545899137770e+02,1.445721528032211154e+02
6164,2.100841672913836362e+02,1.445147253435176822e+02
6165,2.100342196806824688e+02,1.444574163820060448e+02
6166,2.099843116602079078e+02,1.444002256508163384e+02
6167,2.099344431326400979e+02,1.443431528827508714e+02
6168,2.098846140009405303e+02,1.442861978112809425e+02
6169,2.098348241683509059e+02,1.442293601705455330e+02
6170,2.097850735383923677e+02,1.441726396953490905e+02
6171,2.097353620148645632e+02,1.441160361211590555e+02
6172,2.096856895018449052e+02,1.440595491841050659e+02
6173,2.096360559036868381e+02,1.440031786209758593e+02
6174,2.095864611250201506e+02,1.439469241692179935e+02
6175,2.095369050707487304e+02,1.438907855669333742e+02
6176,2.094873876460508768e+02,1.438347625528779190e+02
6177,2.094379087563773396e+02,1.437788548664590849e+02
6178,2.093884683074508928e+02,1.437230622477343616e+02
6179,2.093390662052655955e+02,1.436673844374091971e+02
6180,2.092897023560853142e+02,1.436118211768344963e+02
6181,2.092403766664436091e+02,1.435563722080060245e+02
6182,2.091910890431416590e+02,1.435010372735612236e+02
6183,2.091418393932486595e+02,1.434458161167783317e+02
6184,2.090926276241002597e+02,1.433907084815735118e+02
6185,2.090434536432973687e+02,1.433357141124994882e+02
6186,2.089943173587058993e+02,1.432808327547441536e+02
6187,2.089452186784558023e+02,1.432260641541280961e+02
6188,2.088961575109395028e+02,1.431714080571023260e+02
6189,2.088471337648120425e+02,1.431168642107476217e+02
6190,2.087981473489892323e+02,1.430624323627719150e+02
6191,2.087491981726474535e+02,1.430081122615085576e+02
6192,2.087002861452224920e+02,1.429539036559138481e+02
6193,2.086514111764086863e+02,1.428998062955671458e+02
6194,2.086025731761583586e+02,1.428458199306666927e+02
6195,2.085537720546802234e+02,1.427919443120297842e+02
6196,2.085050077224394158e+02,1.427381791910891309e+02
6197,2.084562800901562412e+02,1.426845243198930007e+02
6198,2.084075890688050094e+02,1.426309794511016662e+02
6199,2.083589345696137514e+02,1.425775443379871490e+02
6200,2.083103165040629108e+02,1.425242187344298657e+02
6201,2.082617347838852595e+02,1.424710023949186564e+02
6202,2.082131893210635951e+02,1.424178950745472605e+02
6203,2.081646800278316505e+02,1.423648965290137198e+02
6204,2.081162068166721042e+02,1.423120065146184743e+02
6205,2.080677696003159838e+02,1.422592247882618892e+02
6206,2.080193682917422393e+02,1.422065511074438291e+02
6207,2.079710028041765213e+02,1.421539852302606448e+02
6208,2.079226730510902144e+02,1.421015269154038094e+02
6209,2.078743789462002383e+02,1.420491759221590087e+02
6210,2.078261204034678258e+02,1.419969320104030146e+02
6211,2.077778973370974995e+02,1.419447949406034581e+02
6212,2.077297096615368446e+02,1.418927644738161007e+02
6213,2.076815572914752863e+02,1.418408403716835267e+02
6214,2.076334401418434652e+02,1.417890223964332392e+02
6215,2.075853581278121567e+02,1.417373103108763814e+02
6216,2.075373111647920155e+02,1.416857038784058034e+02
6217,2.074892991684322681e+02,1.416342028629942433e+02
6218,2.074413220546200876e+02,1.415828070291929635e+02
6219,2.073933797394801104e+02,1.415315161421300161e+02
6220,2.073454721393734133e+02,1.414803299675087089e+02
6221,2.072975991708961203e+02,1.414292482716051609e+02
6222,2.072497607508800002e+02,1.413782708212682167e+02
6223,2.072019567963904194e+02,1.413273973839162636e+02
6224,2.071541872247264280e+02,1.412766277275365780e+02
6225,2.071064519534193380e+02,1.412259616206832220e+02
6226,2.070587509002325532e+02,1.411753988324757643e+02
6227,2.070110839831602618e+02,1.411249391325972340e+02
6228,2.069634511204270950e+02,1.410745822912932113e+02
6229,2.069158522304871326e+02,1.410243280793691554e+02
6230,2.068682872320233912e+02,1.409741762681903481e+02
6231,2.068207560439467159e+02,1.409241266296787103e+02
6232,2.067732585853956664e+02,1.408741789363123758e+02
6233,2.067257947757347267e+02,1.408243329611234174e+02
6234,2.066783645345545608e+02,1.407745884776965397e+02
6235,2.066309677816710746e+02,1.407249452601679138e+02
6236,2.065836044371239950e+02,1.406754030832229034e+02
6237,2.065362744211773247e+02,1.406259617220948996e+02
6238,2.064889776543172673e+02,1.405766209525637578e+02
6239,2.064417140572526250e+02,1.405273805509543195e+02
6240,2.063944835509136624e+02,1.404782402941346504e+02
6241,2.063472860564510540e+02,1.404291999595145910e+02
6242,2.063001214952356577e+02,1.403802593250447046e+02
6243,2.062529897888576045e+02,1.403314181692138334e+02
6244,2.062058908591256170e+02,1.402826762710484445e+02
6245,2.061588246280661281e+02,1.402340334101104702e+02
6246,2.061117910179228261e+02,1.401854893664966539e+02
6247,2.060647899511560013e+02,1.401370439208359358e+02
6248,2.060178213504414657e+02,1.400886968542889406e+02
6249,2.059708851386701269e+02,1.400404479485458467e+02
6250,2.059239812389473911e+02,1.399922969858251918e+02
6251,2.058771095745920547e+02,1.399442437488727649e+02
6252,2.058302700691361053e+02,1.398962880209589912e+02
6253,2.057834626463238692e+02,1.398484295858788471e+02
6254,2.057366872301111016e+02,1.398006682279496715e+02
6255,2.056899437446643901e+02,1.397530037320095744e+02
6256,2.056432321143608135e+02,1.397054358834164702e+02
6257,2.055965522637867764e+02,1.396579644680458614e+02
6258,2.055499041177379524e+02,1.396105892722906674e+02
6259,2.055032876012176359e+02,1.395633100830585818e+02
6260,2.054567026394371112e+02,1.395161266877712762e+02
6261,2.054101491578143452e+02,1.394690388743627523e+02
6262,2.053636270819736751e+02,1.394220464312780337e+02
6263,2.053171363377446141e+02,1.393751491474714612e+02
6264,2.052706768511619657e+02,1.393283468124059539e+02
6265,2.052242485484645727e+02,1.392816392160507633e+02
6266,2.051778513560947772e+02,1.392350261488806780e+02
6267,2.051314852006981653e+02,1.391885074018745740e+02
6268,2.050851500091221169e+02,1.391420827665133686e+02
6269,2.050388457084161189e+02,1.390957520347799345e+02
6270,2.049925722258300880e+02,1.390495149991561163e+02
6271,2.049463294888147686e+02,1.390033714526230426e+02
6272,2.049001174250202553e+02,1.389573211886581419e+02
6273,2.048539359622961342e+02,1.389113640012347162e+02
6274,2.048077850286896364e+02,1.388654996848207759e+02
6275,2.047616645524466037e+02,1.388197280343767659e+02
6276,2.047155744620096414e+02,1.387740488453552246e+02
6277,2.046695146860177488e+02,1.387284619136986521e+02
6278,2.046234851533059782e+02,1.386829670358386011e+02
6279,2.045774857929046391e+02,1.386375640086941416e+02
6280,2.045315165340389854e+02,1.385922526296704973e+02
6281,2.044855773061276523e+02,1.385470326966583059e+02
6282,2.044396680387832532e+02,1.385019040080312607e+02
6283,2.043937886618109303e+02,1.384568663626455702e+02
6284,2.043479391052082690e+02,1.384119195598386511e+02
6285,2.043021192991638486e+02,1.383670633994268826e+02
6286,2.042563291740578677e+02,1.383222976817058054e+02
6287,2.042105686604606376e+02,1.382776222074475072e+02
6288,2.041648376891321277e+02,1.382330367779001392e+02
6289,2.041191361910216244e+02,1.381885411947861826e+02
6290,2.040734640972667933e+02,1.381441352603011694e+02
6291,2.040278213391933946e+02,1.380998187771127448e+02
6292,2.039822078483143741e+02,1.380555915483589047e+02
6293,2.039366235563299199e+02,1.380114533776475128e+02
6294,2.038910683951259273e+02,1.379674040690539130e+02
6295,2.038455422967739139e+02,1.379234434271206737e+02
6296,2.038000451935305648e+02,1.378795712568554279e+02
6297,2.037545770178370503e+02,1.378357873637307875e+02
6298,2.037091377023181735e+02,1.377920915536815869e+02
6299,2.036637271797821995e+02,1.377484836331052520e+02
6300,2.036183453832196051e+02,1.377049634088591574e+02
6301,2.035729922458039880e+02,1.376615306882603420e+02
6302,2.035276677008892534e+02,1.376181852790834057e+02
6303,2.034823716820111486e+02,1.375749269895603959e+02
6304,2.034371041228853585e+02,1.375317556283787042e+02
6305,2.033918649574077904e+02,1.374886710046797589e+02
6306,2.033466541196531239e+02,1.374456729280586558e+02
6307,2.033014715438752376e+02,1.374027612085625378e+02
6308,2.032563171645057594e+02,1.373599356566884921e+02
6309,2.032111909161539813e+02,1.373171960833837204e+02
6310,2.031660927336063196e+02,1.372745423000437768e+02
6311,2.031210225518257744e+02,1.372319741185110047e+02
6312,2.030759803059509352e+02,1.371894913510739116e+02
6313,2.030309659312959525e+02,1.371470938104656909e+02
6314,2.029859793633496849e+02,1.371047813098628581e+02
6315,2.029410205377754153e+02,1.370625536628845964e+02
6316,2.028960893904103102e+02,1.370204106835910238e+02
6317,2.028511858572640563e+02,1.369783521864826241e+02
6318,2.028063098745197124e+02,1.369363779864981723e+02
6319,2.027614613785319762e+02,1.368944878990146208e+02
6320,2.027166403058271840e+02,1.368526817398446269e+02
6321,2.026718465931030551e+02,1.368109593252374054e+02
6322,2.026270801772274410e+02,1.367693204718752895e+02
6323,2.025823409952379848e+02,1.367277649968741002e+02
6324,2.025376289843424331e+02,1.366862927177814413e+02
6325,2.024929440819166757e+02,1.366449034525755906e+02
6326,2.024482862255055409e+02,1.366035970196644485e+02
6327,2.024036553528214313e+02,1.365623732378844295e+02
6328,2.023590514017442956e+02,1.365212319264992118e+02
6329,2.023144743103207190e+02,1.364801729051986285e+02
6330,2.022699240167636390e+02,1.364391959940975312e+02
6331,2.022254004594517767e+02,1.363983010137348515e+02
6332,2.021809035769291540e+02,1.363574877850721805e+02
6333,2.021364333079044400e+02,1.363167561294928589e+02
6334,2.020919895912508935e+02,1.362761058688010394e+02
6335,2.020475723660050846e+02,1.362355368252196683e+02
6336,2.020031815713668948e+02,1.361950488213907704e+02
6337,2.019588171466993458e+02,1.361546416803735724e+02
6338,2.019144790315270086e+02,1.361143152256430540e+02
6339,2.018701671655368557e+02,1.360740692810894359e+02
6340,2.018258814885765275e+02,1.360339036710172707e+02
6341,2.017816219406548157e+02,1.359938182201434813e+02
6342,2.017373884619404976e+02,1.359538127535972478e+02
6343,2.016931809927619668e+02,1.359138870969181880e+02
6344,2.016489994736072333e+02,1.358740410760555335e+02
6345,2.016048438451227582e+02,1.358342745173673904e+02
6346,2.015607140481135389e+02,1.357945872476192903e+02
6347,2.015166100235419719e+02,1.357549790939831666e+02
6348,2.014725317125281379e+02,1.357154498840361896e+02
6349,2.014284790563484933e+02,1.356759994457599134e+02
6350,2.013844519964362121e+02,1.356366276075394239e+02
6351,2.013404504743801624e+02,1.355973341981617750e+02
6352,2.012964744319245369e+02,1.355581190468150226e+02
6353,2.012525238109685404e+02,1.355189819830879117e+02
6354,2.012085985535656221e+02,1.354799228369676882e+02
6355,2.011646986019232770e+02,1.354409414388397579e+02
6356,2.011208238984024774e+02,1.354020376194869471e+02
6357,2.010769743855171043e+02,1.353632112100873996e+02
6358,2.010331500059336634e+02,1.353244620422146340e+02
6359,2.009893507024707162e+02,1.352857899478359514e+02
6360,2.009455764180983977e+02,1.352471947593117250e+02
6361,2.009018270959378469e+02,1.352086763093936383e+02
6362,2.008581026792612079e+02,1.351702344312251682e+02
6363,2.008144031114903498e+02,1.351318689583385719e+02
6364,2.007707283361974930e+02,1.350935797246556547e+02
6365,2.007270782971037022e+02,1.350553665644856096e+02
6366,2.006834529380789149e+02,1.350172293125250178e+02
6367,2.006398522031416860e+02,1.349791678038557166e+02
6368,2.005962760364583062e+02,1.349411818739446005e+02
6369,2.005527243823426318e+02,1.349032713586423995e+02
6370,2.005091971852556014e+02,1.348654360941824564e+02
6371,2.004656943898046109e+02,1.348276759171802155e+02
6372,2.004222159407433423e+02,1.347899906646321142e+02
6373,2.003787617829710541e+02,1.347523801739139913e+02
6374,2.003353318615322394e+02,1.347148442827808310e+02
6375,2.002919261216163420e+02,1.346773828293656550e+02
6376,2.002485445085571598e+02,1.346399956521784418e+02
6377,2.002051869678322475e+02,1.346026825901047062e+02
6378,2.001618534450629738e+02,1.345654434824054704e+02
6379,2.001185438860134411e+02,1.345282781687157581e+02
6380,2.000752582365904004e+02,1.344911864890434572e+02
6381,2.000319964428433650e+02,1.344541682837687802e+02
6382,1.999887584509626492e+02,1.344172233936428711e+02
6383,1.999455442072807898e+02,1.343803516597873795e+02
6384,1.999023536582707834e+02,1.343435529236931814e+02
6385,1.998591867505460868e+02,1.343068270272190148e+02
6386,1.998160434308605886e+02,1.342701738125917927e+02
6387,1.997729236461075004e+02,1.342335931224044998e+02
6388,1.997298273433190445e+02,1.341970847996153680e+02
6389,1.996867544696668801e+02,1.341606486875475639e+02
6390,1.996437049724604833e+02,1.341242846298878533e+02
6391,1.996006787991474596e+02,1.340879924706855206e+02
6392,1.995576758973131462e+02,1.340517720543516020e+02
6393,1.995146962146797307e+02,1.340156232256585440e+02
6394,1.994717396991061094e+02,1.339795458297380151e+02
6395,1.994288062985879435e+02,1.339435397120812468e+02
6396,1.993858959612561534e+02,1.339076047185371579e+02
6397,1.993430086353775721e+02,1.338717406953123827e+02
6398,1.993001442693539786e+02,1.338359474889692251e+02
6399,1.992573028117218428e+02,1.338002249464259705e+02
6400,1.992144842111520404e+02,1.337645729149550675e+02
6401,1.991716884164488874e+02,1.337289912421825875e+02
6402,1.991289153765507649e+02,1.336934797760872584e+02
6403,1.990861650405285559e+02,1.336580383649997259e+02
6404,1.990434373575862992e+02,1.336226668576014731e+02
6405,1.990007322770598250e+02,1.335873651029238545e+02
6406,1.989580497484172668e+02,1.335521329503475840e+02
6407,1.989153897212580659e+02,1.335169702496012860e+02
6408,1.988727521453125462e+02,1.334818768507614379e+02
6409,1.988301369704421973e+02,1.334468526042504095e+02
6410,1.987875441466383108e+02,1.334118973608366900e+02
6411,1.987449736240223501e+02,1.333770109716331547e+02
6412,1.987024253528453244e+02,1.333421932880968086e+02
6413,1.986598992834872774e+02,1.333074441620271671e+02
6414,1.986173953664571457e+02,1.332727634455663122e+02
6415,1.985749135523920188e+02,1.332381509911976423e+02
6416,1.985324537920572254e+02,1.332036066517445363e+02
6417,1.984900160363456507e+02,1.331691302803702399e+02
6418,1.984476002362769691e+02,1.331347217305765582e+02
6419,1.984052063429983832e+02,1.331003808562031452e+02
6420,1.983628343077832596e+02,1.330661075114266509e+02
6421,1.983204840820309585e+02,1.330319015507598408e+02
6422,1.982781556172666058e+02,1.329977628290505436e+02
6423,1.982358488651408663e+02,1.329636912014817653e+02
6424,1.981935637774290342e+02,1.329296865235692451e+02
6425,1.981513003060313736e+02,1.328957486511618526e+02
6426,1.981090584029721526e+02,1.328618774404405656e+02
6427,1.980668380203996151e+02,1.328280727479171901e+02
6428,1.980246391105854684e+02,1.327943344304340201e+02
6429,1.979824616259242305e+02,1.327606623451623022e+02
6430,1.979403055189340250e+02,1.327270563496028331e+02
6431,1.978981707422543934e+02,1.326935163015831165e+02
6432,1.978560572486476872e+02,1.326600420592583873e+02
6433,1.978139649909973627e+02,1.326266334811099057e+02
6434,1.977718939223087204e+02,1.325932904259440477e+02
6435,1.977298439957075971e+02,1.325600127528915664e+02
6436,1.976878151644404795e+02,1.325268003214076202e+02
6437,1.976458052177262061e+02,1.325110968835047913e+02
6438,1.976038038515883670e+02,1.325002675743881468e+02
6439,1.975618093478565811e+02,1.324894538782264419e+02
6440,1.975198216960796458e+02,1.324786557579832333e+02
6441,1.974778408858326770e+02,1.324678731767736792e+02
6442,1.974358669067163703e+02,1.324571060978639707e+02
6443,1.973938997483571711e+02,1.324463544846706782e+02
6444,1.973519394004069625e+02,1.324356183007593586e+02
6445,1.973099858525432069e+02,1.324248975098441576e+02
6446,1.972680390944685769e+02,1.324141920757869855e+02
6447,1.972260991159112677e+02,1.324035019625966072e+02
6448,1.971841659066241448e+02,1.323928271344277334e+02
6449,1.971422394563854539e+02,1.323821675555805939e+02
6450,1.971003197549983099e+02,1.323715231904997438e+02
6451,1.970584067922903841e+02,1.323608940037734101e+02
6452,1.970165005581145010e+02,1.323502799601328093e+02
6453,1.969746010423480129e+02,1.323396810244514938e+02
6454,1.969327082348922886e+02,1.323290971617441301e+02
6455,1.968908221256737932e+02,1.323185283371661285e+02
6456,1.968489431927672229e+02,1.323029292541378084e+02
6457,1.968070749484423345e+02,1.322841459913035180e+02
6458,1.967652185872371717e+02,1.322653921926980729e+02
6459,1.967233740888331965e+02,1.322466677847092171e+02
6460,1.966815414329662417e+02,1.322279726940237481e+02
6461,1.966397205994261981e+02,1.322093068476253848e+02
6462,1.965979115680571283e+02,1.321906701727934319e+02
6463,1.965561143187568405e+02,1.321720625971015295e+02
6464,1.965143288314766039e+02,1.321534840484158622e+02
6465,1.964725550862211776e+02,1.321349344548933971e+02
6466,1.964307930630483554e+02,1.321164137449802922e+02
6467,1.963890427420685114e+02,1.320979218474111008e+02
6468,1.963473041034451398e+02,1.320794586912062414e+02
6469,1.963055771273939456e+02,1.320610242056709467e+02
6470,1.962638617941828443e+02,1.320426183203944390e+02
6471,1.962221580841319053e+02,1.320242409652469746e+02
6472,1.961804659776127835e+02,1.320058920703794740e+02
6473,1.961387854550490033e+02,1.319875715662213622e+02
6474,1.960971164969150209e+02,1.319692793834800000e+02
6475,1.960554590837369631e+02,1.319510154531380692e+02
6476,1.960138131960916894e+02,1.319327797064532604e+02
6477,1.959721788146066217e+02,1.319145720749554300e+02
6478,1.959305559199599713e+02,1.318963924904466580e+02
6479,1.958889444928802277e+02,1.318782408849991441e+02
6480,1.958473445141458740e+02,1.318601171909535594e+02
6481,1.958057559645855576e+02,1.318420213409175119e+02
6482,1.957641788250773800e+02,1.318239532677651766e+02
6483,1.957226130765491234e+02,1.318059129046344538e+02
6484,1.956810586999777684e+02,1.317879001849271106e+02
6485,1.956395156763894931e+02,1.317699150423058825e+02
6486,1.955979839868594183e+02,1.317519574106941036e+02
6487,1.955564636125112941e+02,1.317340272242743140e+02
6488,1.955149545345175284e+02,1.317161244174863839e+02
6489,1.954734567340987326e+02,1.316982489250264621e+02
6490,1.954319701925235790e+02,1.316804006818454411e+02
6491,1.953904948911089434e+02,1.316625796231478773e+02
6492,1.953490308112191940e+02,1.316447856843911097e+02
6493,1.953075779342663907e+02,1.316270188012824178e+02
6494,1.952661362417099724e+02,1.316092789097794764e+02
6495,1.952247057150564160e+02,1.315915659460877691e+02
6496,1.951832863358592078e+02,1.315738798466602475e+02
6497,1.951418780857187585e+02,1.315562205481951992e+02
6498,1.951004809462821754e+02,1.315385879876354807e+02
6499,1.950590948992427514e+02,1.315209821021674088e+02
6500,1.950177199263400212e+02,1.315034028292184871e+02
6501,1.949763560093597903e+02,1.314858501064575762e+02
6502,1.949350031301335946e+02,1.314683238717926770e+02
6503,1.948936612705387859e+02,1.314508240633700780e+02
6504,1.948523304124979632e+02,1.314333506195724226e+02
6505,1.948110105379794561e+02,1.314159034790187661e+02
6506,1.947697016289965006e+02,1.313984825805623302e+02
6507,1.947284036676073526e+02,1.313810878632895651e+02
6508,1.946871166359150322e+02,1.313637192665188707e+02
6509,1.946458405160673237e+02,1.313463767297998288e+02
6510,1.946045752902562924e+02,1.313290601929112142e+02
6511,1.945633209407184836e+02,1.313117695958605395e+02
6512,1.945220774497343257e+02,1.312945048788826625e+02
6513,1.944808447996284713e+02,1.312772659824384789e+02
6514,1.944396229727689160e+02,1.312600528472135579e+02
6515,1.943984119515676809e+02,1.312428654141178015e+02
6516,1.943572117184799311e+02,1.312257036242831418e+02
6517,1.943160222560042598e+02,1.312085674190634847e+02
6518,1.942748435466822343e+02,1.311914567400328337e+02
6519,1.942336755730983100e+02,1.311743715289846364e+02
6520,1.941925183178799728e+02,1.311573117279302494e+02
6521,1.941513717636967442e+02,1.311402772790976599e+02
6522,1.941102358932613186e+02,1.311232681249315988e+02
6523,1.940691106893278572e+02,1.311062842080906989e+02
6524,1.940279961346933248e+02,1.310893254714477223e+02
6525,1.939868922121964090e+02,1.310723918580879683e+02
6526,1.939457989047170372e+02,1.310554833113078814e+02
6527,1.939047161951777696e+02,1.310385997746147950e+02
6528,1.938636440665415819e+02,1.310217411917247716e+02
6529,1.938225825018134003e+02,1.310049075065627733e+02
6530,1.937815314840393341e+02,1.309880986632605300e+02
6531,1.937404909963060504e+02,1.309713146061560280e+02
6532,1.936994610217410582e+02,1.309545552797922312e+02
6533,1.936584415435133053e+02,1.309378206289166258e+02
6534,1.936174325448313311e+02,1.309211105984788333e+02
6535,1.935764340089444886e+02,1.309044251336312072e+02
6536,1.935354459191423757e+02,1.308877641797269291e+02
6537,1.934944682587543525e+02,1.308711276823188712e+02
6538,1.934535010111501663e+02,1.308545155871587724e+02
6539,1.934125441597389568e+02,1.308379278401967838e+02
6540,1.933715976879695120e+02,1.308213643875794787e+02
6541,1.933306615793302115e+02,1.308048251756495972e+02
6542,1.932897358173487703e+02,1.307883101509445396e+02
6543,1.932488203855918698e+02,1.307718192601959686e+02
6544,1.932079152676653564e+02,1.307553524503283597e+02
6545,1.931670204472140142e+02,1.307389096684582057e+02
6546,1.931261359079213946e+02,1.307224908618930783e+02
6547,1.930852616335091341e+02,1.307060959781303779e+02
6548,1.930443976077382331e+02,1.306897249648570494e+02
6549,1.930035438144070952e+02,1.306733777699477628e+02
6550,1.929627002373528057e+02,1.306570543414644590e+02
6551,1.929218668604502795e+02,1.306407546276558094e+02
6552,1.928810436676124027e+02,1.306244785769551413e+02
6553,1.928402306427896917e+02,1.306082261379806084e+02
6554,1.927994277699702934e+02,1.305919972595339686e+02
6555,1.927586350331800134e+02,1.305757918905991914e+02
6556,1.927178524164816054e+02,1.305596099803421168e+02
6557,1.926770799039753115e+02,1.305434514781094038e+02
6558,1.926363174797984357e+02,1.305273163334272795e+02
6559,1.925955651281248038e+02,1.305112044960011985e+02
6560,1.925548228331655025e+02,1.304951159157145071e+02
6561,1.925140905791679984e+02,1.304790505426280163e+02
6562,1.924733683504165640e+02,1.304630083269783256e+02
6563,1.924326561312311412e+02,1.304469892191779365e+02
6564,1.923919539059688475e+02,1.304309931698136893e+02
6565,1.923512616590221569e+02,1.304150201296458249e+02
6566,1.923105793748200654e+02,1.303990700496080990e+02
6567,1.922699071788445622e+02,1.303816327438216263e+02
6568,1.922292461086910009e+02,1.303632074400705960e+02
6569,1.921885965265764185e+02,1.303448068652333234e+02
6570,1.921479584154650695e+02,1.303264309696193948e+02
6571,1.921073317583591518e+02,1.303080797037141565e+02
6572,1.920667165382979249e+02,1.302897530181785157e+02
6573,1.920261127383577673e+02,1.302714508638464395e+02
6574,1.919855203416522613e+02,1.302531731917257218e+02
6575,1.919449393313318524e+02,1.302349199529966768e+02
6576,1.919043696905839624e+02,1.302166910990102906e+02
6577,1.918638114026324217e+02,1.301984865812884777e+02
6578,1.918232644507380371e+02,1.301803063515229439e+02
6579,1.917827288181973984e+02,1.301621503615739641e+02
6580,1.917422044883438730e+02,1.301440185634697571e+02
6581,1.917016914445468103e+02,1.301259109094057465e+02
6582,1.916611896702117690e+02,1.301078273517435662e+02
6583,1.916206991487798916e+02,1.300897678430103781e+02
6584,1.915802198637281606e+02,1.300717323358975648e+02
6585,1.915397517985694549e+02,1.300537207832606725e+02
6586,1.914992949368518680e+02,1.300357331381177630e+02
6587,1.914588492621591627e+02,1.300177693536493848e+02
6588,1.914184147581098898e+02,1.299998293831968112e+02
6589,1.913779914083584401e+02,1.299819131802624952e+02
6590,1.913375791965935946e+02,1.299640206985077953e+02
6591,1.912971781065392349e+02,1.299461518917534590e+02
6592,1.912567881219542016e+02,1.299283067139780030e+02
6593,1.912164092266318107e+02,1.299104851193172010e+02
6594,1.911760414043999106e+02,1.298926870620635725e+02
6595,1.911356846391206261e+02,1.298749124966647344e+02
6596,1.910953389146908421e+02,1.298571613777239406e+02
6597,1.910550042150409240e+02,1.298394336599978942e+02
6598,1.910146805241357413e+02,1.298217292983969742e+02
6599,1.909743678259741557e+02,1.298040482479843263e+02
6600,1.909340661045884247e+02,1.297863904639743566e+02
6601,1.908937753440449967e+02,1.297687559017331864e+02
6602,1.908534955284435455e+02,1.297511445167767477e+02
6603,1.908132266419173391e+02,1.297335562647705842e+02
6604,1.907729686698099272e+02,1.297159251247524310e+02
6605,1.907327217239235324e+02,1.296978093310000588e+02
6606,1.906924860155799024e+02,1.296797169648970680e+02
6607,1.906522615286824305e+02,1.296616479807277074e+02
6608,1.906120482471694686e+02,1.296436023329338809e+02
6609,1.905718461550136738e+02,1.296255799761138690e+02
6610,1.905316552362216100e+02,1.296075808650223280e+02
6611,1.904914754748338908e+02,1.295896049545682445e+02
6612,1.904513068549253205e+02,1.295716521998157589e+02
6613,1.904111493606042700e+02,1.295537225559820911e+02
6614,1.903710029760128464e+02,1.295358159784371423e+02
6615,1.903308676853269787e+02,1.295179324227031543e+02
6616,1.902907434727556790e+02,1.295000718444535153e+02
6617,1.902506303225414968e+02,1.294822341995120212e+02
6618,1.902105282189602349e+02,1.294644194438524494e+02
6619,1.901704371463208361e+02,1.294466275335973648e+02
6620,1.901303570889649563e+02,1.294288584250174949e+02
6621,1.900902880312674768e+02,1.294111120745313883e+02
6622,1.900502299576358780e+02,1.293933884387043918e+02
6623,1.900101828525103826e+02,1.293756874742475986e+02
6624,1.899701467003637276e+02,1.293580091380177919e+02
6625,1.899301214857009938e+02,1.293403533870161368e+02
6626,1.898901071930596345e+02,1.293227201783878968e+02
6627,1.898501038070094467e+02,1.293051094694213816e+02
6628,1.898101113121520598e+02,1.292875212175472939e+02
6629,1.897701296931213619e+02,1.292699553803384731e+02
6630,1.897301589345829598e+02,1.292524119155085032e+02
6631,1.896901990212342071e+02,1.292348907809116270e+02
6632,1.896502499378043467e+02,1.292173919345415243e+02
6633,1.896103116690539707e+02,1.291999153345310276e+02
6634,1.895703841997750771e+02,1.291824609391511274e+02
6635,1.895304675147912690e+02,1.291650287068109719e+02
6636,1.894905615989571004e+02,1.291476185960560201e+02
6637,1.894506664371583895e+02,1.291302305655681835e+02
6638,1.894107820143120477e+02,1.291128645741655703e+02
6639,1.893709083153655968e+02,1.290955205808003541e+02
6640,1.893310453252979642e+02,1.290781985445597684e+02
6641,1.892911930291181477e+02,1.290608984246642024e+02
6642,1.892513514118661533e+02,1.290436201804674283e+02
6643,1.892115204586125117e+02,1.290263637714554079e+02
6644,1.891717001544579091e+02,1.290091291572454395e+02
6645,1.891318904845334430e+02,1.289919162975866413e+02
6646,1.890920914340006505e+02,1.289747251523578200e+02
6647,1.890523029880507409e+02,1.289575556815680955e+02
6648,1.890125251319051927e+02,1.289404078453553382e+02
6649,1.889727578508155545e+02,1.289232816039862541e+02
6650,1.889330008926891082e+02,1.289077765634319235e+02
6651,1.888932534748229273e+02,1.288923557370724495e+02
6652,1.888535155630299585e+02,1.288769566719642796e+02
6653,1.888137871427634877e+02,1.288615793222683124e+02
6654,1.887740681995096281e+02,1.288462236423013962e+02
6655,1.887343587187876892e+02,1.288308895865360455e+02
6656,1.886946586861498076e+02,1.288155771095991895e+02
6657,1.886549680871806629e+02,1.288002861662716043e+02
6658,1.886152869074974774e+02,1.287850167114872022e+02
6659,1.885756151327501584e+02,1.287697687003323210e+02
6660,1.885359527486208151e+02,1.287545420880449285e+02
6661,1.884962997408237300e+02,1.287393368300137411e+02
6662,1.884566560951054441e+02,1.287241528817779965e+02
6663,1.884170217972445016e+02,1.287089901990261467e+02
6664,1.883773968330512218e+02,1.286938487375953173e+02
6665,1.883377811883677850e+02,1.286787284534709670e+02
6666,1.882981748490682321e+02,1.286636293027856368e+02
6667,1.882585778010578679e+02,1.286485512418186374e+02
6668,1.882189900302735737e+02,1.286334942269949693e+02
6669,1.881794115226836936e+02,1.286184582148851803e+02
6670,1.881398422642877790e+02,1.286034431622041438e+02
6671,1.881002822411163322e+02,1.285884490258105188e+02
6672,1.880607314392310343e+02,1.285734757627061242e+02
6673,1.880211898447246028e+02,1.285585233300355128e+02
6674,1.879816574437203656e+02,1.285435916850847207e+02
6675,1.879421342223725730e+02,1.285286807852811251e+02
6676,1.879026201668658302e+02,1.285137905881923359e+02
6677,1.878631152634153239e+02,1.284989210515259401e+02
6678,1.878236194982667939e+02,1.284840721331286204e+02
6679,1.877841328576961644e+02,1.284692437909853595e+02
6680,1.877446553280094861e+02,1.284544359832191560e+02
6681,1.877051868955431075e+02,1.284396486680900580e+02
6682,1.876657275466630779e+02,1.284248818039945377e+02
6683,1.876262772677656301e+02,1.284101353494651505e+02
6684,1.875868360452763284e+02,1.283954092631693413e+02
6685,1.875474038656511198e+02,1.283807035039096718e+02
6686,1.875079807153747993e+02,1.283660180306220866e+02
6687,1.874685665809621469e+02,1.283513528023761410e+02
6688,1.874291614489572169e+02,1.283367077783741479e+02
6689,1.873897653059332811e+02,1.283220829179503255e+02
6690,1.873503781384926299e+02,1.283074781805704561e+02
6691,1.873109999332669418e+02,1.282928935258311185e+02
6692,1.872716306769168568e+02,1.282783289134590348e+02
6693,1.872322703561317212e+02,1.282637843033107572e+02
6694,1.871929189576298427e+02,1.282492596553717874e+02
6695,1.871535764681581213e+02,1.282347549297559226e+02
6696,1.871142428744921915e+02,1.282202700867048293e+02
6697,1.870749181634361378e+02,1.282058050865874463e+02
6698,1.870356023218222674e+02,1.281913598898991609e+02
6699,1.869962953365116505e+02,1.281769344572617513e+02
6700,1.869569971943930682e+02,1.281625287494221936e+02
6701,1.869177078823840077e+02,1.281481427272523490e+02
6702,1.868784273874294684e+02,1.281337763517483381e+02
6703,1.868391556965027007e+02,1.281194295840303141e+02
6704,1.867998927966046665e+02,1.281051023853409561e+02
6705,1.867606386747643512e+02,1.280907947170463217e+02
6706,1.867213933180380252e+02,1.280765065406336589e+02
6707,1.866821567135099826e+02,1.280622378177124006e+02
6708,1.866429288482916320e+02,1.280479885100123454e+02
6709,1.866037097095218940e+02,1.280337585793838855e+02
6710,1.865644992843672298e+02,1.280195479877972105e+02
6711,1.865252975600209595e+02,1.280053566973414263e+02
6712,1.864861045237039718e+02,1.279911846702247118e+02
6713,1.864469201626637584e+02,1.279770318687731816e+02
6714,1.864077444641750390e+02,1.279628982554306873e+02
6715,1.863685774155393631e+02,1.279487837927578511e+02
6716,1.863294190040851106e+02,1.279346884434321368e+02
6717,1.862902692171672641e+02,1.279206121702470256e+02
6718,1.862511280421675792e+02,1.279065549361110925e+02
6719,1.862119954664939030e+02,1.278925167040481625e+02
6720,1.861728714775812250e+02,1.278784974371964722e+02
6721,1.861337560628903418e+02,1.278644970988080019e+02
6722,1.860946536671360434e+02,1.278173396575624423e+02
6723,1.860555814170005533e+02,1.277656929175981020e+02
6724,1.860165407196123795e+02,1.277141747606347195e+02
6725,1.859775314837269775e+02,1.276627848089538020e+02
6726,1.859385536184250896e+02,1.276115226861750784e+02
6727,1.858996070331113515e+02,1.275603880172490392e+02
6728,1.858606916375129288e+02,1.275093804284526158e+02
6729,1.858218073416785785e+02,1.274584995473822033e+02
6730,1.857829540559762052e+02,1.274077450029485163e+02
6731,1.857441316910927185e+02,1.273571164253695400e+02
6732,1.857053401580315608e+02,1.273066134461663381e+02
6733,1.856665793681118828e+02,1.272562356981562175e+02
6734,1.856278492329672645e+02,1.272059828154473848e+02
6735,1.855891496645439531e+02,1.271558544334333192e+02
6736,1.855504805750998685e+02,1.271058501887861496e+02
6737,1.855118418772030964e+02,1.270559697194527189e+02
6738,1.854732334837304109e+02,1.270062126646472649e+02
6739,1.854346553078662794e+02,1.269565786648463899e+02
6740,1.853961072631011859e+02,1.269070673617847120e+02
6741,1.853575892632305226e+02,1.268576783984471916e+02
6742,1.853191012223533107e+02,1.268084114190649530e+02
6743,1.852806430548706089e+02,1.267592660691099979e+02
6744,1.852422154210398446e+02,1.267047605608857737e+02
6745,1.852038209931195922e+02,1.266497451330178734e+02
6746,1.851654598859408054e+02,1.265948451436662054e+02
6747,1.851271320151781481e+02,1.265400602784401656e+02
6748,1.850888372967874886e+02,1.264853902240851511e+02
6749,1.850505756470041661e+02,1.264308346684766491e+02
6750,1.850123469823421658e+02,1.263763933006161579e+02
6751,1.849741512195931818e+02,1.263220658106252756e+02
6752,1.849359882758245419e+02,1.262678518897396742e+02
6753,1.848978580683792075e+02,1.262137512303053626e+02
6754,1.848597605148734431e+02,1.261597635257722203e+02
6755,1.848216955331964755e+02,1.261058884706894929e+02
6756,1.847836630415091008e+02,1.260521257607009318e+02
6757,1.847456629582422920e+02,1.259984750925380297e+02
6758,1.847076952020963461e+02,1.259449361640169514e+02
6759,1.846697596920396620e+02,1.258915086740328491e+02
6760,1.846318563473073482e+02,1.258381923225538230e+02
6761,1.845939850874006538e+02,1.257849868106172551e+02
6762,1.845561458320852353e+02,1.257318918403236978e+02
6763,1.845183385013903319e+02,1.256789071148331516e+02
6764,1.844805630156078564e+02,1.256260323383590816e+02
6765,1.844428192952907182e+02,1.255732672161636714e+02
6766,1.844051072612523967e+02,1.255206114545539293e+02
6767,1.843674268345651512e+02,1.254680647608748671e+02
6768,1.843297779365595375e+02,1.254156268435069990e+02
6769,1.842921604888230149e+02,1.253632974118601595e+02
6770,1.842545744131989238e+02,1.253110761763684877e+02
6771,1.842170196317852628e+02,1.252589628484868882e+02
6772,1.841794960669341208e+02,1.252069571406852475e+02
6773,1.841420036412500565e+02,1.251550587664440854e+02
6774,1.841045422775889904e+02,1.251032674402501925e+02
6775,1.840671126177942938e+02,1.250462069196544235e+02
6776,1.840297172617899548e+02,1.249886269097425071e+02
6777,1.839923563219260529e+02,1.249311723627403978e+02
6778,1.839550297074310095e+02,1.248738429287149074e+02
6779,1.839177373278450318e+02,1.248166382589571128e+02
6780,1.838804790930197441e+02,1.247595580059766149e+02
6781,1.838432549131160272e+02,1.247026018234960816e+02
6782,1.838060646986027677e+02,1.246457693664463164e+02
6783,1.837689083602559776e+02,1.245890602909596936e+02
6784,1.837317858091573726e+02,1.245324742543680827e+02
6785,1.836946969566924395e+02,1.244760109151930720e+02
6786,1.836576417145499818e+02,1.244196699331447746e+02
6787,1.836206199947204425e+02,1.243634509691146519e+02
6788,1.835836317094944263e+02,1.243073536851712220e+02
6789,1.835466767714618186e+02,1.242513777445539347e+02
6790,1.835097550935104209e+02,1.241955228116697612e+02
6791,1.834728665888245018e+02,1.241397885520860314e+02
6792,1.834360111708836598e+02,1.240841746325275494e+02
6793,1.833991887534614875e+02,1.240286807208704403e+02
6794,1.833623992506243496e+02,1.239733064861360390e+02
6795,1.833256425767305871e+02,1.239180515984895834e+02
6796,1.832889186464283000e+02,1.238629157292304797e+02
6797,1.832522273746552059e+02,1.238078985507914211e+02
6798,1.832155686766366216e+02,1.237529997367322210e+02
6799,1.831789424678847809e+02,1.236982189617330903e+02
6800,1.831423486641971010e+02,1.236435559015929897e+02
6801,1.831057871816556997e+02,1.235890102332223677e+02
6802,1.830692579366253483e+02,1.235345816346398493e+02
6803,1.830327608457530744e+02,1.234802697849667084e+02
6804,1.829962958259663139e+02,1.234260743644225897e+02
6805,1.829598627944723432e+02,1.233719950543199957e+02
6806,1.829234616619594362e+02,1.233181642429266844e+02
6807,1.828870922251492175e+02,1.232646982145168266e+02
6808,1.828507543047967943e+02,1.232113468391939506e+02
6809,1.828144478197107219e+02,1.231581098012052280e+02
6810,1.827781726889732568e+02,1.231049867858862257e+02
6811,1.827419288319387078e+02,1.230519774796576229e+02
6812,1.827057159869535496e+02,1.230010158732713847e+02
6813,1.826695328520930843e+02,1.229512647366877189e+02
6814,1.826333789695735277e+02,1.229016170743247471e+02
6815,1.825972542667714720e+02,1.228520726077628922e+02
6816,1.825611586713008876e+02,1.228026310595478776e+02
6817,1.825250921110117304e+02,1.227532921531858392e+02
6818,1.824890545139892879e+02,1.227040556131392890e+02
6819,1.824530458085528721e+02,1.226549211648228663e+02
6820,1.824170659232550804e+02,1.226058885345990603e+02
6821,1.823811151874955669e+02,1.225528927691782997e+02
6822,1.823451959976759724e+02,1.224980219039829024e+02
6823,1.823093089524699906e+02,1.224432611279478920e+02
6824,1.822734539730448660e+02,1.223886101753898430e+02
6825,1.822376309808097119e+02,1.223340687815051524e+02
6826,1.822018398974147715e+02,1.222796366823636731e+02
6827,1.821660806447497407e+02,1.222253136149057298e+02
6828,1.821303531449437969e+02,1.221710993169382533e+02
6829,1.820946573203636660e+02,1.221169935271301199e+02
6830,1.820589930936134238e+02,1.220629959850079871e+02
6831,1.820233603875335007e+02,1.220091064309539064e+02
6832,1.819877591251988918e+02,1.219553246061982890e+02
6833,1.819521892299194974e+02,1.219016502528189250e+02
6834,1.819166506252381623e+02,1.218480831137353420e+02
6835,1.818811432349303345e+02,1.217946229327053373e+02
6836,1.818456669830029853e+02,1.217412694543208858e+02
6837,1.818102217936934721e+02,1.216880224240044868e+02
6838,1.817748075914692265e+02,1.216348815880055270e+02
6839,1.817394243010260482e+02,1.215818466933958035e+02
6840,1.817040718472879632e+02,1.215289174880658294e+02
6841,1.816687501554058031e+02,1.214760937207213800e+02
6842,1.816334591507565790e+02,1.214233751408797559e+02
6843,1.815981987589424023e+02,1.213707614988653631e+02
6844,1.815629689057900862e+02,1.213182525458069421e+02
6845,1.815277695173493555e+02,1.212658480336326505e+02
6846,1.814926005198932160e+02,1.212135477150680458e+02
6847,1.814574618399157373e+02,1.211613513436300167e+02
6848,1.814223534041322523e+02,1.211092586736259591e+02
6849,1.813872751394780209e+02,1.210572694601474382e+02
6850,1.813522269731075198e+02,1.210053834590687813e+02
6851,1.813172088323934759e+02,1.209536004270423604e+02
6852,1.812822206449259284e+02,1.209019201214943990e+02
6853,1.812472623385119164e+02,1.208503423006233106e+02
6854,1.812123338411740860e+02,1.207988667233948092e+02
6855,1.811774350811497811e+02,1.207474931495381441e+02
6856,1.811425659868908440e+02,1.206962213395431860e+02
6857,1.811077264870623083e+02,1.206450510546575430e+02
6858,1.810729165105415746e+02,1.205939820568820124e+02
6859,1.810381359864179274e+02,1.205430141089679239e+02
6860,1.810033848439913982e+02,1.204921469744129183e+02
6861,1.809686630127719127e+02,1.204413804174581344e+02
6862,1.809339704224790921e+02,1.203907142030852526e+02
6863,1.808993070030402635e+02,1.203401480970116069e+02
6864,1.808646726845912838e+02,1.202896818656891753e+02
6865,1.808300673974741812e+02,1.202393152762989956e+02
6866,1.807954910722373540e+02,1.201890480967493460e+02
6867,1.807609436396346894e+02,1.201388800956713254e+02
6868,1.807264250306239433e+02,1.200888110424168218e+02
6869,1.806919351763673092e+02,1.200388407070542911e+02
6870,1.806574740082295421e+02,1.199889688603661142e+02
6871,1.806230414577776457e+02,1.199391952738450442e+02
6872,1.805886374567802477e+02,1.198895197196913500e+02
6873,1.805542619372062347e+02,1.198399419708089937e+02
6874,1.805199148312246962e+02,1.197904618008032571e+02
6875,1.804855960712039860e+02,1.197410789839773884e+02
6876,1.804513055897104721e+02,1.196917932953287504e+02
6877,1.804170433195086218e+02,1.196426045105474429e+02
6878,1.803828091935593534e+02,1.195935124060105323e+02
6879,1.803486031450203200e+02,1.195445167587823789e+02
6880,1.803144251072439204e+02,1.194956173466085687e+02
6881,1.802802750137780379e+02,1.194468139479141939e+02
6882,1.802461527983638518e+02,1.193981063418010251e+02
6883,1.802120583949362072e+02,1.193494943080445978e+02
6884,1.801779917376221647e+02,1.193009776270897788e+02
6885,1.801439527607411151e+02,1.192525560800498994e+02
6886,1.801099413988029596e+02,1.192042294487023497e+02
6887,1.800759575865083377e+02,1.191559975154862201e+02
6888,1.800420012587474332e+02,1.191078600634991034e+02
6889,1.800080723505995479e+02,1.190598168764946934e+02
6890,1.799741707973320217e+02,1.190118677388790189e+02
6891,1.799402965344000620e+02,1.189640124357087529e+02
6892,1.799064494974456636e+02,1.189162507526872474e+02
6893,1.798726296222967278e+02,1.188685824761625014e+02
6894,1.798388368449671475e+02,1.188210073931239634e+02
6895,1.798050711016552157e+02,1.187735252911997321e+02
6896,1.797713323287437106e+02,1.187261359586541687e+02
6897,1.797376204627985885e+02,1.186788391843838468e+02
6898,1.797039354405687561e+02,1.186316347579169133e+02
6899,1.796702771989851044e+02,1.185845224694086397e+02
6900,1.796366456751602527e+02,1.185375021096393198e+02
6901,1.796030408063873267e+02,1.184905734700115119e+02
6902,1.795694625301396741e+02,1.184437363425472114e+02
6903,1.795359107840700972e+02,1.183969905198852928e+02
6904,1.795023855060101141e+02,1.183503357952793209e+02
6905,1.794688866339696744e+02,1.183037719625936575e+02
6906,1.794354141061360224e+02,1.182572988163020966e+02
6907,1.794019678608732136e+02,1.182109161514847671e+02
6908,1.793685478367217740e+02,1.181646237638249488e+02
6909,1.793351539723974781e+02,1.181184214496079221e+02
6910,1.793017862067912915e+02,1.180723090057168037e+02
6911,1.792684444789682914e+02,1.180262862296307276e+02
6912,1.792351287281674672e+02,1.179803529194228702e+02
6913,1.792018388938006694e+02,1.179345088737568830e+02
6914,1.791685749154524387e+02,1.178887538918846900e+02
6915,1.791353367328786987e+02,1.178430877736442284e+02
6916,1.791021242860066991e+02,1.177975103194569328e+02
6917,1.790689375149345608e+02,1.177520213303252490e+02
6918,1.790357763599300540e+02,1.177066206078294073e+02
6919,1.790026407614301718e+02,1.176613079541265847e+02
6920,1.789695306600410731e+02,1.176160831719468973e+02
6921,1.789364459965366052e+02,1.175709460645917801e+02
6922,1.789033867118584453e+02,1.175258964359317275e+02
6923,1.788703527471150494e+02,1.174809340904031245e+02
6924,1.788373440435812824e+02,1.174360588330063280e+02
6925,1.788043605426975944e+02,1.173912704693037199e+02
6926,1.787714021860697073e+02,1.173465688054164247e+02
6927,1.787384689154679620e+02,1.173019536480230300e+02
6928,1.787055606728264934e+02,1.172574248043561198e+02
6929,1.786726774002428328e+02,1.172129820822010373e+02
6930,1.786398190399775388e+02,1.171686252898923470e+02
6931,1.786069855344532584e+02,1.171243542363136214e+02
6932,1.785741768262541598e+02,1.170801687308919554e+02
6933,1.785413928581257608e+02,1.170360685835995440e+02
6934,1.785086335729738494e+02,1.169920536049476283e+02
6935,1.784758989138642562e+02,1.169481236059874050e+02
6936,1.784431888240222008e+02,1.169042783983062606e+02
6937,1.784105032468317802e+02,1.168605177940250002e+02
6938,1.783778421258351727e+02,1.168168416057969949e+02
6939,1.783452054047325248e+02,1.167732496468053256e+02
6940,1.783125930273808706e+02,1.167297417307608214e+02
6941,1.782800049377939047e+02,1.166863176718998858e+02
6942,1.782474410801414137e+02,1.166429772849811712e+02
6943,1.782149013987487365e+02,1.165997203852856785e+02
6944,1.781823858380960814e+02,1.165565467886132467e+02
6945,1.781498943428179587e+02,1.165134563112796826e+02
6946,1.781174274999376337e+02,1.164571602143992237e+02
6947,1.780849967032922336e+02,1.163760099096317049e+02
6948,1.780526110566759144e+02,1.162951417468648998e+02
6949,1.780202703718681221e+02,1.162145544357266260e+02
6950,1.779879744616913797e+02,1.161342466926463288e+02
6951,1.779557231400043236e+02,1.160542172408182608e+02
6952,1.779235162216952801e+02,1.159744648101667224e+02
6953,1.778913535226752174e+02,1.158949881373088289e+02
6954,1.778592348598707531e+02,1.158157859655201918e+02
6955,1.778271600512179305e+02,1.157368570446982403e+02
6956,1.777951289156554253e+02,1.156582001313273480e+02
6957,1.777631412731176681e+02,1.155798139884430498e+02
6958,1.777311969445287048e+02,1.155016973855979927e+02
6959,1.776992957517954608e+02,1.154238490988262953e+02
6960,1.776674375178012042e+02,1.153462679106088729e+02
6961,1.776356220663995771e+02,1.152689526098384647e+02
6962,1.776038492224075185e+02,1.151919019917870770e+02
6963,1.775721188115999212e+02,1.151151148580683099e+02
6964,1.775404306607020430e+02,1.150385900166068041e+02
6965,1.775087845973849028e+02,1.149623262816022873e+02
6966,1.774771804502574071e+02,1.148863224734962074e+02
6967,1.774456180488619168e+02,1.148105774189387063e+02
6968,1.774140972236666869e+02,1.147350899507535757e+02
6969,1.773826178060606367e+02,1.146598589079072354e+02
6970,1.773511796283470687e+02,1.145848831354734045e+02
6971,1.773197825237381267e+02,1.145101614846019515e+02
6972,1.772884263263481159e+02,1.144356928124844615e+02
6973,1.772571108711883880e+02,1.143614759823227303e+02
6974,1.772258359941610024e+02,1.142875098632956110e+02
6975,1.771946015320534684e+02,1.142137933305274231e+02
6976,1.771634073225320662e+02,1.141403252650543578e+02
6977,1.771322532041374131e+02,1.140671045537942661e+02
6978,1.771011390162777275e+02,1.139941300895124954e+02
6979,1.770700645992237980e+02,1.139214007707925447e+02
6980,1.770390297941030155e+02,1.138489155020031234e+02
6981,1.770080344428944557e+02,1.137766731932670012e+02
6982,1.769770783884225125e+02,1.137046727604289487e+02
6983,1.769461614743522375e+02,1.136329131250265050e+02
6984,1.769152835451832857e+02,1.135613932142569524e+02
6985,1.768844444462451406e+02,1.134901119609482549e+02
6986,1.768536440236911176e+02,1.134190683035265295e+02
6987,1.768228821244939297e+02,1.133482611859873117e+02
6988,1.767921585964390658e+02,1.132776895578642069e+02
6989,1.767614732881212376e+02,1.132073523741986776e+02
6990,1.767308260489378711e+02,1.131372485955103855e+02
6991,1.767002167290843886e+02,1.130673771877662404e+02
6992,1.766696451795494909e+02,1.129977371223534419e+02
6993,1.766391112521092737e+02,1.129283273760454023e+02
6994,1.766086147993228224e+02,1.128591469309761095e+02
6995,1.765781556745271246e+02,1.127901947746091764e+02
6996,1.765477337318318121e+02,1.127214698997086657e+02
6997,1.765173488261144428e+02,1.126529713043104692e+02
6998,1.764870008130154417e+02,1.125846979916927637e+02
6999,1.764566895489336105e+02,1.125166489703484558e+02
7000,1.764264148910207552e+02,1.124488232539546289e+02
7001,1.763961766971772533e+02,1.123812198613466364e+02
7002,1.763659748260473350e+02,1.123138378164873501e+02
7003,1.763358091370139391e+02,1.122466761484402298e+02
7004,1.763056794901945636e+02,1.121797338913412574e+02
7005,1.762755857464361497e+02,1.121130100843711546e+02
7006,1.762455277673108185e+02,1.120465037717271173e+02
7007,1.762155054151110392e+02,1.119802140025949484e+02
7008,1.761855185528450818e+02,1.119141398311223838e+02
7009,1.761555670442325265e+02,1.118482803163919641e+02
7010,1.761256507536999152e+02,1.117826345223933941e+02
7011,1.760957695463759762e+02,1.117172015179949369e+02
7012,1.760659232880875038e+02,1.116519803769197807e+02
7013,1.760361118453547249e+02,1.115869701777165091e+02
7014,1.760063350853869508e+02,1.115221700037334784e+02
7015,1.759765928760785130e+02,1.114575789430929547e+02
7016,1.759468850860042437e+02,1.113931960886631742e+02
7017,1.759172115844147015e+02,1.113290205380332480e+02
7018,1.758875722412332152e+02,1.112650513934875960e+02
7019,1.758579669270503132e+02,1.112012877619780511e+02
7020,1.758283955131201424e+02,1.111377287551000990e+02
7021,1.757988578713563754e+02,1.110743734890657919e+02
7022,1.757693538743280328e+02,1.110112210846786667e+02
7023,1.757398833952551627e+02,1.109482706673086341e+02
7024,1.757104463080050607e+02,1.108855213668665129e+02
7025,1.756810424870879217e+02,1.108229723177783512e+02
7026,1.756516718076532300e+02,1.107606226589609975e+02
7027,1.756223341454851550e+02,1.106984715337967486e+02
7028,1.755930293769993966e+02,1.106365180901091065e+02
7029,1.755637573792386377e+02,1.105747614801382355e+02
7030,1.755345180298686785e+02,1.105132008605154113e+02
7031,1.755053112071750547e+02,1.104518353922394311e+02
7032,1.754761367900587175e+02,1.103906642406524696e+02
7033,1.754469946580321107e+02,1.103296865754156642e+02
7034,1.754178846912160736e+02,1.102689015704854256e+02
7035,1.753888067703352078e+02,1.102083084040886689e+02
7036,1.753597607767147224e+02,1.101479062587004591e+02
7037,1.753307465922767676e+02,1.100876943210193275e+02
7038,1.753017640995358875e+02,1.100276717819439369e+02
7039,1.752728131815966606e+02,1.099678378365503590e+02
7040,1.752438937221492097e+02,1.099081916840679014e+02
7041,1.752150056054655636e+02,1.098487325278567255e+02
7042,1.751861487163964171e+02,1.097894595753843134e+02
7043,1.751573229403673793e+02,1.097303720382035124e+02
7044,1.751285281633757620e+02,1.096714691319281485e+02
7045,1.750997642719864302e+02,1.096127500762120093e+02
7046,1.750710311533289030e+02,1.095542140947257792e+02
7047,1.750423286950936870e+02,1.094958604151342172e+02
7048,1.750136567855286103e+02,1.094376882690741724e+02
7049,1.749850153134359800e+02,1.093796968921329409e+02
7050,1.749564041681682909e+02,1.093218855238252587e+02
7051,1.749278232396262069e+02,1.092642534075722978e+02
7052,1.748992724182535881e+02,1.092067997906796393e+02
7053,1.748707515950355571e+02,1.091495239243150621e+02
7054,1.748422606614942083e+02,1.090924250634874397e+02
7055,1.748137995096863335e+02,1.090355024670253954e+02
7056,1.747853680321988463e+02,1.089787553975557586e+02
7057,1.747569661221469914e+02,1.089221831214824192e+02
7058,1.747285936731701668e+02,1.088657849089652387e+02
7059,1.747002505794289391e+02,1.088095600338988618e+02
7060,1.746719367356021735e+02,1.087535077738926077e+02
7061,1.746436520368833953e+02,1.086976274102482449e+02
7062,1.746153963789783745e+02,1.086419182279411899e+02
7063,1.745871696581011747e+02,1.085863795155980966e+02
7064,1.745589717709719935e+02,1.085310105654785531e+02
7065,1.745308026148130978e+02,1.084758106734522300e+02
7066,1.745026620873468346e+02,1.084207791389815014e+02
7067,1.744745500867917087e+02,1.083659152650989341e+02
7068,1.744464665118600522e+02,1.083112183583883734e+02
7069,1.744184112617546987e+02,1.082566877289656304e+02
7070,1.743903842361661418e+02,1.082023226904577626e+02
7071,1.743623853352693800e+02,1.081481225599828946e+02
7072,1.743344144597218133e+02,1.080940866581336479e+02
7073,1.743064715106590370e+02,1.080402143089532814e+02
7074,1.742785563896930228e+02,1.079865048399205421e+02
7075,1.742506689989089637e+02,1.079329575819272407e+02
7076,1.742228092408623752e+02,1.078795718692617953e+02
7077,1.741949770185763953e+02,1.078263470395879011e+02
7078,1.741671722355386009e+02,1.077732824339272071e+02
7079,1.741393947956991042e+02,1.077203773966398046e+02
7080,1.741116446034666865e+02,1.076676312754058955e+02
7081,1.740839215637069515e+02,1.076150434212066074e+02
7082,1.740562255817390565e+02,1.075626131883065568e+02
7083,1.740285565633334954e+02,1.075103399342341675e+02
7084,1.740009144147091149e+02,1.074582230197646027e+02
7085,1.739732990425301011e+02,1.074062618089006804e+02
7086,1.739457103539043601e+02,1.073544556688559766e+02
7087,1.739181482563797658e+02,1.073028039700343044e+02
7088,1.738906126579423983e+02,1.072513060860154326e+02
7089,1.738631034670132181e+02,1.071999613935344939e+02
7090,1.738356205924462188e+02,1.071487692724651453e+02
7091,1.738081639435253862e+02,1.070977291058022018e+02
7092,1.737807334299623108e+02,1.070468402796449254e+02
7093,1.737533289618938284e+02,1.069961021831773849e+02
7094,1.737259504498792637e+02,1.069455142086536910e+02
7095,1.736985978048977302e+02,1.068950757513789824e+02
7096,1.736712709383464812e+02,1.068447862096935808e+02
7097,1.736439697620376137e+02,1.067946449849545019e+02
7098,1.736166941881960781e+02,1.067446514815206484e+02
7099,1.735894441294571209e+02,1.066948051067342789e+02
7100,1.735622194988638682e+02,1.066451052709045371e+02
7101,1.735350202098650243e+02,1.065955513872917351e+02
7102,1.735078461763125119e+02,1.065461428720902433e+02
7103,1.734806973124588012e+02,1.064968791444118494e+02
7104,1.734535735329552040e+02,1.064477596262693595e+02
7105,1.734264747528488897e+02,1.063987837425615623e+02
7106,1.733994008875808959e+02,1.063499509210551253e+02
7107,1.733723518529839680e+02,1.063012605923701841e+02
7108,1.733453275652799732e+02,1.062527121899636171e+02
7109,1.733183279410777970e+02,1.062043051501131572e+02
7110,1.732913528973711550e+02,1.061560389119021721e+02
7111,1.732644023515361482e+02,1.061079129172029525e+02
7112,1.732374762213294730e+02,1.060599266106622451e+02
7113,1.732105744248856922e+02,1.060120794396846122e+02
7114,1.731836968807152459e+02,1.059643708544180498e+02
7115,1.731568435077025470e+02,1.059168003077378160e+02
7116,1.731300142251035084e+02,1.058693672552314666e+02
7117,1.731032089525434685e+02,1.058220711551844602e+02
7118,1.730764276100151164e+02,1.057749114685631895e+02
7119,1.730496701178763885e+02,1.057278876590019223e+02
7120,1.730229363968482232e+02,1.056809991927867856e+02
7121,1.729962263680128558e+02,1.056342455388410571e+02
7122,1.729695399528110897e+02,1.055876261687111963e+02
7123,1.729428770730409610e+02,1.055411405565510847e+02
7124,1.729162376508551802e+02,1.054947881791076156e+02
7125,1.728896216087592848e+02,1.054485685157075494e+02
7126,1.728630288696098205e+02,1.054024810482414409e+02
7127,1.728364593566118685e+02,1.053565252611496561e+02
7128,1.728099129933174538e+02,1.053107006414089994e+02
7129,1.727833897036234134e+02,1.052650066785179064e+02
7130,1.727568894117694640e+02,1.052194428644821045e+02
7131,1.727304120423361837e+02,1.051740086938009995e+02
7132,1.727039575202432786e+02,1.051287036634540328e+02
7133,1.726775257707473656e+02,1.050835272728859451e+02
7134,1.726511167194403242e+02,1.050384790239938724e+02
7135,1.726247302922471931e+02,1.049935584211137041e+02
7136,1.725983664154242945e+02,1.049487649710052040e+02
7137,1.725720250155575286e+02,1.049040981828399168e+02
7138,1.725457058431411781e+02,1.048630369503914466e+02
7139,1.725194063546753682e+02,1.048272091652551268e+02
7140,1.724931248258490655e+02,1.047914605646779620e+02
7141,1.724668612108588377e+02,1.047557909402640490e+02
7142,1.724406154640464592e+02,1.047202000842354437e+02
7143,1.724143875398980583e+02,1.046846877894296455e+02
7144,1.723881773930438044e+02,1.046492538492983613e+02
7145,1.723619849782568281e+02,1.046138980579049900e+02
7146,1.723358102504532212e+02,1.045786202099229456e+02
7147,1.723096531646913547e+02,1.045434201006330426e+02
7148,1.722835136761714523e+02,1.045082975259232825e+02
7149,1.722573917402344819e+02,1.044732522822848182e+02
7150,1.722312873123626673e+02,1.044382841668114565e+02
7151,1.722052003481778684e+02,1.044033929771975409e+02
7152,1.721791308034418648e+02,1.043685785117358336e+02
7153,1.721530786340555323e+02,1.043338405693151714e+02
7154,1.721270437960583024e+02,1.042991789494196411e+02
7155,1.721010262456275370e+02,1.042645934521256379e+02
7156,1.720750259390783867e+02,1.042300838781012118e+02
7157,1.720490428328629378e+02,1.041956500286028131e+02
7158,1.720230768835698996e+02,1.041612917054743974e+02
7159,1.719971280479240079e+02,1.041270087111454501e+02
7160,1.719711962827853711e+02,1.040928008486282721e+02
7161,1.719452815451493564e+02,1.040586679215179373e+02
7162,1.719193837921458510e+02,1.040246097339886404e+02
7163,1.718935029810386936e+02,1.039906260907924036e+02
7164,1.718676390692252767e+02,1.039567167972582808e+02
7165,1.718417920142360629e+02,1.039228816592888194e+02
7166,1.718159617737341307e+02,1.038891204833595197e+02
7167,1.717901483055146343e+02,1.038554330765167180e+02
7168,1.717643515675041783e+02,1.038218192463757248e+02
7169,1.717385715177606755e+02,1.037882788011190058e+02
7170,1.717128081144724945e+02,1.037548115494939367e+02
7171,1.716870613159581751e+02,1.037214173008121776e+02
7172,1.716613310806660877e+02,1.036880958649470443e+02
7173,1.716356173671736371e+02,1.036548470523316468e+02
7174,1.716099201341866944e+02,1.036216706739574391e+02
7175,1.715842393405399093e+02,1.035885665413725008e+02
7176,1.715585749451953461e+02,1.035555344666801147e+02
7177,1.715329269072422846e+02,1.035225742625355281e+02
7178,1.715072951858971351e+02,1.034896857421465484e+02
7179,1.714816797405027557e+02,1.034568687192694512e+02
7180,1.714560805305272311e+02,1.034241230082092358e+02
7181,1.714304975155648094e+02,1.033914484238161293e+02
7182,1.714049306553343399e+02,1.033588447814858853e+02
7183,1.713793799096794146e+02,1.033263118971555343e+02
7184,1.713538452385675441e+02,1.032938495873042797e+02
7185,1.713283266020897315e+02,1.032614576689496033e+02
7186,1.713028239604606711e+02,1.032291359596475928e+02
7187,1.712773372740171283e+02,1.031968842774893460e+02
7188,1.712518665032187073e+02,1.031647024411007720e+02
7189,1.712264116086462309e+02,1.031325902696396355e+02
7190,1.712009725510023941e+02,1.031005475827950875e+02
7191,1.711755492911106842e+02,1.030685742007852497e+02
7192,1.711501417899150397e+02,1.030366699443557366e+02
7193,1.711247500084795092e+02,1.030048346347778647e+02
7194,1.710993739079876264e+02,1.029730680938475587e+02
7195,1.710740134497422389e+02,1.029413701438827928e+02
7196,1.710486685951651395e+02,1.029097406077227959e+02
7197,1.710233393057958438e+02,1.028781793087261462e+02
7198,1.709980255432924139e+02,1.028466860707682571e+02
7199,1.709727272694299813e+02,1.028152607182417171e+02
7200,1.709474444461007465e+02,1.027839030760525389e+02
7201,1.709221770353139220e+02,1.027526129696203725e+02
7202,1.708969249991943116e+02,1.027213902248750657e+02
7203,1.708716882999828783e+02,1.026902346682566787e+02
7204,1.708464669000358072e+02,1.026591461267131251e+02
7205,1.708212607618241918e+02,1.026281244276983386e+02
7206,1.707960698479337509e+02,1.025971693991716194e+02
7207,1.707708941210642024e+02,1.025662808695949622e+02
7208,1.707457335440291217e+02,1.025354586679323461e+02
7209,1.707205880797550321e+02,1.025047026236470913e+02
7210,1.706954576912816606e+02,1.024740125667015036e+02
7211,1.706703423417610281e+02,1.024433883275551125e+02
7212,1.706452419944572512e+02,1.024128297371620846e+02
7213,1.706201566127462002e+02,1.023823366269709112e+02
7214,1.705950861601146755e+02,1.023519088289218359e+02
7215,1.705700306001608340e+02,1.023215461754461728e+02
7216,1.705449898965928242e+02,1.022912484994642597e+02
7217,1.705199640132289574e+02,1.022610156343839378e+02
7218,1.704949529139975084e+02,1.022308474140995855e+02
7219,1.704699565629356925e+02,1.022007436729893328e+02
7220,1.704449749241896370e+02,1.021707042459150898e+02
7221,1.704200079620139263e+02,1.021407289682197046e+02
7222,1.703950556407716022e+02,1.021108176757271337e+02
7223,1.703701179249328845e+02,1.020809702047383638e+02
7224,1.703451947790755696e+02,1.020511863920323634e+02
7225,1.703202861678844613e+02,1.020214660748632269e+02
7226,1.702953920561508312e+02,1.019918090909596771e+02
7227,1.702705124087719071e+02,1.019622152785218958e+02
7228,1.702456471907511855e+02,1.019326844762222350e+02
7229,1.702207963671970674e+02,1.019032165232019338e+02
7230,1.701959599033233985e+02,1.018738112590707914e+02
7231,1.701711377644484173e+02,1.018444685239047374e+02
7232,1.701463299159947837e+02,1.018151881582454763e+02
7233,1.701215363234888400e+02,1.017859700030978445e+02
7234,1.700967569525608951e+02,1.017568138999297673e+02
7235,1.700719917689440308e+02,1.017277196906692325e+02
7236,1.700472407384744713e+02,1.016986872177038776e+02
7237,1.700225038270905316e+02,1.016697163238792996e+02
7238,1.699977810008328447e+02,1.016408068524977040e+02
7239,1.699730722258436231e+02,1.016119586473163423e+02
7240,1.699483774683665160e+02,1.015831715525462045e+02
7241,1.699236966947462122e+02,1.015544454128500433e+02
7242,1.698990298714277856e+02,1.015257800733422471e+02
7243,1.698743769649570368e+02,1.014971753795859684e+02
7244,1.698497379419791002e+02,1.014686311775928260e+02
7245,1.698251127692390696e+02,1.014401473138206029e+02
7246,1.698005014135811166e+02,1.014117236351726632e+02
7247,1.697759038419484057e+02,1.013833599889960055e+02
7248,1.697513200213823268e+02,1.013550562230803109e+02
7249,1.697267499190228364e+02,1.013268121856557684e+02
7250,1.697021935021072636e+02,1.012986277253930183e+02
7251,1.696776507379707084e+02,1.012705026914002389e+02
7252,1.696531215940452171e+02,1.012424369332232601e+02
7253,1.696286060378597824e+02,1.012144303008427073e+02
7254,1.696041040370397468e+02,1.011864826446740295e+02
7255,1.695796155593064043e+02,1.011585938155651405e+02
7256,1.695551405724771428e+02,1.011307636647959214e+02
7257,1.695306790444643639e+02,1.011029920440758474e+02
7258,1.695062309432758525e+02,1.010752788055433484e+02
7259,1.694817962370139242e+02,1.010476238017643595e+02
7260,1.694573748938757092e+02,1.010200268857312977e+02
7261,1.694329668821517032e+02,1.009924879108609446e+02
7262,1.694085721702269609e+02,1.009650067309936645e+02
7263,1.693841907265793054e+02,1.009375832003917566e+02
7264,1.693598225197799820e+02,1.009102171737387295e+02
7265,1.693354675184930613e+02,1.008829085061375679e+02
7266,1.693111256914748139e+02,1.008556570531090557e+02
7267,1.692867970075737105e+02,1.008284626705914633e+02
7268,1.692624814357300806e+02,1.008013252149380889e+02
7269,1.692381789449756582e+02,1.007742445429169180e+02
7270,1.692138895044334390e+02,1.007472205117089743e+02
7271,1.691896130833170275e+02,1.007202529789066716e+02
7272,1.691653496509307217e+02,1.006933418025132738e+02
7273,1.691410991766689165e+02,1.006664868409405642e+02
7274,1.691168616300158760e+02,1.006396879530089024e+02
7275,1.690926369805456773e+02,1.006129449979451067e+02
7276,1.690684251979212718e+02,1.005862578353808345e+02
7277,1.690442262518947985e+02,1.005596263253525677e+02
7278,1.690200401123068445e+02,1.005330503282990264e+02
7279,1.689958667490865594e+02,1.005065297050607001e+02
7280,1.689717061322508869e+02,1.004800643168783978e+02
7281,1.689475582319046509e+02,1.004536540253919128e+02
7282,1.689234230182396743e+02,1.004272986926391695e+02
7283,1.688993004615355460e+02,1.004009981810542484e+02
7284,1.688751905321580864e+02,1.003747523534666470e+02
7285,1.688510932005598875e+02,1.003485610731003561e+02
7286,1.688270084372795452e+02,1.003224242035714724e+02
7287,1.688029362129416597e+02,1.002963416088886532e+02
7288,1.687788764982565510e+02,1.002703131534506014e+02
7289,1.687548292640194916e+02,1.002443387020450132e+02
7290,1.687307944811109905e+02,1.002184181198479251e+02
7291,1.687067721204961686e+02,1.001925512724222784e+02
7292,1.686827621532245871e+02,1.001667380257158868e+02
7293,1.686587645504300781e+02,1.001409782460618914e+02
7294,1.686347792833300900e+02,1.001152718001761173e+02
7295,1.686108063232255176e+02,1.000896185551564059e+02
7296,1.685868456415008438e+02,1.000640183784817054e+02
7297,1.685628972096231450e+02,1.000384711380103511e+02
7298,1.685389609991424607e+02,1.000129767019790989e+02
7299,1.685150369816911393e+02,9.998753493900210287e+01
7300,1.684911251289834411e+02,9.996214571806974902e+01
7301,1.684672254128155373e+02,9.993680890854703591e+01
7302,1.684433378050653118e+02,9.991152438017277859e+01
7303,1.684194622776918209e+02,9.988629200305902600e+01
7304,1.683955988027348951e+02,9.986111164768823301e+01
7305,1.683717473523152535e+02,9.983598318491387147e+01
7306,1.683479078986338777e+02,9.981090648595842652e+01
7307,1.683240804139723252e+02,9.978588142241227388e+01
7308,1.683002648706913078e+02,9.976090786623268514e+01
7309,1.682764612412316865e+02,9.973598568974260559e+01
7310,1.682526694981134199e+02,9.971111476562934683e+01
7311,1.682288896139355927e+02,9.968629496694440206e+01
7312,1.682051215613759041e+02,9.966152616710078860e+01
7313,1.681813653131907245e+02,9.963680823987316160e+01
7314,1.681576208422146408e+02,9.961214105939566821e+01
7315,1.681338881213601439e+02,9.958752450016227442e+01
7316,1.681101671236172876e+02,9.956295843702409343e+01
7317,1.680864578220538874e+02,9.953844274518891666e+01
7318,1.680627601898146963e+02,9.951397730022092958e+01
7319,1.680390742001213766e+02,9.948956197803801160e+01
7320,1.680153998262722723e+02,9.946519665491167927e+01
7321,1.679917370416421250e+02,9.944088120746602044e+01
7322,1.679680858196816189e+02,9.941661551267593211e+01
7323,1.679444461339176655e+02,9.939239944786685044e+01
7324,1.679208179579522664e+02,9.936823289071293175e+01
7325,1.678972012654632522e+02,9.934411571923648410e+01
7326,1.678735960302033163e+02,9.932004781180631880e+01
7327,1.678500022259998445e+02,9.929602904713787836e+01
7328,1.678264198267550000e+02,9.927205930429032321e+01
7329,1.678028488064451551e+02,9.924813846266735595e+01
7330,1.677792891391209480e+02,9.922426640201470605e+01
7331,1.677557407989064586e+02,9.920044300241970348e+01
7332,1.677322037599994644e+02,9.917666814431025557e+01
7333,1.677086779966713550e+02,9.915294170845406541e+01
7334,1.676851634832662512e+02,9.912926357595654281e+01
7335,1.676616601942011187e+02,9.910563362826054856e+01
7336,1.676381681039655973e+02,9.908205174714582597e+01
7337,1.676146871871216320e+02,9.905851781472679818e+01
7338,1.675912174183032164e+02,9.903503171345165867e+01
7339,1.675677587722160808e+02,9.901159332610293973e+01
7340,1.675443112236376351e+02,9.898820253579441442e+01
7341,1.675208747474168547e+02,9.896485922597113927e+01
7342,1.674974493184732296e+02,9.894156328040850212e+01
7343,1.674740349117977871e+02,9.891831458321046000e+01
7344,1.674506315024517278e+02,9.889511301880928329e+01
7345,1.674272390655667948e+02,9.887195847196463205e+01
7346,1.674038575763448762e+02,9.884885082776142440e+01
7347,1.673804870100576920e+02,9.882578997161007806e+01
7348,1.673571273420467378e+02,9.880277578924484772e+01
7349,1.673337785477230284e+02,9.877980816672314290e+01
7350,1.673104406025665014e+02,9.875688699042407848e+01
7351,1.672871134821263581e+02,9.873401214704777829e+01
7352,1.672637971620202109e+02,9.871118352361477832e+01
7353,1.672404916179345662e+02,9.868840100746407984e+01
7354,1.672171968256241144e+02,9.866566448625323460e+01
7355,1.671939127609113029e+02,9.864297384795631274e+01
7356,1.671706393996867632e+02,9.862032898086400223e+01
7357,1.671473767179084007e+02,9.859772977358147728e+01
7358,1.671241246916016792e+02,9.857517611502831301e+01
7359,1.671008832968592799e+02,9.855266789443741970e+01
7360,1.670776523396557991e+02,9.853196899457053348e+01
7361,1.670544310513216999e+02,9.851170427311406286e+01
7362,1.670312193092186703e+02,9.849148161234427334e+01
7363,1.670080170915786368e+02,9.847130090660382962e+01
7364,1.669848243766953715e+02,9.845116205054389980e+01
7365,1.669616411429242362e+02,9.843106493912313226e+01
7366,1.669384673686824385e+02,9.841100946760674617e+01
7367,1.669153030324482927e+02,9.839099553156547984e+01
7368,1.668921481127608786e+02,9.837102302687486599e+01
7369,1.668690025882209795e+02,9.835109184971317120e+01
7370,1.668458664374889509e+02,9.833120189656169430e+01
7371,1.668227396392867661e+02,9.831135306420323161e+01
7372,1.667996221723958854e+02,9.829154524972079798e+01
7373,1.667765140156580230e+02,9.827177835049690202e+01
7374,1.667534151479749482e+02,9.825205226421265081e+01
7375,1.667303255483077464e+02,9.823236688884674095e+01
7376,1.667072451956772738e+02,9.821272212267430746e+01
7377,1.666841740691633333e+02,9.819311786426570166e+01
7378,1.666611121479051292e+02,9.817355401248642011e+01
7379,1.666380594111003290e+02,9.815403046649497298e+01
7380,1.666150158380055757e+02,9.813454712574295513e+01
7381,1.665919814079357479e+02,9.811510388997361076e+01
7382,1.665689561002641597e+02,9.809570065922022764e+01
7383,1.665459398944219345e+02,9.807633733380653496e+01
7384,1.665229327698983468e+02,9.805701381434508335e+01
7385,1.664999347062401114e+02,9.803773000173558216e+01
7386,1.664769456830516106e+02,9.801848579716531162e+01
7387,1.664539656799942406e+02,9.799928110210703380e+01
7388,1.664309946767867245e+02,9.798011581831880790e+01
7389,1.664080326532045149e+02,9.796098984784252650e+01
7390,1.663850795242961453e+02,9.794247590424193106e+01
7391,1.663621350616060681e+02,9.792402188867194468e+01
7392,1.663391992401423920e+02,9.790560724924003466e+01
7393,1.663162720398472629e+02,9.788723188054147784e+01
7394,1.662933534407223704e+02,9.786889567751958907e+01
7395,1.662704434228290324e+02,9.785059853546449915e+01
7396,1.662475419662877414e+02,9.783234035001193263e+01
7397,1.662246490512781634e+02,9.781412101714128937e+01
7398,1.662017646580383712e+02,9.779594043317484875e+01
7399,1.661788887668657537e+02,9.777779849477619223e+01
7400,1.661560213581154528e+02,9.775969509894927967e+01
7401,1.661331624122011021e+02,9.774163014303603347e+01
7402,1.661103119095943725e+02,9.772360352471655176e+01
7403,1.660874698308244035e+02,9.770561514200635145e+01
7404,1.660646361564781444e+02,9.768766489325567193e+01
7405,1.660418108671997004e+02,9.766975267714890663e+01
7406,1.660189939436903330e+02,9.765187839270139136e+01
7407,1.659961853667083744e+02,9.763404193926001540e+01
7408,1.659733851170683749e+02,9.761624321650086245e+01
7409,1.659505931756419841e+02,9.759848212442855697e+01
7410,1.659278095233568422e+02,9.758075856337430309e+01
7411,1.659050341411963814e+02,9.756307243399498930e+01
7412,1.658822670102003656e+02,9.754542363727180998e+01
7413,1.658595081114640948e+02,9.752781207450952650e+01
7414,1.658367574261380355e+02,9.751023764733410815e+01
7415,1.658140149354283608e+02,9.749270025769256165e+01
7416,1.657912806205958134e+02,9.747519980785088478e+01
7417,1.657685544629564447e+02,9.745773620039375373e+01
7418,1.657458364438806768e+02,9.744030933822179463e+01
7419,1.657231265447933879e+02,9.742291912455215197e+01
7420,1.657004247471738552e+02,9.740556546291568907e+01
7421,1.656777310325553287e+02,9.738824825715691702e+01
7422,1.656550453825247473e+02,9.737096741143182044e+01
7423,1.656323677787230224e+02,9.735372283020763007e+01
7424,1.656096982028443847e+02,9.733651441826086170e+01
7425,1.655870366366359860e+02,9.731934208067603720e+01
7426,1.655643830618989796e+02,9.730220572284549974e+01
7427,1.655417374604863312e+02,9.728510525046715429e+01
7428,1.655190998143044112e+02,9.726804056954335920e+01
7429,1.654964701053118574e+02,9.725101158638064192e+01
7430,1.654738483155195468e+02,9.723401820758755321e+01
7431,1.654512344269905668e+02,9.721706034007409869e+01
7432,1.654286284218399885e+02,9.720013789105003355e+01
7433,1.654060302822345534e+02,9.718325076802432250e+01
7434,1.653834399903925316e+02,9.716639887880349136e+01
7435,1.653608575285836650e+02,9.714958213149067490e+01
7436,1.653382828791287977e+02,9.713280043448470735e+01
7437,1.653157160243997907e+02,9.711605369647840291e+01
7438,1.652931569468193516e+02,9.709934182645783096e+01
7439,1.652706056288608636e+02,9.708266473370139238e+01
7440,1.652480620530480451e+02,9.706602232777808581e+01
7441,1.652255262019550628e+02,9.704941451854681134e+01
7442,1.652029980582059636e+02,9.703284121615519098e+01
7443,1.651804776044748166e+02,9.701630233103824708e+01
7444,1.651579648234855995e+02,9.699979777391796176e+01
7445,1.651354596980114025e+02,9.698332745580117376e+01
7446,1.651129622108751391e+02,9.696689128797920887e+01
7447,1.650904723449487221e+02,9.695048918202651578e+01
7448,1.650679900831531199e+02,9.693412104979965704e+01
7449,1.650455154084581579e+02,9.691778680343649910e+01
7450,1.650230483038822911e+02,9.690148635535405219e+01
7451,1.650005887524924617e+02,9.688521961824919515e+01
7452,1.649781367374041849e+02,9.686898650509606057e+01
7453,1.649556922417808664e+02,9.685278692914543797e+01
7454,1.649332552488339445e+02,9.683662080392409166e+01
7455,1.649108257418225776e+02,9.682048804323309810e+01
7456,1.648884037040540136e+02,9.680438856114763269e+01
7457,1.648659891188824247e+02,9.678832227201455396e+01
7458,1.648435819697095894e+02,9.677228909045321359e+01
7459,1.648211822399845516e+02,9.675628893135272790e+01
7460,1.647987899132028247e+02,9.674032170987177892e+01
7461,1.647764049729074145e+02,9.672438734143771910e+01
7462,1.647540274026872567e+02,9.670848574174476653e+01
7463,1.647316571861783814e+02,9.669261682675397651e+01
7464,1.647092943070628337e+02,9.667678051269155048e+01
7465,1.646869387490687302e+02,9.666097671604799757e+01
7466,1.646645904959705149e+02,9.664520535357726772e+01
7467,1.646422495315879644e+02,9.662946634229577114e+01
7468,1.646199158397868700e+02,9.661375959948067305e+01
7469,1.645975894044786685e+02,9.659808504267030571e+01
7470,1.645752702096196458e+02,9.658244258966178108e+01
7471,1.645529582392116197e+02,9.656683215851064972e+01
7472,1.645306534773014846e+02,9.655125366753009075e+01
7473,1.645083559079807287e+02,9.653570703528967556e+01
7474,1.644860655153856612e+02,9.652019218061413142e+01
7475,1.644637822836974124e+02,9.650470902258302885e+01
7476,1.644415061971410807e+02,9.648925748052936058e+01
7477,1.644192372399862450e+02,9.647383747403858933e+01
7478,1.643969753965465657e+02,9.645844892294788053e+01
7479,1.643747206511796151e+02,9.644309174734499379e+01
7480,1.643524729882867348e+02,9.642776586756740187e+01
7481,1.643302323923129222e+02,9.641247120420177907e+01
7482,1.643079988477464326e+02,9.639720767808182700e+01
7483,1.642857723391194043e+02,9.638197521028914139e+01
7484,1.642635528510063239e+02,9.636677372215021364e+01
7485,1.642413403680255897e+02,9.635160313523761033e+01
7486,1.642191348748378346e+02,9.633646337136730153e+01
7487,1.641969363561466366e+02,9.632135435259904455e+01
7488,1.641747447966981213e+02,9.630627600123442278e+01
7489,1.641525601812809896e+02,9.629122823981661838e+01
7490,1.641303824947259784e+02,9.627621099112946013e+01
7491,1.641082117219060876e+02,9.626122417819607335e+01
7492,1.640860478477363529e+02,9.624626772427863841e+01
7493,1.640638908571735897e+02,9.623134155287661429e+01
7494,1.640417407352163082e+02,9.621644558772699440e+01
7495,1.640195974669045995e+02,9.620157975280231710e+01
7496,1.639974606746430936e+02,9.619039213517676501e+01
7497,1.639753289050376281e+02,9.617980025333218919e+01
7498,1.639532020072549017e+02,9.616922632363862533e+01
7499,1.639310799725036532e+02,9.615867030729157250e+01
7500,1.639089627920131989e+02,9.614813216559034004e+01
7501,1.638868504570336313e+02,9.613761185993766389e+01
7502,1.638647429588349951e+02,9.612710935183918082e+01
7503,1.638426402887081963e+02,9.611662460290320098e+01
7504,1.638205424379641784e+02,9.610615757484073640e+01
7505,1.637984493979342631e+02,9.609570822946454882e+01
7506,1.637763611599698379e+02,9.608527652868920654e+01
7507,1.637542777154426403e+02,9.607486243453057284e+01
7508,1.637321990557444167e+02,9.606446590910587702e+01
7509,1.637101251722868085e+02,9.605408691463281912e+01
7510,1.636880560565015514e+02,9.604372541342935676e+01
7511,1.636659916998403332e+02,9.603338136791391833e+01
7512,1.636439320937746800e+02,9.602305474060449342e+01
7513,1.636218772297957855e+02,9.601274549411839132e+01
7514,1.635998270994146253e+02,9.600245359117226940e+01
7515,1.635777816941618994e+02,9.599217899458118097e+01
7516,1.635557410055880325e+02,9.598192166725922903e+01
7517,1.635337050252628899e+02,9.597168157221813090e+01
7518,1.635116737447758339e+02,9.596145867256775830e+01
7519,1.634896471557356676e+02,9.595125293151515677e+01
7520,1.634676252497708333e+02,9.594106431236519938e+01
7521,1.634456080185287874e+02,9.593089277851890984e+01
7522,1.634235954536763700e+02,9.592073829347435776e+01
7523,1.634015875468998331e+02,9.591060082082584870e+01
7524,1.633795842899043578e+02,9.590048032426336988e+01
7525,1.633575856744143096e+02,9.589037676757284601e+01
7526,1.633355916921734377e+02,9.588029011463535767e+01
7527,1.633136023349439654e+02,9.587022032942709870e+01
7528,1.632916175945073292e+02,9.586016737601900672e+01
7529,1.632696374626640647e+02,9.585013121857646468e+01
7530,1.632476619312332389e+02,9.584011182135883189e+01
7531,1.632256909920528472e+02,9.583010914871933039e+01
7532,1.632037246369795866e+02,9.582012316510504490e+01
7533,1.631817628578889980e+02,9.581015383505572913e+01
7534,1.631598056466750393e+02,9.580020112320447367e+01
7535,1.631378529952502561e+02,9.579026499427666863e+01
7536,1.631159048955459525e+02,9.578034541309034466e+01
7537,1.630939613395116794e+02,9.577044234455543403e+01
7538,1.630720223191154616e+02,9.576055575367357164e+01
7539,1.630500878263437698e+02,9.575068560553792452e+01
7540,1.630281578532011508e+02,9.574083186533279388e+01
7541,1.630062323917109666e+02,9.573099449833320307e+01
7542,1.629843114339140300e+02,9.572117346990486908e+01
7543,1.629623949718699691e+02,9.571136874550401785e+01
7544,1.629404829976561473e+02,9.570158029067641792e+01
7545,1.629185755033678902e+02,9.569180807105790620e+01
7546,1.628966724811191114e+02,9.568205205237376276e+01
7547,1.628747739230410332e+02,9.567231220043805706e+01
7548,1.628528798212831816e+02,9.566258848115423064e+01
7549,1.628309901680126757e+02,9.565288086051384653e+01
7550,1.628091049554147105e+02,9.564318930459702983e+01
7551,1.627872241756919323e+02,9.563351377957194188e+01
7552,1.627653478210648643e+02,9.562385425169431130e+01
7553,1.627434758837717368e+02,9.561421068730746242e+01
7554,1.627216083560680602e+02,9.560458305284194580e+01
7555,1.626997452302274496e+02,9.559497131481519716e+01
7556,1.626778864985405733e+02,9.558537543983106843e+01
7557,1.626560321533157207e+02,9.557579539458033935e+01
7558,1.626341821868783484e+02,9.556623114583925371e+01
7559,1.626123365915716477e+02,9.555668266047028681e+01
7560,1.625904953597559199e+02,9.554714990542120745e+01
7561,1.625686584838086333e+02,9.553763284772540487e+01
7562,1.625468259561248487e+02,9.552813145450097920e+01
7563,1.625249977691161689e+02,9.551864569295095464e+01
7564,1.625031739152118178e+02,9.550917553036263996e+01
7565,1.624813543868577597e+02,9.549972093410789853e+01
7566,1.624595391765173247e+02,9.549028187164218195e+01
7567,1.624377282766705832e+02,9.548085831050492800e+01
7568,1.624159216798144882e+02,9.547145021831893530e+01
7569,1.623941193784628751e+02,9.546205756278993704e+01
7570,1.623723213651465187e+02,9.545268031170691359e+01
7571,1.623505276324129909e+02,9.544331843294129669e+01
7572,1.623287381728263199e+02,9.543397189444698370e+01
7573,1.623069529789676722e+02,9.542464066426008173e+01
7574,1.622851720434344429e+02,9.541532471049831088e+01
7575,1.622633953588407962e+02,9.540602400136121730e+01
7576,1.622416229178174945e+02,9.539673850512981801e+01
7577,1.622198547130116140e+02,9.538746819016603240e+01
7578,1.621980907370868579e+02,9.537821302491273912e+01
7579,1.621763309827233002e+02,9.536897297789339234e+01
7580,1.621545754426172437e+02,9.535974801771182285e+01
7581,1.621328241094817031e+02,9.535053811305209592e+01
7582,1.621110769760452968e+02,9.534134323267790023e+01
7583,1.620893340350535823e+02,9.533216334543277526e+01
7584,1.620675952792678345e+02,9.532299842023945757e+01
7585,1.620458607014654717e+02,9.531384842609976715e+01
7586,1.620241302944403969e+02,9.530471333209476370e+01
7587,1.620024040510022587e+02,9.529559310738375189e+01
7588,1.619806819639764797e+02,9.528648772120450872e+01
7589,1.619589640262049670e+02,9.527739714287311301e+01
7590,1.619372502305452599e+02,9.526832134178333433e+01
7591,1.619155405698707000e+02,9.525926028740681772e+01
7592,1.618938350370705450e+02,9.525021394929247265e+01
7593,1.618721336250499121e+02,9.524118229706660088e+01
7594,1.618504363267296071e+02,9.523216530043212913e+01
7595,1.618287431350460679e+02,9.522316292916896430e+01
7596,1.618070540429513926e+02,9.521417515313351032e+01
7597,1.617853690434133398e+02,9.520520194225805710e+01
7598,1.617636881294153000e+02,9.519624326655143420e+01
7599,1.617420112939560681e+02,9.518729909609785977e+01
7600,1.617203385300499576e+02,9.517836940105723897e+01
7601,1.616986698307266579e+02,9.516945415166462396e+01
7602,1.616770051890313482e+02,9.516055331823022811e+01
7603,1.616553445980246977e+02,9.515166687113948285e+01
7604,1.616336880507823253e+02,9.514279478085191499e+01
7605,1.616120355403954818e+02,9.513393701790160151e+01
7606,1.615903870599702827e+02,9.512509355289689950e+01
7607,1.615687426026284470e+02,9.511626435651993461e+01
7608,1.615471021615064728e+02,9.510744939952671473e+01
7609,1.615254657297561778e+02,9.509864865274654733e+01
7610,1.615038333005444144e+02,9.508986208708219579e+01
7611,1.614822048670529568e+02,9.508108967350933938e+01
7612,1.614605804224787846e+02,9.507233138307653064e+01
7613,1.614389599600333725e+02,9.506358718690484011e+01
7614,1.614173434729436281e+02,9.505485705618779946e+01
7615,1.613957309544510395e+02,9.504614096219097519e+01
7616,1.613741223978118740e+02,9.503743887625212494e+01
7617,1.613525177962972634e+02,9.502875076978040170e+01
7618,1.613309171431930338e+02,9.502007661425653851e+01
7619,1.613093204317997902e+02,9.501141638123269217e+01
7620,1.612877276554327182e+02,9.500277004233193168e+01
7621,1.612661388074217257e+02,9.499413756924842289e+01
7622,1.612445538811110737e+02,9.498551893374639121e+01
7623,1.612229728698598308e+02,9.497691410766127262e+01
7624,1.612013957670413333e+02,9.496832306289803682e+01
7625,1.611798225660437254e+02,9.495974577143216777e+01
7626,1.611582532602689639e+02,9.495118220530829944e+01
7627,1.611366878431340695e+02,9.494263233664139534e+01
7628,1.611151263080699891e+02,9.493409613761518528e+01
7629,1.610935690865645427e+02,9.492151566837135590e+01
7630,1.610720176224146201e+02,9.490875055985166853e+01
7631,1.610504719511762062e+02,9.489601541167625953e+01
7632,1.610289320584829795e+02,9.488331010281933686e+01
7633,1.610073979300287306e+02,9.487063451292863192e+01
7634,1.609858695515673901e+02,9.485798852232093736e+01
7635,1.609643469089125176e+02,9.484537201197878176e+01
7636,1.609428299879369604e+02,9.483278486354618053e+01
7637,1.609213187745724838e+02,9.482022695932354850e+01
7638,1.608998132548094020e+02,9.480769818226430345e+01
7639,1.608783134146966063e+02,9.479519841597107188e+01
7640,1.608568192403404282e+02,9.478272754469061567e+01
7641,1.608353307179053786e+02,9.477028545331127418e+01
7642,1.608138478336126980e+02,9.475787202735757830e+01
7643,1.607923705737410671e+02,9.474548715298719515e+01
7644,1.607708989246254419e+02,9.473313071698635213e+01
7645,1.607494328726573087e+02,9.472080260676658270e+01
7646,1.607279724042839462e+02,9.470850271035986623e+01
7647,1.607065175060084243e+02,9.469623091641584267e+01
7648,1.606850681643891505e+02,9.468398711419737879e+01
7649,1.606636243660396417e+02,9.467177119357677384e+01
7650,1.606421860976278992e+02,9.465958304503170950e+01
7651,1.606207533458765511e+02,9.464742255964240769e+01
7652,1.605993260975622263e+02,9.463528962908669939e+01
7653,1.605779043395153849e+02,9.462318414563685565e+01
7654,1.605564880586201468e+02,9.461110600215651800e+01
7655,1.605350772418132124e+02,9.459905509209544050e+01
7656,1.605136718760850840e+02,9.458703130948757121e+01
7657,1.604922719484780487e+02,9.457503454894597894e+01
7658,1.604708774460871155e+02,9.456306470566053690e+01
7659,1.604494883560591632e+02,9.455112167539307677e+01
7660,1.604281046655927980e+02,9.453920535447454654e+01
7661,1.604067263619379560e+02,9.452731563980165674e+01
7662,1.603853534323958741e+02,9.451545242883278775e+01
7663,1.603639858643183800e+02,9.450361561958480650e+01
7664,1.603426236451081479e+02,9.449180511062962751e+01
7665,1.603212667622179026e+02,9.448002080109046119e+01
7666,1.602999152031503627e+02,9.446826259063897169e+01
7667,1.602785689554580415e+02,9.445653037949092834e+01
7668,1.602572280067428778e+02,9.444482406840387512e+01
7669,1.602358923458776019e+02,9.443298434116749718e+01
7670,1.602145622947290065e+02,9.441898672129848080e+01
7671,1.601932385635272169e+02,9.440501780230016493e+01
7672,1.601719211383856702e+02,9.439107747688458971e+01
7673,1.601506100054720036e+02,9.437716563835712691e+01
7674,1.601293051510075713e+02,9.436328218061372297e+01
7675,1.601080065612673593e+02,9.434942699813605316e+01
7676,1.600867142225792747e+02,9.433559998598850882e+01
7677,1.600654281213246293e+02,9.432180103981438890e+01
7678,1.600441482439368883e+02,9.430803005583204879e+01
7679,1.600228745769020122e+02,9.429428693083150392e+01
7680,1.600016071067579730e+02,9.428057156217083445e+01
7681,1.599803458200944419e+02,9.426688384777216356e+01
7682,1.599590907035524765e+02,9.425322368611816160e+01
7683,1.599378417211828207e+02,9.424029213024077478e+01
7684,1.599165983130940560e+02,9.422913308001638200e+01
7685,1.598953599330253326e+02,9.421799814612749913e+01
7686,1.598741265695230709e+02,9.420688722530911718e+01
7687,1.598528982111839412e+02,9.419580021491032085e+01
7688,1.598316748466544652e+02,9.418473701289106259e+01
7689,1.598104564646310735e+02,9.417369751781772891e+01
7690,1.597892430538595931e+02,9.416268162885911863e+01
7691,1.597680346031346517e+02,9.415168924578308918e+01
7692,1.597468311013002165e+02,9.414072026895200906e+01
7693,1.597256325372482308e+02,9.412977459931926205e+01
7694,1.597044388999192961e+02,9.411885213842545284e+01
7695,1.596832501783015346e+02,9.410795278839421485e+01
7696,1.596620663614309592e+02,9.409707645192894176e+01
7697,1.596408874383910472e+02,9.408622303230821160e+01
7698,1.596197133983118874e+02,9.407539243338322876e+01
7699,1.595985442303707771e+02,9.406458455957302078e+01
7700,1.595773799237911987e+02,9.405379931586138298e+01
7701,1.595562204678430760e+02,9.404303660779275731e+01
7702,1.595350658518422335e+02,9.403229634146927651e+01
7703,1.595139160651499139e+02,9.402157842354611716e+01
7704,1.594927710971730335e+02,9.401088276122885645e+01
7705,1.594716309373634715e+02,9.400020926226937945e+01
7706,1.594504955752177580e+02,9.398955783496261063e+01
7707,1.594293650002774996e+02,9.397892838814267691e+01
7708,1.594082392021281862e+02,9.396832083117966761e+01
7709,1.593871181703992761e+02,9.395773507397586854e+01
7710,1.593660018947643096e+02,9.394717102696293409e+01
7711,1.593448903649401132e+02,9.393662860109746759e+01
7712,1.593237835706868850e+02,9.392610770785847762e+01
7713,1.593026815018077116e+02,9.391560825924375422e+01
7714,1.592815841481484256e+02,9.390513016776587563e+01
7715,1.592604914995973786e+02,9.389467334644990615e+01
7716,1.592394035460851285e+02,9.388423770882960184e+01
7717,1.592183202775841551e+02,9.387382316894343148e+01
7718,1.591972416841085760e+02,9.386342964133275757e+01
7719,1.591761677557142605e+02,9.385305704103700464e+01
7720,1.591550984824978912e+02,9.384270528359158448e+01
7721,1.591340338545975897e+02,9.383237428502411603e+01
7722,1.591129738621918364e+02,9.382206396185154063e+01
7723,1.590919184954998968e+02,9.381177423107651236e+01
7724,1.590708677447809407e+02,9.380150501018459863e+01
7725,1.590498216003344112e+02,9.379125621714125316e+01
7726,1.590287800524993145e+02,9.378102777038799331e+01
7727,1.590077430916547030e+02,9.377081958884065216e+01
7728,1.589867107082180837e+02,9.376063159188441887e+01
7729,1.589656828926469530e+02,9.375046369937295765e+01
7730,1.589446596354369206e+02,9.374031583162334869e+01
7731,1.589236409271225625e+02,9.373018790941452494e+01
7732,1.589026267582767673e+02,9.372007985398350627e+01
7733,1.588816171195106790e+02,9.370999158702274201e+01
7734,1.588606120014731857e+02,9.369992303067714090e+01
7735,1.588396113948510049e+02,9.368987410754104417e+01
7736,1.588186152903683706e+02,9.367984474065524125e+01
7737,1.587976236787866924e+02,9.366983485350425553e+01
7738,1.587766365509044419e+02,9.365984437001357321e+01
7739,1.587556538975570390e+02,9.364987321454620428e+01
7740,1.587346757096163401e+02,9.363992131190070722e+01
7741,1.587137019779908087e+02,9.362998858730762208e+01
7742,1.586927326936248903e+02,9.362007496642711146e+01
7743,1.586717678474991828e+02,9.361018037534601888e+01
7744,1.586508074306299534e+02,9.360030474057495553e+01
7745,1.586298514340689678e+02,9.359044798904594131e+01
7746,1.586088998489034623e+02,9.358061004810917893e+01
7747,1.585879526662560011e+02,9.357079084553112125e+01
7748,1.585670098772835104e+02,9.356099030949066275e+01
7749,1.585460714731782161e+02,9.355120836857733480e+01
7750,1.585251374451665640e+02,9.354144495178883290e+01
7751,1.585042077845097310e+02,9.353169998852715139e+01
7752,1.584832824825024602e+02,9.352197340859737551e+01
7753,1.584623615304737996e+02,9.351226514220415709e+01
7754,1.584414449197864485e+02,9.350257511994969661e+01
7755,1.584205326418367576e+02,9.349290327283056001e+01
7756,1.583996246880543026e+02,9.348324953223561806e+01
7757,1.583787210499017988e+02,9.347361382994358792e+01
7758,1.583578217188749591e+02,9.346399609811997777e+01
7759,1.583369266865024656e+02,9.345439626931519683e+01
7760,1.583160359443452876e+02,9.344481427646151417e+01
7761,1.582951494839970223e+02,9.343525005287089868e+01
7762,1.582742672970833837e+02,9.342570353223277380e+01
7763,1.582533893752621168e+02,9.341617464861090525e+01
7764,1.582325157102229127e+02,9.340666333644185215e+01
7765,1.582116462936869254e+02,9.339716953053198267e+01
7766,1.581907811174069991e+02,9.338769316605497295e+01
7767,1.581699201731672417e+02,9.337823417854997388e+01
7768,1.581490634527826558e+02,9.336879250391872631e+01
7769,1.581282110499194289e+02,9.335714729363513698e+01
7770,1.581073643484003242e+02,9.334233508482516584e+01
7771,1.580865242588938031e+02,9.332754859690604121e+01
7772,1.580656907688764363e+02,9.331278774996850700e+01
7773,1.580448638658655227e+02,9.329805246450375478e+01
7774,1.580240435374195158e+02,9.328334266140127795e+01
7775,1.580032297711372564e+02,9.326865826194587328e+01
7776,1.579824225546583989e+02,9.325399918781620556e+01
7777,1.579616218756625585e+02,9.323936536108121231e+01
7778,1.579408277218695105e+02,9.322475670419854055e+01
7779,1.579200400810387066e+02,9.321017314001181830e+01
7780,1.578992589409695029e+02,9.319561459174819618e+01
7781,1.578784842895005056e+02,9.318108098301657094e+01
7782,1.578577161145096284e+02,9.316657223780460129e+01
7783,1.578369544039136088e+02,9.315208828047643408e+01
7784,1.578161991456683495e+02,9.313762903577078589e+01
7785,1.577954503277681511e+02,9.312319442879878295e+01
7786,1.577747079382459106e+02,9.310878438504073529e+01
7787,1.577539719651727239e+02,9.309439883034488616e+01
7788,1.577332423966576016e+02,9.308003769092442781e+01
7789,1.577125192208476960e+02,9.306570089335640716e+01
7790,1.576918024259275626e+02,9.305138836457778950e+01
7791,1.576710920001194722e+02,9.303710003188471944e+01
7792,1.576503879316827863e+02,9.302283582292963615e+01
7793,1.576296902089141270e+02,9.300859566571904224e+01
7794,1.576089988201469794e+02,9.299437948861222480e+01
7795,1.575883137537516632e+02,9.298018722031763161e+01
7796,1.575676349981349347e+02,9.296601878989216061e+01
7797,1.575469625417399868e+02,9.295187412673813299e+01
7798,1.575262963730461365e+02,9.293775316060151681e+01
7799,1.575056364805689668e+02,9.292365582156989490e+01
7800,1.574849828528594458e+02,9.290958204006992105e+01
7801,1.574643354785047222e+02,9.289553174686615478e+01
7802,1.574436943461270744e+02,9.288150487305837544e+01
7803,1.574230594443842222e+02,9.286750135007923745e+01
7804,1.574024307619689296e+02,9.285352110969296291e+01
7805,1.573818082876091751e+02,9.283956408399319571e+01
7806,1.573611920100672137e+02,9.282563020540013099e+01
7807,1.573405819181406287e+02,9.281171940666021669e+01
7808,1.573199780006608535e+02,9.279783162084230241e+01
7809,1.572993802464936550e+02,9.278396678133698572e+01
7810,1.572787886445394179e+02,9.277012482185432418e+01
7811,1.572582031837319789e+02,9.275630567642140534e+01
7812,1.572376238530392243e+02,9.274250927938133771e+01
7813,1.572170506414622366e+02,9.272873556539013862e+01
7814,1.571964835380360626e+02,9.271498446941654947e+01
7815,1.571759225318289737e+02,9.270125592673809933e+01
7816,1.571553676119420118e+02,9.268754987294076386e+01
7817,1.571348187675094437e+02,9.267386624391662053e+01
7818,1.571142759876983348e+02,9.266020497586175964e+01
7819,1.570937392617082935e+02,9.264656600527501951e+01
7820,1.570732085787715846e+02,9.263294926895530068e+01
7821,1.570526839281526179e+02,9.261935470400057113e+01
7822,1.570321652991482040e+02,9.260578224780611833e+01
7823,1.570116526810870425e+02,9.259223183806128077e+01
7824,1.569911460633294951e+02,9.257870341274998793e+01
7825,1.569706454352681249e+02,9.256519691014705131e+01
7826,1.569501507863266170e+02,9.255171226881741120e+01
7827,1.569296621059603467e+02,9.253824942761401928e+01
7828,1.569091793836558111e+02,9.252480832567603386e+01
7829,1.568887026089306858e+02,9.251138890242773982e+01
7830,1.568682317713335408e+02,9.249799109757593385e+01
7831,1.568477668604438691e+02,9.248461485110878755e+01
7832,1.568273078658718021e+02,9.247126010329400003e+01
7833,1.568068547772579393e+02,9.245792679467724895e+01
7834,1.567864075842733769e+02,9.244461486608024359e+01
7835,1.567659662766192810e+02,9.243132425859928958e+01
7836,1.567455308440272006e+02,9.241805491360375413e+01
7837,1.567251012762582434e+02,9.240480677273403387e+01
7838,1.567046775631035871e+02,9.239157977790024745e+01
7839,1.566842596943841670e+02,9.237837387128058708e+01
7840,1.566638476599501644e+02,9.236518899531961324e+01
7841,1.566434414496814327e+02,9.235202509272670568e+01
7842,1.566230410534869861e+02,9.233888210647442918e+01
7843,1.566026464613048290e+02,9.232575997979728299e+01
7844,1.565822576631020695e+02,9.231265865618955502e+01
7845,1.565618746488747774e+02,9.229957807940401437e+01
7846,1.565414974086475013e+02,9.228651819345085983e+01
7847,1.565211259324736375e+02,9.227347894259553129e+01
7848,1.565007602104347768e+02,9.226046027135734562e+01
7849,1.564804002326408465e+02,9.224746212450801863e+01
7850,1.564600459892301956e+02,9.223448444707040039e+01
7851,1.564396974703689978e+02,9.222152718431674145e+01
7852,1.564193546662515075e+02,9.220859028176708705e+01
7853,1.563990175670996621e+02,9.219567368518822548e+01
7854,1.563786861631631666e+02,9.218277734059159911e+01
7855,1.563583604447190964e+02,9.216990119423249439e+01
7856,1.563380404020721812e+02,9.215704519260836491e+01
7857,1.563177260255543501e+02,9.214420928245712616e+01
7858,1.562974173055246183e+02,9.213139341075581967e+01
7859,1.562771142323690015e+02,9.211859752471976037e+01
7860,1.562568167965007433e+02,9.210582157180044760e+01
7861,1.562365249883593776e+02,9.209306549968432876e+01
7862,1.562162387984116378e+02,9.208032925629161980e+01
7863,1.561959582163756579e+02,9.206762701141599337e+01
7864,1.561756832248929072e+02,9.205495898735635762e+01
7865,1.561554138105234415e+02,9.204231057332090415e+01
7866,1.561351499638709299e+02,9.202968171832981170e+01
7867,1.561148916755649623e+02,9.201707237162945319e+01
7868,1.560946389362607079e+02,9.200448248269175622e+01
7869,1.560743917366396545e+02,9.199191200121197198e+01
7870,1.560541500674081590e+02,9.197936087710782260e+01
7871,1.560339139192988114e+02,9.196682906051869111e+01
7872,1.560136832830690707e+02,9.195431650180327665e+01
7873,1.559934581495019472e+02,9.194182315153904028e+01
7874,1.559732385094055758e+02,9.192934896052054228e+01
7875,1.559530243536131877e+02,9.191689387975861791e+01
7876,1.559328156729828265e+02,9.190445786047841636e+01
7877,1.559126124583974899e+02,9.189204085411878964e+01
7878,1.558924147007647889e+02,9.187964281233080044e+01
7879,1.558722223910170328e+02,9.186726368697642897e+01
7880,1.558520355201109453e+02,9.185490343012703818e+01
7881,1.558318540790279485e+02,9.184256199406306109e+01
7882,1.558116780587732535e+02,9.183023933127145710e+01
7883,1.557915074503766846e+02,9.181793539444603880e+01
7884,1.557713422448919971e+02,9.180565013648475770e+01
7885,1.557511824333968207e+02,9.179338351048953371e+01
7886,1.557310280069926876e+02,9.178113546976449300e+01
7887,1.557108789568050895e+02,9.176890596781545639e+01
7888,1.556907352739827104e+02,9.175669495834785039e+01
7889,1.556705969496983641e+02,9.174450239526632345e+01
7890,1.556504639751478294e+02,9.173232823267287017e+01
7891,1.556303363415505316e+02,9.172017242486668920e+01
7892,1.556102140401489748e+02,9.170803492634182419e+01
7893,1.555900970622089972e+02,9.169591569178727752e+01
7894,1.555699853990192310e+02,9.168381467608452340e+01
7895,1.555498790418912733e+02,9.167173183430753625e+01
7896,1.555297779821599136e+02,9.165966712172109965e+01
7897,1.555096822111822803e+02,9.164762049378002473e+01
7898,1.554895917203381828e+02,9.163559190612740224e+01
7899,1.554695065010302528e+02,9.162358131459438937e+01
7900,1.554494265446833765e+02,9.161158867519856130e+01
7901,1.554293518427449783e+02,9.159961394414300173e+01
7902,1.554092823866843958e+02,9.158765707781481069e+01
7903,1.553892181679933344e+02,9.157571803278504774e+01
7904,1.553691591781856118e+02,9.156379676580650084e+01
7905,1.553491054087970156e+02,9.155189323381335953e+01
7906,1.553290568513851611e+02,9.154000739392009223e+01
7907,1.553090134975294063e+02,9.152813920342019571e+01
7908,1.552889753388309657e+02,9.151628861978501561e+01
7909,1.552689423669124267e+02,9.150445560066343376e+01
7910,1.552489145734180624e+02,9.149264010388004920e+01
7911,1.552288919500136615e+02,9.148084208743459556e+01
7912,1.552088744883859590e+02,9.146906150950057679e+01
7913,1.551888621802433192e+02,9.145729832842491192e+01
7914,1.551688550173151668e+02,9.144555250272628655e+01
7915,1.551488529913517880e+02,9.143382399109455605e+01
7916,1.551288560941246431e+02,9.142211275238967971e+01
7917,1.551088643174260255e+02,9.141041874564049863e+01
7918,1.550888776530692041e+02,9.139874193004406777e+01
7919,1.550688960928877123e+02,9.138708226496463283e+01
7920,1.550489196287361437e+02,9.137543970993252174e+01
7921,1.550289482524893856e+02,9.136381422464344837e+01
7922,1.550089819560429021e+02,9.135220576895743250e+01
7923,1.549890207313126211e+02,9.134061430289757766e+01
7924,1.549690645702344227e+02,9.132903978664991484e+01
7925,1.549491134647647073e+02,9.131748218056149824e+01
7926,1.549291672503623829e+02,9.130751544435693745e+01
7927,1.549092253557391814e+02,9.129772023219007338e+01
7928,1.548892877377895161e+02,9.128794178465727782e+01
7929,1.548693543887386284e+02,9.127818005341701735e+01
7930,1.548494253008350370e+02,9.126843499033711282e+01
7931,1.548295004663505097e+02,9.125870654749319044e+01
7932,1.548095798775802905e+02,9.124899467716805646e+01
7933,1.547896635268425598e+02,9.123929933185030450e+01
7934,1.547697514064785764e+02,9.122962046423286608e+01
7935,1.547498435088525639e+02,9.121995802721285429e+01
7936,1.547299398263514831e+02,9.121031197388877843e+01
7937,1.547100403513850893e+02,9.120068225756114089e+01
7938,1.546901450763857042e+02,9.119106883173030553e+01
7939,1.546702539938081031e+02,9.118147165009571609e+01
7940,1.546503670961297132e+02,9.117189066655461716e+01
7941,1.546304843758500738e+02,9.116232583520105948e+01
7942,1.546106058254910920e+02,9.115277711032489094e+01
7943,1.545907314375965882e+02,9.114324444641063394e+01
7944,1.545708612047325801e+02,9.113372779813603586e+01
7945,1.545509951194869700e+02,9.112422712037178485e+01
7946,1.545311331744696588e+02,9.111474236817957717e+01
7947,1.545112753623119204e+02,9.110527349681176190e+01
7948,1.544914216756671692e+02,9.109582046170986303e+01
7949,1.544715721072098518e+02,9.108638321850351360e+01
7950,1.544517266496362993e+02,9.107696172300981630e+01
7951,1.544318852956639887e+02,9.106755593123206438e+01
7952,1.544120480380317133e+02,9.105816579935857646e+01
7953,1.543922148694994974e+02,9.104879128376174435e+01
7954,1.543723857828483403e+02,9.103943234099722304e+01
7955,1.543525607708803875e+02,9.103008892780277961e+01
7956,1.543327398264185888e+02,9.102076100109751167e+01
7957,1.543129229423067841e+02,9.101144851798005675e+01
7958,1.542931101114095611e+02,9.100215143572891918e+01
7959,1.542733013266120849e+02,9.099286971180031003e+01
7960,1.542534965808199843e+02,9.098360330382764971e+01
7961,1.542336958669595788e+02,9.097435216962067273e+01
7962,1.542138991779773676e+02,9.096511626716456078e+01
7963,1.541941065068402850e+02,9.095589555461826592e+01
7964,1.541743178465353310e+02,9.094668999031473788e+01
7965,1.541545331900697420e+02,9.093749953275897724e+01
7966,1.541347525304708199e+02,9.092832414062721114e+01
7967,1.541149758607857336e+02,9.091916377276669436e+01
7968,1.540952031740814334e+02,9.091001838819401826e+01
7969,1.540754344634447079e+02,9.090088794609435752e+01
7970,1.540556697219820421e+02,9.089177240582087336e+01
7971,1.540359089428198160e+02,9.088267172689357665e+01
7972,1.540161521191033955e+02,9.087358586899809154e+01
7973,1.539963992439980700e+02,9.086451479198547077e+01
7974,1.539766503106881146e+02,9.085545845587078873e+01
7975,1.539569053140548931e+02,9.084619134240290350e+01
7976,1.539371646997758205e+02,9.083387173487852806e+01
7977,1.539174294374749081e+02,9.082156933417230960e+01
7978,1.538976995189550223e+02,9.080928409913501298e+01
7979,1.538779749360394362e+02,9.079701598878615698e+01
7980,1.538582556805727393e+02,9.078476496231446902e+01
7981,1.538385417444200129e+02,9.077253097907610879e+01
7982,1.538188331194668024e+02,9.076031399859327564e+01
7983,1.537991297976194858e+02,9.074811398055429379e+01
7984,1.537794317708048197e+02,9.073593088481234759e+01
7985,1.537597390309699392e+02,9.072376467138363410e+01
7986,1.537400515700820449e+02,9.071161530044805943e+01
7987,1.537203693801288864e+02,9.069948273234697922e+01
7988,1.537006924531181653e+02,9.068736692758307072e+01
7989,1.536810207810777058e+02,9.067526784681874119e+01
7990,1.536613543560550283e+02,9.066318545087578684e+01
7991,1.536416931701180033e+02,9.065111970073448333e+01
7992,1.536220372153539131e+02,9.063907055753250575e+01
7993,1.536023864838699069e+02,9.062703798256377752e+01
7994,1.535827409677926596e+02,9.061502193727808674e+01
7995,1.535631006592685424e+02,9.060302238328016244e+01
7996,1.535434655504632815e+02,9.059103928232842406e+01
7997,1.535238356335620722e+02,9.057907259633446984e+01
7998,1.535042109007693796e+02,9.056712228736174097e+01
7999,1.534845913443089671e+02,9.055518831762591958e+01
8000,1.534649769564238113e+02,9.054327064949227122e+01
8001,1.534453677293755618e+02,9.053136924547607123e+01
8002,1.534257636554455075e+02,9.051948406824180893e+01
8003,1.534061647269333548e+02,9.050761508060131177e+01
8004,1.533865709361579093e+02,9.049576224551377379e+01
8005,1.533669822754568770e+02,9.048392552608531503e+01
8006,1.533473987371861540e+02,9.047210488556696362e+01
8007,1.533278203137207640e+02,9.046030028735458473e+01
8008,1.533082469974540345e+02,9.044851169498821264e+01
8009,1.532886787807979090e+02,9.043673907215085706e+01
8010,1.532691156561828052e+02,9.042498238266799149e+01
8011,1.532495576160570181e+02,9.041324159050653009e+01
8012,1.532300046528875441e+02,9.040151665977414552e+01
8013,1.532104567591595981e+02,9.038980755471851580e+01
8014,1.531909139273761582e+02,9.037811423972672742e+01
8015,1.531713761500584496e+02,9.036643667932411006e+01
8016,1.531518434197455747e+02,9.035477483817375344e+01
8017,1.531323156816586106e+02,9.034385232551450429e+01
8018,1.531127925811996136e+02,9.033341585541619168e+01
8019,1.530932739897908732e+02,9.032299247004439735e+01
8020,1.530737599012604733e+02,9.031258214061723777e+01
8021,1.530542503094513904e+02,9.030218483847200162e+01
8022,1.530347452082203006e+02,9.029180053506485137e+01
8023,1.530152445914388295e+02,9.028142920197009857e+01
8024,1.529957484529923022e+02,9.027107081087891061e+01
8025,1.529762567867803682e+02,9.026072533359976546e+01
8026,1.529567695867168879e+02,9.025039274205705908e+01
8027,1.529372868467292506e+02,9.024007300828982636e+01
8028,1.529178085607595676e+02,9.022976610445267909e+01
8029,1.528983347227631100e+02,9.021947200281354640e+01
8030,1.528788653267096720e+02,9.020919067575407269e+01
8031,1.528594003665822072e+02,9.019892209576823916e+01
8032,1.528399398363778801e+02,9.018866623546232120e+01
8033,1.528204837301073269e+02,9.017842306755369464e+01
8034,1.528010320417950254e+02,9.016819256487063683e+01
8035,1.527815847654787262e+02,9.015797470035143135e+01
8036,1.527621418952098225e+02,9.014776944704382800e+01
8037,1.527427034250533495e+02,9.013757677810423274e+01
8038,1.527232693490872748e+02,9.012739666679739514e+01
8039,1.527038396614035776e+02,9.011722908649539932e+01
8040,1.526844143561070553e+02,9.010707401067752187e+01
8041,1.526649934273159488e+02,9.009693141292915186e+01
8042,1.526455768691616015e+02,9.008680126694133605e+01
8043,1.526261646757885160e+02,9.007668354651045206e+01
8044,1.526067568413543256e+02,9.006657822553702886e+01
8045,1.525873533600298231e+02,9.005648527802553360e+01
8046,1.525679542259983918e+02,9.004640467808404480e+01
8047,1.525485594334568589e+02,9.003633639992303017e+01
8048,1.525291689766144998e+02,9.002628041785484925e+01
8049,1.525097828496936643e+02,9.001623670629382445e+01
8050,1.524904010469294917e+02,9.000620523975496212e+01
8051,1.524710235625695702e+02,8.999618599285362563e+01
8052,1.524516503908747609e+02,8.998617894030513753e+01
8053,1.524322815261178619e+02,8.997618405692350052e+01
8054,1.524129169625845748e+02,8.996620131762193751e+01
8055,1.523935566945731921e+02,8.995623069741159838e+01
8056,1.523742007163944834e+02,8.994627217140093478e+01
8057,1.523548490223714680e+02,8.993632571479538740e+01
8058,1.523355016068397276e+02,8.992639130289708760e+01
8059,1.523161584641471507e+02,8.991646891110372053e+01
8060,1.522968195886537615e+02,8.990655851490841144e+01
8061,1.522774849747320332e+02,8.989666008989881618e+01
8062,1.522581546167666033e+02,8.988677361175739122e+01
8063,1.522388285091541320e+02,8.987689905625984466e+01
8064,1.522195066463034721e+02,8.986703639927486620e+01
8065,1.522001890226354988e+02,8.985718561676436877e+01
8066,1.521808756325830814e+02,8.984734668478179742e+01
8067,1.521615664705910831e+02,8.983751957947239930e+01
8068,1.521422615311161053e+02,8.982770427707261263e+01
8069,1.521229608086271128e+02,8.981790075390958350e+01
8070,1.521036642976042970e+02,8.980810898639987272e+01
8071,1.520843719925400706e+02,8.979832895105032264e+01
8072,1.520650838879382150e+02,8.978856062445605346e+01
8073,1.520457999783145340e+02,8.977880398330125900e+01
8074,1.520265202581963422e+02,8.976905900435825458e+01
8075,1.520072447221223229e+02,8.975932566448643968e+01
8076,1.519879733646432101e+02,8.974960394063251101e+01
8077,1.519687061803208223e+02,8.973989380982969521e+01
8078,1.519494431637287164e+02,8.973019524919726564e+01
8079,1.519301843094515618e+02,8.972050823594032920e+01
8080,1.519109296120858801e+02,8.971083274734857582e+01
8081,1.518916790662390781e+02,8.970116876079671897e+01
8082,1.518724326665301021e+02,8.969151625374360037e+01
8083,1.518531904075891816e+02,8.968187520373182053e+01
8084,1.518339522840575739e+02,8.967224558838687187e+01
8085,1.518147182905879902e+02,8.966262738541742294e+01
8086,1.517954884218439418e+02,8.965302057261406787e+01
8087,1.517762626725001667e+02,8.964342512784965322e+01
8088,1.517570410372426011e+02,8.963384102907789952e+01
8089,1.517378235107681519e+02,8.962426825433406918e+01
8090,1.517186100877843558e+02,8.961470678173338911e+01
8091,1.516994007630101748e+02,8.960515658947115014e+01
8092,1.516801955311750874e+02,8.959561765582287762e+01
8093,1.516609943870195707e+02,8.958608995914262607e+01
8094,1.516417973252949309e+02,8.957657347786300761e+01
8095,1.516226043407632176e+02,8.956706819049568935e+01
8096,1.516034154281971666e+02,8.955757407562947492e+01
8097,1.515842305823803144e+02,8.954809111193108606e+01
8098,1.515650497981065996e+02,8.953861927814379840e+01
8099,1.515458730701810168e+02,8.952915855308778248e+01
8100,1.515267003934186221e+02,8.951970891565936483e+01
8101,1.515075317626452716e+02,8.951027034483026057e+01
8102,1.514883671726975081e+02,8.950084281964798549e+01
8103,1.514692066184219357e+02,8.949142631923464819e+01
8104,1.514500500946757597e+02,8.948202082278676528e+01
8105,1.514308975963267017e+02,8.947262630957524721e+01
8106,1.514117491182528283e+02,8.946324275894453137e+01
8107,1.513926046553422395e+02,8.945387015031235478e+01
8108,1.513734642024934089e+02,8.944450846316917136e+01
8109,1.513543277546152126e+02,8.943515767707812358e+01
8110,1.513351953066267299e+02,8.942581777167444557e+01
8111,1.513160668534570448e+02,8.941648872666502257e+01
8112,1.512969423900455013e+02,8.940717052182768043e+01
8113,1.512778219113413058e+02,8.939786313701195297e+01
8114,1.512587054123041241e+02,8.938856655213729141e+01
8115,1.512395928879031999e+02,8.937928074719307858e+01
8116,1.512204843331182076e+02,8.937000570223942475e+01
8117,1.512013797429383146e+02,8.936074139740492228e+01
8118,1.511822791123632044e+02,8.935148781288759778e+01
8119,1.511631824364017689e+02,8.934224492895383207e+01
8120,1.511440897100730751e+02,8.933301272593882913e+01
8121,1.511250009284061946e+02,8.932379118424510978e+01
8122,1.511059160864396063e+02,8.931458028434292373e+01
8123,1.510868351792217936e+02,8.930538000676996546e+01
8124,1.510677582018109604e+02,8.929619033213040780e+01
8125,1.510486851492748315e+02,8.928701124109490195e+01
8126,1.510296160166906532e+02,8.927784271440035013e+01
8127,1.510105507991457898e+02,8.926868473284947925e+01
8128,1.509914894917367860e+02,8.925953727731015874e+01
8129,1.509724320895697645e+02,8.925040032871544327e+01
8130,1.509533785877604259e+02,8.924127386806297579e+01
8131,1.509343289814340778e+02,8.923215787641500185e+01
8132,1.509152832657252077e+02,8.922305233489741738e+01
8133,1.508962414357780233e+02,8.921395722470023770e+01
8134,1.508772034867457990e+02,8.920487252707623327e+01
8135,1.508581694137915008e+02,8.919579822334172547e+01
8136,1.508391392120871330e+02,8.918673429487542137e+01
8137,1.508201128768141359e+02,8.917768072311847050e+01
8138,1.508010904031631583e+02,8.916863748957359803e+01
8139,1.507820717863341997e+02,8.915960457580582954e+01
8140,1.507630570215361843e+02,8.915058196344121200e+01
8141,1.507440461039874720e+02,8.914156963416672852e+01
8142,1.507250390289154893e+02,8.913256756973026995e+01
8143,1.507060357915567010e+02,8.912357575194008064e+01
8144,1.506870363871566951e+02,8.911459416266400524e+01
8145,1.506680408109700693e+02,8.910562278383045509e+01
8146,1.506490490582604878e+02,8.909666159742661762e+01
8147,1.506300611243005960e+02,8.908771058549893951e+01
8148,1.506110770043719924e+02,8.907876973015284250e+01
8149,1.505920966937650576e+02,8.906983901355219757e+01
8150,1.505731201877793808e+02,8.906091841791895547e+01
8151,1.505541474817230778e+02,8.905200792553301881e+01
8152,1.505351785709133878e+02,8.904310751873185836e+01
8153,1.505162134506760196e+02,8.903421717991028572e+01
8154,1.504972521163459191e+02,8.902533689152004115e+01
8155,1.504782945632664166e+02,8.901646663606967991e+01
8156,1.504593407867896815e+02,8.900760639612386171e+01
8157,1.504403907822766087e+02,8.899875615430377707e+01
8158,1.504214445450966195e+02,8.898991589328606722e+01
8159,1.504025020706280884e+02,8.898108559580312260e+01
8160,1.503835633542576318e+02,8.897226524464248598e+01
8161,1.503646283913805917e+02,8.896345482264653981e+01
8162,1.503456971774010640e+02,8.895465431271252044e+01
8163,1.503267697077315006e+02,8.894586369779204915e+01
8164,1.503078459777926241e+02,8.893708296089076271e+01
8165,1.502889259830139963e+02,8.892831208506804330e+01
8166,1.502700097188333928e+02,8.891955105343708965e+01
8167,1.502510971806972293e+02,8.891079984916423484e+01
8168,1.502321883640600504e+02,8.890205845546863372e+01
8169,1.502132832643850122e+02,8.889332685562241920e+01
8170,1.501943818771433712e+02,8.888460503295030435e+01
8171,1.501754841978149955e+02,8.887589297082877238e+01
8172,1.501565902218875976e+02,8.886719065268660245e+01
8173,1.501376999448576441e+02,8.885849806200427281e+01
8174,1.501188133622295595e+02,8.884981518231312236e+01
8175,1.500999304695158969e+02,8.884114199719638805e+01
8176,1.500810512622375654e+02,8.883247849028752796e+01
8177,1.500621757359236597e+02,8.882382464527118771e+01
8178,1.500433038861112891e+02,8.881518044588192140e+01
8179,1.500244357083455782e+02,8.880654587590451854e+01
8180,1.500055711981800073e+02,8.879792091917403241e+01
8181,1.499867103511759012e+02,8.878930555957443005e+01
8182,1.499678531629026850e+02,8.878069978103962967e+01
8183,1.499489996289376563e+02,8.877210356755232112e+01
8184,1.499301497448663554e+02,8.876351690314409382e+01
8185,1.499113035062822235e+02,8.875493977189537986e+01
8186,1.498924609087862621e+02,8.874637215793462985e+01
8187,1.498736219479877718e+02,8.873781404543871076e+01
8188,1.498547866195039262e+02,8.872926541863225225e+01
8189,1.498359549189596862e+02,8.872072626178767507e+01
8190,1.498171268419875162e+02,8.871219655922450897e+01
8191,1.497983023842282080e+02,8.870367629530998954e+01
8192,1.497794815413301137e+02,8.869516545445766553e+01
8193,1.497606643089493446e+02,8.868666402112802416e+01
8194,1.497418506827496856e+02,8.867817197982830635e+01
8195,1.497230406584027378e+02,8.866968931511185303e+01
8196,1.497042342315877193e+02,8.866121601157770726e+01
8197,1.496854313979917777e+02,8.865275205387113999e+01
8198,1.496666321533091946e+02,8.864429742668261270e+01
8199,1.496478364932422664e+02,8.863585211474820369e+01
8200,1.496290444135008784e+02,8.862741610284901128e+01
8201,1.496102559098023619e+02,8.861898937581102587e+01
8202,1.495914709778715803e+02,8.861057191850487413e+01
8203,1.495726896134410708e+02,8.860216371584580486e+01
8204,1.495539118122508739e+02,8.859376475279296415e+01
8205,1.495351375700481640e+02,8.858537501434966543e+01
8206,1.495163668825880734e+02,8.857699448556331845e+01
8207,1.494975997456329253e+02,8.856862315152447707e+01
8208,1.494788361549524609e+02,8.856026099736726565e+01
8209,1.494600761063239815e+02,8.855190800826915165e+01
8210,1.494413195955318656e+02,8.854356416945013564e+01
8211,1.494225666183680232e+02,8.853522946617333389e+01
8212,1.494038171706318394e+02,8.852690388374433894e+01
8213,1.493850712481298615e+02,8.851858740751080745e+01
8214,1.493663288466757990e+02,8.851028002286291496e+01
8215,1.493475899620907228e+02,8.850198171523238955e+01
8216,1.493288545902031217e+02,8.849369247009295236e+01
8217,1.493101227268485900e+02,8.848541227295969236e+01
8218,1.492913943678697706e+02,8.847714110938925103e+01
8219,1.492726695091168096e+02,8.846887896497894133e+01
8220,1.492539481464465894e+02,8.846062582536741559e+01
8221,1.492352302757236941e+02,8.845238167623395498e+01
8222,1.492165158928193591e+02,8.844414650329810001e+01
8223,1.491978049936119817e+02,8.843592029232020479e+01
8224,1.491790975739872636e+02,8.842770302910028590e+01
8225,1.491603936298378983e+02,8.841949469947884666e+01
8226,1.491416931570634290e+02,8.841129528933564075e+01
8227,1.491229961515705611e+02,8.840310478459014121e+01
8228,1.491043026092731054e+02,8.839492317120136988e+01
8229,1.490856125260916940e+02,8.838675043516740004e+01
8230,1.490669258979538654e+02,8.837858656252552692e+01
8231,1.490482427207943488e+02,8.837043153935144346e+01
8232,1.490295629905545525e+02,8.836228535175999355e+01
8233,1.490108867031828481e+02,8.835414798590404928e+01
8234,1.489922138546345138e+02,8.834601942797517893e+01
8235,1.489735444408717910e+02,8.833789966420266637e+01
8236,1.489548784578636855e+02,8.832978868085393742e+01
8237,1.489362159015857685e+02,8.832168646423414771e+01
8238,1.489175567680208587e+02,8.831359300068598372e+01
8239,1.488989010531582835e+02,8.830550827658946389e+01
8240,1.488802487529943335e+02,8.829743227836193853e+01
8241,1.488615998635316373e+02,8.828936499245773462e+01
8242,1.488429543807801565e+02,8.828130640536801366e+01
8243,1.488243123007559632e+02,8.827325650362088538e+01
8244,1.488056736194822918e+02,8.826521527378054088e+01
8245,1.487870383329887432e+02,8.825718270244784946e+01
8246,1.487684064373117110e+02,8.824915877625990390e+01
8247,1.487497779284941544e+02,8.824114348188963675e+01
8248,1.487311528025858252e+02,8.823313680604604770e+01
8249,1.487125310556427564e+02,8.822513873547353569e+01
8250,1.486939126837278877e+02,8.821714925695218312e+01
8251,1.486752976829105251e+02,8.820916835729751426e+01
8252,1.486566860492665114e+02,8.820119602336025366e+01
8253,1.486380777788784826e+02,8.819323224202598510e+01
8254,1.486194728678350998e+02,8.818527700021535054e+01
8255,1.486008713122319591e+02,8.817733028488362379e+01
8256,1.485822731081709662e+02,8.816939208302056841e+01
8257,1.485636782517604217e+02,8.816146238165060822e+01
8258,1.485450867391152201e+02,8.815354116783211680e+01
8259,1.485264985663564232e+02,8.814562842865785797e+01
8260,1.485079137296118574e+02,8.813772415125428950e+01
8261,1.484893322250153460e+02,8.812982832278154888e+01
8262,1.484707540487074198e+02,8.812194093043389387e+01
8263,1.484521791968346065e+02,8.811406196143850877e+01
8264,1.484336076655501984e+02,8.810619140305628605e+01
8265,1.484150394510134845e+02,8.809832924258103048e+01
8266,1.483964745493901489e+02,8.809047546733987133e+01
8267,1.483779129568522137e+02,8.808263006469248069e+01
8268,1.483593546695777832e+02,8.807479302203145721e+01
8269,1.483407996837514418e+02,8.806696432678204189e+01
8270,1.483222479955639415e+02,8.805914396640176278e+01
8271,1.483036996012122017e+02,8.805133192838054867e+01
8272,1.482851544968993096e+02,8.804352820024031701e+01
8273,1.482666126788346617e+02,8.803573276953517279e+01
8274,1.482480741432337084e+02,8.802794562385109600e+01
8275,1.482295388863181245e+02,8.802016675080562891e+01
8276,1.482110069043156670e+02,8.801239613804806083e+01
8277,1.481924781934602322e+02,8.800463377325894498e+01
8278,1.481739527499918552e+02,8.799687964415029739e+01
8279,1.481554305701566818e+02,8.798913373846525587e+01
8280,1.481369116502068266e+02,8.798139604397790947e+01
8281,1.481183959864005715e+02,8.797366654849338374e+01
8282,1.480998835750019964e+02,8.796594523984730074e+01
8283,1.480813744122816900e+02,8.795823210590634744e+01
8284,1.480628684945156692e+02,8.795052713456725257e+01
8285,1.480443658179864315e+02,8.794283031375728399e+01
8286,1.480258663789821298e+02,8.793514163143406392e+01
8287,1.480073701737969998e+02,8.792746107558497215e+01
8288,1.479888771987312452e+02,8.791978863422764334e+01
8289,1.479703874500911240e+02,8.791212429540949813e+01
8290,1.479519009241883509e+02,8.790446804720731677e+01
8291,1.479334176173412061e+02,8.789681987772814864e+01
8292,1.479149375258733414e+02,8.788917977510774904e+01
8293,1.478964606461144058e+02,8.788154772751160237e+01
8294,1.478779869744000166e+02,8.787392372313432531e+01
8295,1.478595165070715609e+02,8.786630775019945361e+01
8296,1.478410492404762238e+02,8.785869979695965526e+01
8297,1.478225851709670167e+02,8.785109985169631841e+01
8298,1.478041242949028060e+02,8.784350790271938081e+01
8299,1.477856666086482562e+02,8.783592393836767087e+01
8300,1.477672121085736592e+02,8.782834794700828240e+01
8301,1.477487607910551333e+02,8.782077991703643249e+01
8302,1.477303126524745664e+02,8.781321983687601573e+01
8303,1.477118676892195879e+02,8.780566769497858104e+01
8304,1.476934258976834258e+02,8.779812347982388587e+01
8305,1.476749872742652485e+02,8.779058717991927097e+01
8306,1.476565518153694825e+02,8.778305878380017191e+01
8307,1.476381195174066647e+02,8.777553828002949388e+01
8308,1.476196903767928177e+02,8.776802565719739846e+01
8309,1.476012643899493639e+02,8.776052090392171579e+01
8310,1.475828415533038367e+02,8.775302400884754661e+01
8311,1.475644218632888851e+02,8.774553496064676494e+01
8312,1.475460053163430985e+02,8.773805374801887069e+01
8313,1.475275919089106651e+02,8.773058035968995227e+01
8314,1.475091816374410598e+02,8.772311478441264398e+01
8315,1.474907744983894133e+02,8.771565701096686496e+01
8316,1.474723704882165123e+02,8.770820702815876757e+01
8317,1.474539696033886287e+02,8.770076482482093638e+01
8318,1.474355718403775199e+02,8.769333038981235973e+01
8319,1.474171771956604573e+02,8.768590371201852918e+01
8320,1.473987856657202542e+02,8.767848478035094217e+01
8321,1.473803972470450958e+02,8.767107358374694570e+01
8322,1.473620119361286811e+02,8.766367011117014840e+01
8323,1.473436297294701092e+02,8.765627435160968162e+01
8324,1.473252506235739361e+02,8.764888629408036991e+01
8325,1.473068746149503170e+02,8.764150592762325687e+01
8326,1.472885017001146934e+02,8.763413324130404192e+01
8327,1.472701318755875945e+02,8.762676822421465772e+01
8328,1.472517651378954611e+02,8.761941086547157909e+01
8329,1.472334014835697360e+02,8.761206115421698826e+01
8330,1.472150409091472341e+02,8.760471907961803595e+01
8331,1.471966834111705680e+02,8.759738463086677029e+01
8332,1.471783289861868411e+02,8.759005779718020790e+01
8333,1.471599776307494096e+02,8.758273856780024857e+01
8334,1.471416293414162340e+02,8.757542693199332007e+01
8335,1.471232841147507884e+02,8.756812287905063386e+01
8336,1.471049419473220325e+02,8.756082639828761671e+01
8337,1.470866028357039283e+02,8.755353747904443651e+01
8338,1.470682667764758094e+02,8.754625611068527746e+01
8339,1.470499337662221251e+02,8.753898228259861014e+01
8340,1.470316038015328104e+02,8.753171598419710620e+01
8341,1.470132768790027455e+02,8.752445720491735415e+01
8342,1.469949529952322109e+02,8.751720593421984518e+01
8343,1.469766321468265176e+02,8.750996216158904417e+01
8344,1.469583143303962913e+02,8.750272587653270762e+01
8345,1.469399995425572740e+02,8.749549706858286413e+01
8346,1.469216877799304655e+02,8.748827572729460655e+01
8347,1.469033790391417256e+02,8.748106184224660353e+01
8348,1.468850733168223428e+02,8.747385540304077267e+01
8349,1.468667706096086363e+02,8.746665639930252212e+01
8350,1.468484709141419842e+02,8.745946482068028160e+01
8351,1.468301742258914260e+02,8.745236462452072601e+01
8352,1.468118804432208151e+02,8.744581439916770194e+01
8353,1.467935894000782753e+02,8.743927227304671135e+01
8354,1.467753010928719277e+02,8.743273823324904015e+01
8355,1.467570155180161180e+02,8.742621226689644232e+01
8356,1.467387326719313023e+02,8.741969436114096936e+01
8357,1.467204525510441044e+02,8.741318450316464350e+01
8358,1.467021751517871166e+02,8.740668268017928710e+01
8359,1.466839004705992693e+02,8.740018887942707693e+01
8360,1.466656285039253476e+02,8.739370308817950672e+01
8361,1.466473592482163326e+02,8.738722529373784198e+01
8362,1.466290926999292310e+02,8.738075548343283572e+01
8363,1.466108288555270462e+02,8.737429364462464321e+01
8364,1.465925677114788925e+02,8.736783976470273672e+01
8365,1.465743092642597958e+02,8.736139383108589129e+01
8366,1.465560535103507505e+02,8.735495583122150265e+01
8367,1.465378004462387764e+02,8.734852575258628349e+01
8368,1.465195500684169758e+02,8.734210358268586560e+01
8369,1.465013023733841635e+02,8.733568930905420302e+01
8370,1.464830573576453787e+02,8.732928291925423991e+01
8371,1.464648150177112313e+02,8.732288440087722847e+01
8372,1.464465753500984988e+02,8.731649374154291365e+01
8373,1.464283383513297849e+02,8.731011092889912106e+01
8374,1.464101040179335769e+02,8.730373595062222591e+01
8375,1.463918723464440461e+02,8.729736879441639985e+01
8376,1.463736433334016454e+02,8.729100944801373885e+01
8377,1.463554169753521990e+02,8.728465789917444795e+01
8378,1.463371932688474715e+02,8.727831413568625862e+01
8379,1.463189722104453381e+02,8.727197814536462772e+01
8380,1.463007537967089888e+02,8.726564991605262378e+01
8381,1.462825380242077813e+02,8.725932943562067123e+01
8382,1.462643248895167005e+02,8.725301669196669252e+01
8383,1.462461143892163591e+02,8.724671167301556807e+01
8384,1.462279065198933097e+02,8.724041436671946315e+01
8385,1.462097012781397609e+02,8.723412476105774260e+01
8386,1.461914986605534637e+02,8.722784284403634558e+01
8387,1.461732986637381941e+02,8.722156860368831133e+01
8388,1.461551012843031856e+02,8.721530202807343812e+01
8389,1.461369065188632419e+02,8.720904310527801329e+01
8390,1.461187143640392208e+02,8.720279182341485580e+01
8391,1.461005248164571810e+02,8.719654817062325947e+01
8392,1.460823378727489796e+02,8.719031213506900713e+01
8393,1.460641535295523568e+02,8.718408370494381643e+01
8394,1.460459717835101685e+02,8.717786286846593669e+01
8395,1.460277926312711259e+02,8.717164961387926780e+01
8396,1.460096160694896525e+02,8.716544392945392872e+01
8397,1.459914420948254872e+02,8.715924580348591633e+01
8398,1.459732707039439674e+02,8.715305522429680707e+01
8399,1.459551018935160869e+02,8.714687218023388482e+01
8400,1.459369356602182108e+02,8.714069665967019773e+01
8401,1.459187720007324742e+02,8.713452865100407507e+01
8402,1.459006109117461278e+02,8.712836814265941143e+01
8403,1.458824523899521921e+02,8.712221512308525462e+01
8404,1.458642964320492013e+02,8.711606958075583407e+01
8405,1.458461430347409475e+02,8.710993150417083086e+01
8406,1.458279921947368223e+02,8.710380088185448244e+01
8407,1.458098439087514464e+02,8.709767770235622208e+01
8408,1.457916981735051252e+02,8.709156195425042313e+01
8409,1.457735549857234503e+02,8.708545362613598684e+01
8410,1.457554143421374704e+02,8.707935270663666927e+01
8411,1.457372762394834922e+02,8.707325918440065493e+01
8412,1.457191406745033930e+02,8.706717304810075575e+01
8413,1.457010076439441946e+02,8.706109428643428316e+01
8414,1.456828771445584039e+02,8.705502288812262179e+01
8415,1.456647491731039281e+02,8.704895884191139999e+01
8416,1.456466237263437051e+02,8.704290213657070296e+01
8417,1.456285008010464139e+02,8.703685276089434808e+01
8418,1.456103803939857073e+02,8.703081070370042482e+01
8419,1.455922625019405814e+02,8.702477595383055586e+01
8420,1.455741471216955176e+02,8.701874850015060758e+01
8421,1.455560342500399429e+02,8.701272833154979480e+01
8422,1.455379238837687410e+02,8.700671543694124921e+01
8423,1.455198160196820822e+02,8.700070980526155040e+01
8424,1.455017106545851675e+02,8.699471142547071167e+01
8425,1.454836077852885410e+02,8.698872028655223687e+01
8426,1.454655074086080333e+02,8.698273637751297827e+01
8427,1.454474095213644773e+02,8.697675968738289498e+01
8428,1.454293141203840776e+02,8.697079020521515247e+01
8429,1.454112212024979840e+02,8.696482792008607987e+01
8430,1.453931307645428319e+02,8.695887282109490002e+01
8431,1.453750428033599462e+02,8.695292489736384312e+01
8432,1.453569573157964214e+02,8.694698413803789094e+01
8433,1.453388742987037574e+02,8.694105053228496161e+01
8434,1.453207937489391384e+02,8.693512406929525582e+01
8435,1.453027156633645802e+02,8.692920473828216643e+01
8436,1.452846400388472148e+02,8.692329252848105625e+01
8437,1.452665668722593182e+02,8.691738742915009652e+01
8438,1.452484961604781688e+02,8.691148942956974111e+01
8439,1.452304279003861325e+02,8.690559851904272648e+01
8440,1.452123620888706341e+02,8.689971468689392964e+01
8441,1.451942987228241577e+02,8.689383792247053862e+01
8442,1.451762377991441042e+02,8.688796821514186774e+01
8443,1.451581793147330188e+02,8.688210555429888871e+01
8444,1.451401232664983638e+02,8.687624992935478474e+01
8445,1.451220696513525468e+02,8.687040132974463802e+01
8446,1.451040184662131765e+02,8.686455974492517385e+01
8447,1.450859697080025228e+02,8.685872516437471802e+01
8448,1.450679233736480569e+02,8.685289757759350948e+01
8449,1.450498794600819110e+02,8.684707697410311766e+01
8450,1.450318379642416744e+02,8.684126334344676934e+01
8451,1.450137988830692848e+02,8.683545667518900757e+01
8452,1.449957622135119664e+02,8.682965695891572011e+01
8453,1.449777279525216613e+02,8.682386418423413943e+01
8454,1.449596960970552857e+02,8.681807834077270059e+01
8455,1.449416666440746724e+02,8.681229941818097018e+01
8456,1.449236395905463723e+02,8.680652740612941898e+01
8457,1.449056149334419672e+02,8.680076229430976298e+01
8458,1.448875926697378418e+02,8.679500407243459392e+01
8459,1.448695727964150990e+02,8.678925273023720877e+01
8460,1.448515553104599007e+02,8.678350825747189390e+01
8461,1.448335402088630417e+02,8.677777064391354145e+01
8462,1.448155274886202619e+02,8.677203987935774876e+01
8463,1.447975171467317352e+02,8.676631595362064786e+01
8464,1.447795091802030925e+02,8.676059885653899073e+01
8465,1.447615035860440571e+02,8.675488857796986508e+01
8466,1.447435003612696676e+02,8.674918510779092173e+01
8467,1.447254995028993392e+02,8.674348843589997671e+01
8468,1.447075010079573758e+02,8.673779855221525281e+01
8469,1.446895048734728846e+02,8.673211544667495332e+01
8470,1.446715110964794349e+02,8.672643910923761723e+01
8471,1.446535196740157119e+02,8.672076952988184928e+01
8472,1.446355306031248915e+02,8.671510669860612097e+01
8473,1.446175438808547540e+02,8.670945060542885585e+01
8474,1.445995595042579112e+02,8.670380124038837266e+01
8475,1.445815774703915508e+02,8.669815859354291376e+01
8476,1.445635977763178062e+02,8.669252265497040355e+01
8477,1.445456204191029315e+02,8.668689341476846266e+01
8478,1.445276453958183538e+02,8.668127086305410955e+01
8479,1.445096727035398771e+02,8.667565498996441420e+01
8480,1.444917023393478814e+02,8.667004578565547490e+01
8481,1.444737343003277203e+02,8.666444324030308621e+01
8482,1.444557685835688403e+02,8.665884734410229839e+01
8483,1.444378051861656331e+02,8.665325808726755952e+01
8484,1.444198441052170381e+02,8.664767546003253074e+01
8485,1.444018853378265135e+02,8.664209945265010049e+01
8486,1.443839288811020083e+02,8.663653005539218555e+01
8487,1.443659747321561895e+02,8.663096725855004365e+01
8488,1.443480228881062146e+02,8.662541105243364825e+01
8489,1.443300733460737035e+02,8.661986142737205796e+01
8490,1.443121261031851077e+02,8.661431837371330289e+01
8491,1.442941811565708292e+02,8.660878188182417148e+01
8492,1.442762385033663861e+02,8.660325194209022470e+01
8493,1.442582981407114175e+02,8.659772854491575345e+01
8494,1.442403600657501954e+02,8.659221168072377850e+01
8495,1.442224242756314538e+02,8.658670133995593687e+01
8496,1.442044907675083323e+02,8.658119751307224021e+01
8497,1.441865595385385745e+02,8.657570019055145849e+01
8498,1.441686305858844150e+02,8.657020936289060842e+01
8499,1.441507039067122378e+02,8.656472502060525187e+01
8500,1.441327794981931731e+02,8.655924715422902693e+01
8501,1.441148573575025580e+02,8.655377575431415949e+01
8502,1.440969374818204187e+02,8.654831081143082372e+01
8503,1.440790198683309313e+02,8.654285231616761109e+01
8504,1.440611045142226772e+02,8.653740025913091927e+01
8505,1.440431914166888703e+02,8.653195463094546369e+01
8506,1.440252805729269028e+02,8.652651542225375181e+01
8507,1.440073719801385721e+02,8.652108262371653780e+01
8508,1.439894656355300526e+02,8.651565622601209782e+01
8509,1.439715615363119809e+02,8.651023621983671319e+01
8510,1.439536596796991716e+02,8.650482259590458511e+01
8511,1.439357600629107878e+02,8.649941534494736572e+01
8512,1.439178626831705117e+02,8.649401445771458441e+01
8513,1.438999675377061180e+02,8.648861992497332096e+01
8514,1.438820746237499009e+02,8.648323173750836190e+01
8515,1.438641839385382752e+02,8.647784988612181678e+01
8516,1.438462954793118342e+02,8.647247436163330292e+01
8517,1.438284092433160879e+02,8.646710515487998805e+01
8518,1.438105252278000705e+02,8.646174225671636293e+01
8519,1.437926434300174208e+02,8.645638565801405662e+01
8520,1.437747638472260405e+02,8.645103534966214909e+01
8521,1.437568864766881234e+02,8.644569132256692967e+01
8522,1.437390113156698703e+02,8.644035356765184019e+01
8523,1.437211383614420299e+02,8.643502207585723340e+01
8524,1.437032676112793297e+02,8.642969683814087034e+01
8525,1.436853990624609025e+02,8.642437784547730928e+01
8526,1.436675327122698604e+02,8.641906508885807625e+01
8527,1.436496685579938060e+02,8.641375855929157979e+01
8528,1.436318065969244060e+02,8.640845824780333828e+01
8529,1.436139468263571644e+02,8.640316414543541157e+01
8530,1.435960892435923029e+02,8.639787624324669935e+01
8531,1.435782338459339655e+02,8.639259453231295538e+01
8532,1.435603806306905597e+02,8.638731900372648909e+01
8533,1.435425295951743578e+02,8.638204964859612289e+01
8534,1.435246807367020097e+02,8.637678645804749067e+01
8535,1.435068340525942574e+02,8.637152942322263982e+01
8536,1.434889895401760782e+02,8.636627853528004550e+01
8537,1.434711471967761724e+02,8.636103378539482378e+01
8538,1.434533070197280153e+02,8.635579516475816320e+01
8539,1.434354690063684643e+02,8.635056266457789320e+01
8540,1.434176331540389526e+02,8.634533627607795836e+01
8541,1.433997994600846653e+02,8.634011599049861729e+01
8542,1.433819679218552778e+02,8.633490179909638584e+01
8543,1.433641399417253979e+02,8.631571682190012496e+01
8544,1.433463199596672553e+02,8.629617983460941844e+01
8545,1.433285080404204450e+02,8.627667771940224384e+01
8546,1.433107041677744462e+02,8.625721040948819507e+01
8547,1.432929083255558851e+02,8.623777783821228127e+01
8548,1.432751204976285635e+02,8.621837993905511155e+01
8549,1.432573406678934589e+02,8.619901664563307975e+01
8550,1.432395688202886959e+02,8.617968789169680122e+01
8551,1.432218049387890346e+02,8.616039361113202233e+01
8552,1.432040490074062973e+02,8.614113373795876782e+01
8553,1.431863010101886857e+02,8.612190820633082922e+01
8554,1.431685609312213217e+02,8.610271695053553742e+01
8555,1.431508287546257350e+02,8.608355990499400434e+01
8556,1.431331044645599491e+02,8.606443700426035548e+01
8557,1.431153880452181681e+02,8.604534818302134624e+01
8558,1.430976794808309762e+02,8.602629337609621984e+01
8559,1.430799787556651097e+02,8.600727251843626675e+01
8560,1.430622858540231164e+02,8.598828554512488154e+01
8561,1.430446007602438954e+02,8.596933239137652549e+01
8562,1.430269234587017877e+02,8.595041299253777822e+01
8563,1.430092539338070878e+02,8.593152728408539076e+01
8564,1.429915921700058163e+02,8.591267520162641347e+01
8565,1.429739381517795778e+02,8.589385668089953185e+01
8566,1.429562918636450775e+02,8.587507165777248019e+01
8567,1.429386532901551448e+02,8.585632006824286577e+01
8568,1.429210224158971130e+02,8.583760184843788466e+01
8569,1.429033992254940983e+02,8.581891693461381010e+01
8570,1.428857837036039484e+02,8.580026526315580782e+01
8571,1.428681758349198674e+02,8.578164677057789334e+01
8572,1.428505756041697623e+02,8.576306139352155355e+01
8573,1.428329829961164137e+02,8.574450906875709677e+01
8574,1.428153979955574187e+02,8.572598973318200422e+01
8575,1.427978205873249351e+02,8.570750332382129955e+01
8576,1.427802507562857954e+02,8.568904977782700882e+01
8577,1.427626884873412223e+02,8.567062903247841632e+01
8578,1.427451337654270276e+02,8.565224102518047289e+01
8579,1.427275865755129303e+02,8.563388569346504653e+01
8580,1.427100469026031817e+02,8.561556297499011237e+01
8581,1.426925147317361393e+02,8.559727280753821788e+01
8582,1.426749900479839255e+02,8.557901512901861452e+01
8583,1.426574728364530529e+02,8.556078987746489872e+01
8584,1.426399630822834865e+02,8.554259699103569403e+01
8585,1.426224607706490417e+02,8.552443640801385527e+01
8586,1.426049658867574408e+02,8.550630806680689489e+01
8587,1.425874784158497448e+02,8.548821190594625818e+01
8588,1.425699983432007230e+02,8.547014786408672649e+01
8589,1.425525256541183410e+02,8.545211588000672975e+01
8590,1.425350603339441307e+02,8.543411589260780659e+01
8591,1.425176023680526214e+02,8.541614784091441948e+01
8592,1.425001517418518233e+02,8.539821166407350006e+01
8593,1.424827084407825453e+02,8.538030730135426438e+01
8594,1.424652724503185937e+02,8.536243469214785762e+01
8595,1.424478437559669999e+02,8.534459377596769514e+01
8596,1.424304223432673098e+02,8.532678449244794194e+01
8597,1.424130081977917825e+02,8.530900678134460691e+01
8598,1.423956013051455045e+02,8.529126058253429221e+01
8599,1.423782016509660480e+02,8.527354583601390914e+01
8600,1.423608092209235849e+02,8.525586248190194283e+01
8601,1.423434240007203471e+02,8.523821046043545380e+01
8602,1.423260459760914500e+02,8.522058971197280641e+01
8603,1.423086751328035859e+02,8.520300017699084094e+01
8604,1.422913114566561319e+02,8.518544179608649358e+01
8605,1.422739549334802120e+02,8.516791450997529012e+01
8606,1.422566055491391239e+02,8.515041825949177223e+01
8607,1.422392632895280258e+02,8.513295298558887225e+01
8608,1.422219281405737661e+02,8.511551862933788470e+01
8609,1.422046000882352246e+02,8.509811513192825316e+01
8610,1.421872791185025733e+02,8.508074243466667497e+01
8611,1.421699652173977881e+02,8.506340047897811019e+01
8612,1.421526583709743932e+02,8.504608920640386316e+01
8613,1.421353585653170626e+02,8.502880855860274778e+01
8614,1.421180657865420471e+02,8.501155847735005011e+01
8615,1.421007800207969751e+02,8.499433890453796892e+01
8616,1.420835012542601419e+02,8.497714978217408088e+01
8617,1.420662294731414477e+02,8.495999105238229276e+01
8618,1.420489646636816303e+02,8.494286265740282715e+01
8619,1.420317068121523221e+02,8.492576453959010507e+01
8620,1.420144559048560211e+02,8.490869664141438022e+01
8621,1.419972119281259779e+02,8.489165890546092896e+01
8622,1.419799748683263658e+02,8.487465127442946766e+01
8623,1.419627447118515988e+02,8.485767369113402481e+01
8624,1.419455214451269853e+02,8.484072609850299784e+01
8625,1.419283050546082450e+02,8.482380843957859895e+01
8626,1.419110955267812813e+02,8.480692065751671294e+01
8627,1.418938928481626078e+02,8.479006269558664144e+01
8628,1.418766970052984107e+02,8.477323449717047765e+01
8629,1.418595079847658269e+02,8.475643600576400161e+01
8630,1.418423257731714955e+02,8.473966716497493223e+01
8631,1.418251503571522960e+02,8.472292791852358107e+01
8632,1.418079817233750646e+02,8.470621821024261067e+01
8633,1.417908198585361106e+02,8.468953798407656564e+01
8634,1.417736647493620410e+02,8.467288718408120474e+01
8635,1.417565163826089361e+02,8.465626575442432511e+01
8636,1.417393747450625767e+02,8.463967363938498067e+01
8637,1.417222398235380183e+02,8.462311078335223158e+01
8638,1.417051116048801305e+02,8.460657713082696318e+01
8639,1.416879900759630573e+02,8.459007262641996761e+01
8640,1.416708752236903308e+02,8.457359721485228476e+01
8641,1.416537670349944165e+02,8.455715084095473344e+01
8642,1.416366654968374235e+02,8.454073344966839443e+01
8643,1.416195705962103375e+02,8.452434498604348789e+01
8644,1.416024823201331628e+02,8.450798539523955810e+01
8645,1.415854006556547802e+02,8.449165462252506131e+01
8646,1.415683255898532025e+02,8.447535261327762157e+01
8647,1.415512571098351771e+02,8.445907931298302174e+01
8648,1.415341952027359866e+02,8.444283466723554454e+01
8649,1.415171398557197904e+02,8.442661862173741838e+01
8650,1.415000910559793397e+02,8.441043112229908729e+01
8651,1.414830487907357224e+02,8.439427211483823044e+01
8652,1.414660130472385902e+02,8.437814154537971945e+01
8653,1.414489838127661017e+02,8.436203936005654214e+01
8654,1.414319610746244962e+02,8.434596550510735824e+01
8655,1.414149448201484063e+02,8.432991992687843208e+01
8656,1.413979350367006020e+02,8.431390257182214043e+01
8657,1.413809317116719342e+02,8.429791338649698673e+01
8658,1.413639348324811351e+02,8.428195231756765793e+01
8659,1.413469443865751884e+02,8.426601931180466920e+01
8660,1.413299603614286468e+02,8.425011431608389501e+01
8661,1.413129827445441151e+02,8.423423727738664013e+01
8662,1.412960115234519378e+02,8.421838814279917074e+01
8663,1.412790466857098295e+02,8.420256685951282805e+01
8664,1.412620882189034148e+02,8.418677337482340306e+01
8665,1.412451361106458592e+02,8.417100763613122183e+01
8666,1.412281903485775558e+02,8.415526959094073334e+01
8667,1.412112509203665525e+02,8.413955918686041002e+01
8668,1.411943178137079258e+02,8.412387637160230724e+01
8669,1.411773910163242931e+02,8.410822109298224802e+01
8670,1.411604705159653292e+02,8.409259329891925461e+01
8671,1.411435563004079938e+02,8.407699293743530689e+01
8672,1.411266483574560766e+02,8.406141995665562661e+01
8673,1.411097466749404248e+02,8.404587430480738419e+01
8674,1.410928512407188293e+02,8.403035593022077876e+01
8675,1.410759620426759966e+02,8.401486478132811442e+01
8676,1.410590790687233209e+02,8.399940080666338815e+01
8677,1.410422023067989414e+02,8.398396395486251720e+01
8678,1.410253317448676285e+02,8.396855417466336746e+01
8679,1.410084673709209255e+02,8.395317141490436086e+01
8680,1.409916091729765242e+02,8.393781562452548428e+01
8681,1.409747571390789176e+02,8.392248675256787749e+01
8682,1.409579112572987469e+02,8.390718474817256833e+01
8683,1.409410715157333129e+02,8.389190956058210702e+01
8684,1.409242379025057232e+02,8.387666113913827814e+01
8685,1.409074104057655745e+02,8.386143943328367811e+01
8686,1.408905890136884977e+02,8.384624439256035089e+01
8687,1.408737737144762150e+02,8.383107596660997274e+01
8688,1.408569644963563974e+02,8.381593410517380960e+01
8689,1.408401613475826650e+02,8.380081875809197811e+01
8690,1.408233642564346155e+02,8.378572987530419880e+01
8691,1.408065732112174544e+02,8.377066740684826129e+01
8692,1.407897882002621941e+02,8.375563130286091962e+01
8693,1.407730092119255971e+02,8.374062151357728112e+01
8694,1.407562362345900340e+02,8.372563798933056489e+01
8695,1.407394692566633410e+02,8.371068068055168965e+01
8696,1.407227082665788771e+02,8.369574953776979953e+01
8697,1.407059532527952967e+02,8.368084451161111303e+01
8698,1.406892042037969759e+02,8.366596555279932090e+01
8699,1.406724611080931879e+02,8.365111261215531613e+01
8700,1.406557239542186721e+02,8.363628564059700921e+01
8701,1.406389927307331504e+02,8.362148458913864602e+01
8702,1.406222674262216401e+02,8.360670940889124836e+01
8703,1.406055480292941127e+02,8.359196005106193184e+01
8704,1.405888345285855507e+02,8.357723646695437481e+01
8705,1.405721269127559196e+02,8.356253860796775257e+01
8706,1.405554251704898832e+02,8.354786642559679422e+01
8707,1.405387292904969456e+02,8.353321987143181104e+01
8708,1.405220392615114804e+02,8.351859889715908025e+01
8709,1.405053550722924456e+02,8.350400345455915385e+01
8710,1.404886767116234978e+02,8.348943349550751236e+01
8711,1.404720041683125942e+02,8.347488897197496271e+01
8712,1.404553374311925040e+02,8.346036983602600401e+01
8713,1.404386764891203541e+02,8.344587603981999280e+01
8714,1.404220213309774579e+02,8.343140753561044676e+01
8715,1.404053719456696570e+02,8.341696427574413519e+01
8716,1.403887283221269513e+02,8.340254621266230117e+01
8717,1.403720904493033856e+02,8.338815329889909833e+01
8718,1.403554583161775611e+02,8.337378548708214510e+01
8719,1.403388319117516971e+02,8.335944272993280890e+01
8720,1.403222112250523708e+02,8.334512498026414562e+01
8721,1.403055962451298910e+02,8.333083219098307382e+01
8722,1.402889869610586118e+02,8.331656431508834260e+01
8723,1.402723833619366189e+02,8.330232130567141269e+01
8724,1.402557854368858159e+02,8.328810311591567483e+01
8725,1.402391931750518950e+02,8.327390969909671981e+01
8726,1.402226065656041669e+02,8.325974100858165627e+01
8727,1.402060255977354188e+02,8.324559699782901134e+01
8728,1.401894502606623121e+02,8.323147762038937003e+01
8729,1.401728805436245864e+02,8.321738282990366997e+01
8730,1.401563164358857989e+02,8.320331258010425302e+01
8731,1.401397579267326137e+02,8.318926682481470891e+01
8732,1.401232050054751710e+02,8.317524551794821264e+01
8733,1.401066576614466896e+02,8.316124861350905917e+01
8734,1.400901158840038931e+02,8.314727606559208084e+01
8735,1.400735796625263845e+02,8.313332782838145363e+01
8736,1.400570489864169588e+02,8.311940385615127980e+01
8737,1.400405238451014611e+02,8.310550410326601423e+01
8738,1.400240042280286161e+02,8.309162852417904332e+01
8739,1.400074901246703405e+02,8.307777707343302609e+01
8740,1.399909815245210893e+02,8.306394970565997937e+01
8741,1.399744784170983394e+02,8.305014637558107893e+01
8742,1.399579807919421341e+02,8.303636703800543728e+01
8743,1.399414886386155388e+02,8.302261164783162428e+01
8744,1.399250019467039294e+02,8.300888016004607550e+01
8745,1.399085207058155333e+02,8.299517252972370329e+01
8746,1.398920449055807183e+02,8.298148871202710097e+01
8747,1.398755745356528450e+02,8.296782866220711128e+01
8748,1.398591095857073867e+02,8.295419233560211580e+01
8749,1.398426500454422694e+02,8.294057968763769395e+01
8750,1.398261959045777019e+02,8.292699067382693556e+01
8751,1.398097471528562039e+02,8.291342524977002881e+01
8752,1.397933037800424074e+02,8.289988337115411809e+01
8753,1.397768657759233406e+02,8.288636499375310507e+01
8754,1.397604331303076890e+02,8.287287007342726497e+01
8755,1.397440058330266766e+02,8.285939856612350241e+01
8756,1.397275838739333267e+02,8.284595042787483976e+01
8757,1.397111672429022633e+02,8.283252561480045983e+01
8758,1.396947559298306487e+02,8.281912408310518003e+01
8759,1.396783499246370468e+02,8.280574578907972239e+01
8760,1.396619492172618209e+02,8.279239068910005983e+01
8761,1.396455537976671906e+02,8.277905873962761518e+01
8762,1.396291636558369760e+02,8.276574989720926112e+01
8763,1.396127787817765693e+02,8.275246411847645334e+01
8764,1.395963991655131053e+02,8.273920136014545790e+01
8765,1.395800247970951489e+02,8.272596157901728020e+01
8766,1.395636556665925809e+02,8.271274473197756549e+01
8767,1.395472917640969968e+02,8.269955077599607307e+01
8768,1.395309330797211658e+02,8.268637966812650575e+01
8769,1.395145796035990600e+02,8.267323136550665197e+01
8770,1.394982313258861097e+02,8.266010582535834317e+01
8771,1.394818882367589765e+02,8.264700300498628849e+01
8772,1.394655503264152685e+02,8.263392286177948165e+01
8773,1.394492175850737965e+02,8.262086535320923986e+01
8774,1.394328900029746876e+02,8.260783043683085225e+01
8775,1.394165675703785610e+02,8.259481807028200251e+01
8776,1.394002502775674088e+02,8.258182821128319517e+01
8777,1.393839381148438861e+02,8.256886081763754248e+01
8778,1.393676310725316512e+02,8.255591584723029541e+01
8779,1.393513291409751389e+02,8.254299325802955423e+01
8780,1.393350323105393898e+02,8.253009300808476212e+01
8781,1.393187405716104763e+02,8.251721505552768576e+01
8782,1.393024539145945653e+02,8.250435935857176162e+01
8783,1.392861723299191397e+02,8.249152587551186855e+01
8784,1.392698958080317766e+02,8.247871456472438467e+01
8785,1.392536243394004032e+02,8.246592538466663314e+01
8786,1.392373579145138365e+02,8.245315829387753581e+01
8787,1.392210965238810445e+02,8.244041325097622064e+01
8788,1.392048401580314589e+02,8.242769021466321533e+01
8789,1.391885888075148614e+02,8.241498914371922524e+01
8790,1.391723424629010424e+02,8.240230999700524706e+01
8791,1.391561011147802276e+02,8.238965273346306617e+01
8792,1.391398647537627085e+02,8.237701731211355138e+01
8793,1.391236333704789843e+02,8.236440369205848810e+01
8794,1.391074069555794495e+02,8.235181183247878778e+01
8795,1.390911854997347916e+02,8.233924169263545423e+01
8796,1.390749689936353661e+02,8.232669323186820520e+01
8797,1.390587574279915657e+02,8.231416640959641029e+01
8798,1.390425507935337635e+02,8.230166118531873565e+01
8799,1.390263490810120288e+02,8.228917751861260399e+01
8800,1.390101522811961559e+02,8.227671536913366879e+01
8801,1.389939603848758907e+02,8.226427469661716430e+01
8802,1.389777733828605619e+02,8.225185546087615762e+01
8803,1.389615912659788250e+02,8.223945762180187558e+01
8804,1.389454140250796570e+02,8.222708113936425889e+01
8805,1.389292416510307078e+02,8.221472597361089640e+01
8806,1.389130741347198068e+02,8.220239208466682612e+01
8807,1.388969114670539682e+02,8.219007943273547312e+01
8808,1.388807536389593338e+02,8.217778797809712898e+01
8809,1.388646006413820828e+02,8.216551768110966236e+01
8810,1.388484524652869538e+02,8.215326850220833421e+01
8811,1.388323091016585522e+02,8.214104040190517253e+01
8812,1.388161705415002416e+02,8.212883334078901498e+01
8813,1.388000367758348546e+02,8.211664727952555154e+01
8814,1.387839077957043799e+02,8.210448217885708289e+01
8815,1.387677835921696499e+02,8.209233799960192357e+01
8816,1.387516641563107100e+02,8.208021470265539676e+01
8817,1.387355494792264494e+02,8.206811224898804369e+01
8818,1.387194395520347996e+02,8.205603059964714419e+01
8819,1.387033343658727915e+02,8.204396971575484088e+01
8820,1.386872339118957882e+02,8.203192955850978763e+01
8821,1.386711381812786783e+02,8.201991008918578530e+01
8822,1.386550471652144552e+02,8.200791126913173912e+01
8823,1.386389608549152115e+02,8.199593305977199975e+01
8824,1.386228792416114572e+02,8.198397542260570958e+01
8825,1.386068023165526597e+02,8.197203831920708694e+01
8826,1.385907300710066465e+02,8.196012171122498557e+01
8827,1.385746624962598617e+02,8.194822556038283778e+01
8828,1.385585995836172231e+02,8.193634982847844128e+01
8829,1.385425413244021513e+02,8.192449447738376023e+01
8830,1.385264877099563137e+02,8.191265946904508155e+01
8831,1.385104387316401073e+02,8.190084476548263126e+01
8832,1.384943943808319204e+02,8.188905032879031864e+01
8833,1.384783546489284447e+02,8.187727612113560838e+01
8834,1.384623195273448744e+02,8.186552210475987579e+01
8835,1.384462890075142809e+02,8.185378824197741210e+01
8836,1.384302630808881815e+02,8.184207449517580812e+01
8837,1.384142417389358002e+02,8.183038082681626690e+01
8838,1.383982249731449770e+02,8.181870719943212578e+01
8839,1.383822127750211735e+02,8.180705357563000746e+01
8840,1.383662051360878138e+02,8.179541991808882528e+01
8841,1.383502020478865973e+02,8.178380618956052217e+01
8842,1.383342035019767877e+02,8.177221235286845058e+01
8843,1.383182094899357821e+02,8.176063837090897835e+01
8844,1.383022200033583715e+02,8.174908420665045128e+01
8845,1.382862350338576221e+02,8.173754982313265316e+01
8846,1.382702545730639656e+02,8.172603518346730311e+01
8847,1.382542786126257681e+02,8.171454025083792772e+01
8848,1.382383071442088749e+02,8.170306498849919308e+01
8849,1.382223401594966958e+02,8.169160935977755855e+01
8850,1.382063776501903192e+02,8.168017332806991249e+01
8851,1.381904196080084546e+02,8.166875685684499331e+01
8852,1.381744660246870353e+02,8.165735990964195423e+01
8853,1.381585168919796729e+02,8.164598245007067590e+01
8854,1.381425722016570319e+02,8.163462444181176636e+01
8855,1.381266319455076825e+02,8.162328584861651848e+01
8856,1.381106961153369070e+02,8.161196663430605724e+01
8857,1.380947647029678080e+02,8.160066676277189401e+01
8858,1.380788377002402285e+02,8.158938619797578440e+01
8859,1.380629150990115477e+02,8.157812490394918825e+01
8860,1.380469968911561693e+02,8.156688284479318440e+01
8861,1.380310830685657209e+02,8.155565998467872646e+01
8862,1.380151736231486552e+02,8.154445628784610278e+01
8863,1.379992685468307343e+02,8.153327171860509281e+01
8864,1.379833678315546592e+02,8.152210624133444128e+01
8865,1.379674714692798432e+02,8.151095982048202870e+01
8866,1.379515794519828944e+02,8.149983242056468669e+01
8867,1.379356917716572184e+02,8.148872400616788525e+01
8868,1.379198084203129895e+02,8.147763454194607391e+01
8869,1.379039293899771792e+02,8.146656399262195691e+01
8870,1.378880546726936132e+02,8.145551232298662114e+01
8871,1.378721842605227437e+02,8.144447949789928032e+01
8872,1.378563181455417919e+02,8.143346548228741710e+01
8873,1.378404563198445203e+02,8.142247024114644205e+01
8874,1.378245987755412330e+02,8.141149373953965096e+01
8875,1.378087455047589742e+02,8.140053594259778436e+01
8876,1.377928964996412162e+02,8.138959681551929748e+01
8877,1.377770517523479441e+02,8.137867632356993397e+01
8878,1.377612112550554855e+02,8.136777443208289640e+01
8879,1.377453749999567094e+02,8.135689110645853361e+01
8880,1.377295429792608843e+02,8.134602631216394286e+01
8881,1.377137151851934505e+02,8.133518001473333925e+01
8882,1.376978916099960770e+02,8.132435217976745889e+01
8883,1.376820722459270314e+02,8.131354277293375787e+01
8884,1.376662570852603551e+02,8.130275175996646908e+01
8885,1.376504461202867446e+02,8.129197910666562166e+01
8886,1.376346393433125570e+02,8.128122477889758102e+01
8887,1.376188367466607190e+02,8.127048874259511990e+01
8888,1.376030383226698461e+02,8.125977096375675046e+01
8889,1.375872440636946976e+02,8.124907140844662479e+01
8890,1.375714539621060908e+02,8.123839004279489018e+01
8891,1.375556680102907023e+02,8.122772683299687912e+01
8892,1.375398862006514094e+02,8.121708174531350721e+01
8893,1.375241085256064650e+02,8.120645474607125891e+01
8894,1.375083349775902946e+02,8.119584580166117860e+01
8895,1.374925655490530971e+02,8.118525487853999323e+01
8896,1.374768002324609029e+02,8.117468194322852071e+01
8897,1.374610390202951749e+02,8.116412696231316204e+01
8898,1.374452819050535197e+02,8.115358990244460813e+01
8899,1.374295288792488066e+02,8.114307073033788242e+01
8900,1.374137799354097069e+02,8.113256941277259671e+01
8901,1.373980350660803822e+02,8.112208591659256740e+01
8902,1.373822942638207962e+02,8.111162020870567346e+01
8903,1.373665575212060901e+02,8.110117225608381375e+01
8904,1.373508248308271220e+02,8.109074202576296386e+01
8905,1.373350961852901264e+02,8.108032948484232350e+01
8906,1.373193715772166001e+02,8.106993460048514066e+01
8907,1.373036509992436436e+02,8.105955733991801537e+01
8908,1.372879344440235911e+02,8.104919767043078593e+01
8909,1.372722219042240113e+02,8.103885555937675633e+01
8910,1.372565133725278770e+02,8.102853097417235517e+01
8911,1.372408088416331395e+02,8.101822388229642513e+01
8912,1.372251083042533537e+02,8.100793425129130299e+01
8913,1.372094117531168251e+02,8.099766204876182485e+01
8914,1.371937191809671788e+02,8.098740724237528354e+01
8915,1.371780305805631315e+02,8.097716979986158492e+01
8916,1.371623459446783784e+02,8.096694968901324785e+01
8917,1.371466652661017633e+02,8.095674687768440947e+01
8918,1.371309885376369095e+02,8.094656133379173468e+01
8919,1.371153157521025037e+02,8.093639302531369140e+01
8920,1.370996469023323243e+02,8.092624192029101948e+01
8921,1.370839819811746736e+02,8.091610798682560812e+01
8922,1.370683209814929455e+02,8.090599119308107845e+01
8923,1.370526638961652850e+02,8.089589150728269829e+01
8924,1.370370107196939387e+02,8.088566697090163871e+01
8925,1.370213616138169641e+02,8.087439124960552306e+01
8926,1.370057168689607465e+02,8.086313514547684633e+01
8927,1.369900764769319323e+02,8.085189862300087782e+01
8928,1.369744404295545337e+02,8.084068164672609669e+01
8929,1.369588087186689336e+02,8.082948418126311196e+01
8930,1.369431813361325965e+02,8.081830619128508886e+01
8931,1.369275582738196420e+02,8.080714764152794771e+01
8932,1.369119395236209016e+02,8.079600849678949714e+01
8933,1.368963250774442599e+02,8.078488872193010195e+01
8934,1.368807149272137451e+02,8.077378828187217152e+01
8935,1.368651090648704667e+02,8.076270714159986142e+01
8936,1.368495074823718198e+02,8.075164526615967020e+01
8937,1.368339101716920538e+02,8.074060262065965787e+01
8938,1.368183171248217036e+02,8.072957917026970165e+01
8939,1.368027283337680444e+02,8.071857488022121174e+01
8940,1.367871437905544667e+02,8.070758971580710295e+01
8941,1.367715634872210728e+02,8.069662364238169516e+01
8942,1.367559874158241939e+02,8.068567662536084129e+01
8943,1.367404155684365037e+02,8.067474863022127352e+01
8944,1.367248479371471603e+02,8.066383962250117179e+01
8945,1.367092845140614372e+02,8.065294956779932534e+01
8946,1.366937252913008649e+02,8.064207843177588586e+01
8947,1.366781702610031459e+02,8.063122618015160015e+01
8948,1.366626194153222968e+02,8.062039277870769638e+01
8949,1.366470727464281651e+02,8.060957819328629625e+01
8950,1.366315302465071113e+02,8.059878238979024445e+01
8951,1.366159919077612130e+02,8.058800533418222756e+01
8952,1.366004577224086916e+02,8.057724699248581146e+01
8953,1.365849276826837695e+02,8.056650733078424764e+01
8954,1.365694017808366709e+02,8.055578631522143951e+01
8955,1.365538800091335077e+02,8.054508391200101869e+01
8956,1.365383623598560803e+02,8.053440008738660083e+01
8957,1.365228488253023613e+02,8.052373480770144454e+01
8958,1.365073393977858132e+02,8.051308803932880664e+01
8959,1.364918340696360417e+02,8.050245974871144483e+01
8960,1.364763328331981995e+02,8.049184990235174553e+01
8961,1.364608356808329290e+02,8.048125846681119810e+01
8962,1.364453426049169025e+02,8.047068540871107700e+01
8963,1.364298535978423104e+02,8.046013069473170276e+01
8964,1.364143686520169183e+02,8.044959429161234254e+01
8965,1.363988877598640670e+02,8.043907616615172174e+01
8966,1.363834109138226438e+02,8.042857628520711444e+01
8967,1.363679381063471396e+02,8.041809461569461348e+01
8968,1.363524693299072510e+02,8.040763112458964201e+01
8969,1.363370045769884200e+02,8.039718577892563189e+01
8970,1.363215438400912944e+02,8.038675854579479108e+01
8971,1.363060871117319834e+02,8.037634939234797571e+01
8972,1.362906343844418586e+02,8.036595828579422118e+01
8973,1.362751856507675825e+02,8.035558519340071371e+01
8974,1.362597409032711653e+02,8.034523008249310294e+01
8975,1.362443001345298512e+02,8.033489292045506147e+01
8976,1.362288633371360049e+02,8.032457367472798637e+01
8977,1.362134305036972250e+02,8.031427231281136869e+01
8978,1.361980016268362021e+02,8.030398880226249503e+01
8979,1.361825766991906335e+02,8.029372311069623436e+01
8980,1.361671557134134503e+02,8.028347520578522278e+01
8981,1.361517386621728463e+02,8.027324505525940879e+01
8982,1.361363255381511692e+02,8.026303262690639428e+01
8983,1.361209163340467398e+02,8.025283788857083778e+01
8984,1.361055110425722887e+02,8.024266080815475277e+01
8985,1.360901096564553256e+02,8.023250135361728042e+01
8986,1.360747121684387082e+02,8.022235949297457580e+01
8987,1.360593185712795616e+02,8.021223519429959481e+01
8988,1.360439288577503874e+02,8.020212842572246359e+01
8989,1.360285430206380397e+02,8.019203915542981065e+01
8990,1.360131610527442376e+02,8.018196735166500844e+01
8991,1.359977829468853656e+02,8.017191298272776123e+01
8992,1.359824086958927296e+02,8.016187601697473042e+01
8993,1.359670382926119316e+02,8.015185642281838341e+01
8994,1.359516717299034667e+02,8.014185416872793155e+01
8995,1.359363090006421544e+02,8.013186922322852013e+01
8996,1.359209500977176219e+02,8.012190155490155519e+01
8997,1.359055950140338496e+02,8.011195113238419196e+01
8998,1.358902437425092842e+02,8.010201792436988910e+01
8999,1.358748962760769530e+02,8.009210189960739967e+01
9000,1.358595526076841509e+02,8.008220302690165227e+01
9001,1.358442127302926679e+02,8.007232127511301201e+01
9002,1.358288766368786185e+02,8.006245661315747952e+01
9003,1.358135443204326123e+02,8.005260901000649199e+01
9004,1.357982157739591287e+02,8.004277843468656783e+01
9005,1.357828909904773695e+02,8.003296485627980417e+01
9006,1.357675699630204065e+02,8.002316824392343619e+01
9007,1.357522526846358915e+02,8.001338856681002198e+01
9008,1.357369391483852610e+02,8.000362579418619191e+01
9009,1.357216293473443045e+02,7.999387989535445342e+01
9010,1.357063232746029939e+02,7.998415083967186945e+01
9011,1.356910209232651709e+02,7.997443859654985943e+01
9012,1.356757222864488313e+02,7.996474313545496670e+01
9013,1.356604273572859825e+02,7.995506442590776430e+01
9014,1.356451361289226440e+02,7.994540243748357966e+01
9015,1.356298485945186201e+02,7.993575713981230990e+01
9016,1.356145647472480960e+02,7.992612850257758339e+01
9017,1.355992845802985869e+02,7.991651649551751291e+01
9018,1.355840080868718189e+02,7.990692108842431196e+01
9019,1.355687352601832174e+02,7.989734225114405319e+01
9020,1.355534660934620490e+02,7.988777995357683892e+01
9021,1.355382005799514786e+02,7.987823416567631796e+01
9022,1.355229387129080862e+02,7.986870485745032511e+01
9023,1.355076804856025774e+02,7.985919199896000009e+01
9024,1.354924258913190158e+02,7.984969556031995808e+01
9025,1.354771749233554488e+02,7.984021551169863073e+01
9026,1.354619275750230827e+02,7.983075182331737096e+01
9027,1.354466838396470791e+02,7.982130446545106395e+01
9028,1.354314437105662137e+02,7.981187340842792821e+01
9029,1.354162071811325347e+02,7.980245862262893297e+01
9030,1.354009742447115912e+02,7.979306007848821025e+01
9031,1.353857448946827731e+02,7.978367774649288435e+01
9032,1.353705191244386299e+02,7.977431159718284448e+01
9033,1.353552969273850692e+02,7.976496160115058842e+01
9034,1.353400782969416696e+02,7.975562772904170572e+01
9035,1.353248632265410549e+02,7.974630995155379765e+01
9036,1.353096517096294065e+02,7.973700823943728722e+01
9037,1.352944437396662636e+02,7.972772256349503550e+01
9038,1.352792393101239838e+02,7.971845289458184425e+01
9039,1.352640384144887946e+02,7.970919920360523747e+01
9040,1.352488410462597983e+02,7.969996146152436722e+01
9041,1.352336471989491997e+02,7.969073963935082361e+01
9042,1.352184568660825335e+02,7.968153370814800951e+01
9043,1.352032700411985502e+02,7.967234363903109795e+01
9044,1.351880867178488757e+02,7.966316940316704631e+01
9045,1.351729068895982948e+02,7.965401097177485212e+01
9046,1.351577305500247519e+02,7.964486831612462936e+01
9047,1.351425576927189809e+02,7.963574140753844688e+01
9048,1.351273883112849887e+02,7.962663021738948999e+01
9049,1.351122223993394300e+02,7.961753471710211727e+01
9050,1.350970599505121470e+02,7.960845487815275590e+01
9051,1.350819009584458570e+02,7.959939067206835261e+01
9052,1.350667454167959534e+02,7.959034207042689957e+01
9053,1.350515933192308751e+02,7.958130904485776114e+01
9054,1.350364446594318508e+02,7.957229156704090656e+01
9055,1.350212994310928707e+02,7.956328960870742151e+01
9056,1.350061576279206292e+02,7.955430314163895389e+01
9057,1.349910192436346392e+02,7.954533213766778488e+01
9058,1.349758842719672600e+02,7.953637656867695682e+01
9059,1.349607527066631292e+02,7.952743640659981850e+01
9060,1.349456245414800151e+02,7.951851162342026669e+01
9061,1.349304997701880779e+02,7.950960219117240513e+01
9062,1.349153783865699552e+02,7.950070808194077188e+01
9063,1.349002603844210455e+02,7.949182926785964298e+01
9064,1.348851457575491963e+02,7.948296572111378566e+01
9065,1.348700344997749312e+02,7.947411741393800355e+01
9066,1.348549266049312507e+02,7.946528431861653985e+01
9067,1.348398220668633485e+02,7.945646640748381628e+01
9068,1.348247208794290657e+02,7.944766365292394994e+01
9069,1.348096230364987207e+02,7.943887602737046905e+01
9070,1.347945285319547111e+02,7.943010350330695246e+01
9071,1.347794373596922242e+02,7.942134605326585017e+01
9072,1.347643495136184981e+02,7.941260364982959175e+01
9073,1.347492649876530777e+02,7.940387626562946366e+01
9074,1.347341837757280416e+02,7.939516387334640513e+01
9075,1.347191058717871783e+02,7.938646644570992805e+01
9076,1.347040312697872366e+02,7.937778395549919708e+01
9077,1.346889599636964192e+02,7.936911637554214849e+01
9078,1.346738919474956617e+02,7.936046367871540497e+01
9079,1.346588272151777517e+02,7.935182583794468769e+01
9080,1.346437657607477547e+02,7.934320282620450371e+01
9081,1.346287075782227589e+02,7.933459461651773381e+01
9082,1.346136526616319316e+02,7.932600118195590255e+01
9083,1.345986010050163202e+02,7.931742249563914982e+01
9084,1.345835526024293358e+02,7.930885853073607450e+01
9085,1.345685074479359855e+02,7.930030926046336504e+01
9086,1.345534655356136398e+02,7.929177465808614045e+01
9087,1.345384268595513504e+02,7.928325469691746719e+01
9088,1.345233914138500779e+02,7.927474935031877123e+01
9089,1.345083591926227484e+02,7.926625859169942601e+01
9090,1.344933301899942535e+02,7.925778239451659601e+01
9091,1.344783044001009955e+02,7.924932073227505214e+01
9092,1.344632818170915129e+02,7.924087357852808111e+01
9093,1.344482624351258835e+02,7.923244090687589392e+01
9094,1.344332462483763777e+02,7.922402269096649263e+01
9095,1.344182332510262654e+02,7.921561890449552834e+01
9096,1.344032234372712367e+02,7.920722952120620164e+01
9097,1.343882168013182650e+02,7.919885451488852368e+01
9098,1.343732133373862609e+02,7.919049385938048147e+01
9099,1.343582130397053618e+02,7.918214752856675887e+01
9100,1.343432159025177839e+02,7.917381549637936189e+01
9101,1.343282219200769418e+02,7.916549773679710711e+01
9102,1.343132310866479884e+02,7.915719422384613324e+01
9103,1.342982433965076723e+02,7.914890493159906271e+01
9104,1.342832588439441110e+02,7.914062983417559849e+01
9105,1.342682774232570182e+02,7.913236890574204097e+01
9106,1.342532991287573907e+02,7.912412212051124527e+01
9107,1.342383239547679636e+02,7.911588945274277762e+01
9108,1.342233518956225566e+02,7.910767087674256004e+01
9109,1.342083829456665285e+02,7.909946636686304089e+01
9110,1.341934170992566351e+02,7.909127589750278275e+01
9111,1.341784543507609158e+02,7.908309944310664719e+01
9112,1.341634946945588638e+02,7.907493697816587996e+01
9113,1.341485381250408864e+02,7.906678847721752845e+01
9114,1.341335846366091005e+02,7.905865391484485372e+01
9115,1.341186342236765654e+02,7.905053326567679051e+01
9116,1.341036868806676807e+02,7.904242650438827411e+01
9117,1.340887426020180726e+02,7.903433360570014088e+01
9118,1.340738013821743380e+02,7.902625454437864505e+01
9119,1.340588632155945561e+02,7.901818929523577140e+01
9120,1.340439280967475497e+02,7.901013783312914995e+01
9121,1.340289960201135386e+02,7.900210013296174338e+01
9122,1.340140669801835429e+02,7.899407616968173329e+01
9123,1.339991409714599797e+02,7.898606591828300338e+01
9124,1.339842179884559243e+02,7.897806935380432947e+01
9125,1.339692980256957924e+02,7.897008645132963522e+01
9126,1.339543810777146007e+02,7.896211718598817697e+01
9127,1.339394671390587064e+02,7.895416153295418837e+01
9128,1.339245562042851816e+02,7.894621946744632623e+01
9129,1.339096482679619555e+02,7.893829096472862261e+01
9130,1.338947433246679850e+02,7.893037600010954691e+01
9131,1.338798413689931408e+02,7.892247454894263115e+01
9132,1.338649423955378097e+02,7.891458658662554626e+01
9133,1.338500463989137188e+02,7.890671208860098318e+01
9134,1.338351533737427133e+02,7.889885103035562963e+01
9135,1.338202633146580354e+02,7.889100338742068175e+01
9136,1.338053762163033866e+02,7.888316913537197195e+01
9137,1.337904920733330698e+02,7.887534824982894577e+01
9138,1.337756108804123585e+02,7.886754070645601189e+01
9139,1.337607326322171275e+02,7.885974648096075157e+01
9140,1.337458573234337393e+02,7.885196554909543920e+01
9141,1.337309849487593567e+02,7.884419788665607598e+01
9142,1.337161155029016015e+02,7.883644346948229042e+01
9143,1.337012489805788960e+02,7.882870227345775049e+01
9144,1.336863853765202350e+02,7.882097427450987936e+01
9145,1.336715246854647035e+02,7.881325944860934385e+01
9146,1.336566669021624136e+02,7.880555777177076493e+01
9147,1.336418120213738518e+02,7.879786922005209249e+01
9148,1.336269600378698215e+02,7.879019376955460530e+01
9149,1.336121109464316703e+02,7.878253139642291103e+01
9150,1.335972647418512338e+02,7.877488207684496047e+01
9151,1.335824214189306076e+02,7.876724578705196222e+01
9152,1.335675809724824887e+02,7.875962250331804171e+01
9153,1.335527433973297491e+02,7.875201220196035479e+01
9154,1.335379086883056345e+02,7.874441485933924412e+01
9155,1.335230768402537080e+02,7.873683045185768492e+01
9156,1.335082478480279917e+02,7.872925895596155499e+01
9157,1.334934217064924837e+02,7.872170034813944994e+01
9158,1.334785984105217835e+02,7.871415460492268323e+01
9159,1.334637779550002961e+02,7.870662170288507298e+01
9160,1.334489603348231412e+02,7.869910161864312670e+01
9161,1.334341455448951876e+02,7.869159432885544447e+01
9162,1.334193335801316493e+02,7.868409981022338684e+01
9163,1.334045244354580007e+02,7.867661803949039268e+01
9164,1.333897181058095214e+02,7.866914899344209289e+01
9165,1.333749145861319505e+02,7.866169264890640989e+01
9166,1.333601138713808041e+02,7.865424898275325916e+01
9167,1.333453159565219437e+02,7.864681797189463452e+01
9168,1.333305208365309795e+02,7.863939959328433815e+01
9169,1.333157285063938389e+02,7.863199382391802317e+01
9170,1.333009389611060840e+02,7.862460064083336420e+01
9171,1.332861521956735942e+02,7.861722002110958840e+01
9172,1.332713682051118838e+02,7.860985194186736180e+01
9173,1.332565869844466988e+02,7.860249638026924401e+01
9174,1.332418085287135057e+02,7.859515331351934719e+01
9175,1.332270328329576898e+02,7.858782271886272497e+01
9176,1.332122598922346697e+02,7.858050457358642404e+01
9177,1.331974897016093280e+02,7.857319885501821943e+01
9178,1.331827222561567794e+02,7.856590554052752395e+01
9179,1.331679575509616598e+02,7.855862460752457821e+01
9180,1.331531955811185810e+02,7.855135603346089113e+01
9181,1.331384363417318752e+02,7.854409979582882784e+01
9182,1.331236798279154527e+02,7.853685587216196495e+01
9183,1.331089260347931713e+02,7.852962424003428055e+01
9184,1.330941749574984101e+02,7.852240487706099259e+01
9185,1.330794265911742684e+02,7.851519776089774894e+01
9186,1.330646809309736227e+02,7.850800286924091154e+01
9187,1.330499379720589559e+02,7.850082017982758487e+01
9188,1.330351977096022438e+02,7.849364967043506169e+01
9189,1.330204601387850118e+02,7.848649131888133468e+01
9190,1.330057252547988185e+02,7.847934510302469846e+01
9191,1.329909930528441748e+02,7.847221100076373546e+01
9192,1.329762635281315397e+02,7.846508899003721638e+01
9193,1.329615366758806374e+02,7.845797904882387286e+01
9194,1.329468124913209124e+02,7.845088115514316485e+01
9195,1.329320909696911031e+02,7.844379528705403004e+01
9196,1.329173721062394691e+02,7.843672142265521074e+01
9197,1.329026558962237345e+02,7.842965954008582230e+01
9198,1.328879423349111164e+02,7.842260961752455728e+01
9199,1.328732314175779834e+02,7.841557163318971391e+01
9200,1.328585231395103392e+02,7.840854556533957975e+01
9201,1.328438174960033678e+02,7.840153139227179224e+01
9202,1.328291144823616321e+02,7.839452909232362288e+01
9203,1.328144140938992166e+02,7.838753864387166459e+01
9204,1.327997163259391016e+02,7.838056002533204492e+01
9205,1.327850211738138171e+02,7.837359321516039756e+01
9206,1.327703286328653007e+02,7.836663819185122293e+01
9207,1.327556386984442724e+02,7.835969493393857022e+01
9208,1.327409513659111155e+02,7.835276341999531269e+01
9209,1.327262666306351093e+02,7.834584362863353135e+01
9210,1.327115844879948554e+02,7.833893553850437286e+01
9211,1.326969049333780788e+02,7.833203912829763738e+01
9212,1.326822279621817131e+02,7.832515437674250336e+01
9213,1.326675535698117869e+02,7.831828126260607803e+01
9214,1.326528817516832248e+02,7.831141976469520216e+01
9215,1.326382125032203874e+02,7.830456986185440371e+01
9216,1.326235458198565595e+02,7.829773153296764576e+01
9217,1.326088816970338371e+02,7.829090475695683438e+01
9218,1.325942201302036381e+02,7.828408951278221650e+01
9219,1.325795611148264186e+02,7.827728577944320421e+01
9220,1.325649046463713319e+02,7.827049353597674042e+01
9221,1.325502507203166260e+02,7.826371276145832212e+01
9222,1.325355993321497579e+02,7.825694343500153138e+01
9223,1.325209504773666822e+02,7.825018553575834801e+01
9224,1.325063041514726478e+02,7.824343904291842478e+01
9225,1.324916603499814869e+02,7.823670393570948534e+01
9226,1.324770190684161264e+02,7.822998019339722475e+01
9227,1.324623803023082473e+02,7.822326779528545160e+01
9228,1.324477440471984266e+02,7.821656672071529215e+01
9229,1.324331102986359667e+02,7.820987694906581567e+01
9230,1.324184790521790376e+02,7.820319845975375017e+01
9231,1.324038503033946199e+02,7.819653123223346824e+01
9232,1.323892240478582778e+02,7.818987524599660333e+01
9233,1.323746002811547839e+02,7.818323048057251867e+01
9234,1.323599789988769828e+02,7.817659691552786683e+01
9235,1.323453601966269559e+02,7.816997453046676014e+01
9236,1.323307438700151408e+02,7.816336330503010288e+01
9237,1.323161300146608710e+02,7.815676321889661438e+01
9238,1.323015186261919496e+02,7.815017425178156429e+01
9239,1.322869097002451326e+02,7.814359638343796632e+01
9240,1.322723032324653332e+02,7.813702959365504341e+01
9241,1.322576992185064171e+02,7.813047386225963464e+01
9242,1.322430976540306062e+02,7.812392916911484519e+01
9243,1.322284985347089048e+02,7.811739549412116901e+01
9244,1.322139018562206729e+02,7.811087281721553666e+01
9245,1.321993076142539110e+02,7.810436111837125850e+01
9246,1.321847158045050605e+02,7.809786037759897681e+01
9247,1.321701264226791466e+02,7.809137057494534417e+01
9248,1.321555394644895216e+02,7.808489169049350664e+01
9249,1.321409549256580931e+02,7.807842370436317481e+01
9250,1.321263728019151813e+02,7.807196659671055272e+01
9251,1.321117930889995762e+02,7.806552034772781212e+01
9252,1.320972157826582816e+02,7.805908493764366085e+01
9253,1.320826408786470267e+02,7.805266034672270337e+01
9254,1.320680683727294991e+02,7.804624655526571075e+01
9255,1.320534982606781398e+02,7.803984354360966336e+01
9256,1.320389305382734619e+02,7.803345129212746656e+01
9257,1.320243652013041924e+02,7.802706978122765236e+01
9258,1.320098022455676698e+02,7.802069899135487674e+01
9259,1.319952416668693900e+02,7.801433890298953600e+01
9260,1.319806834610229203e+02,7.800798949664782356e+01
9261,1.319661276238504115e+02,7.800165075288143157e+01
9262,1.319515741511819158e+02,7.799532265227760774e+01
9263,1.319370230388558127e+02,7.798900517545926903e+01
9264,1.319224742827188663e+02,7.798269830308487371e+01
9265,1.319079278786256566e+02,7.797640201584819408e+01
9266,1.318933838224393469e+02,7.797011629447821690e+01
9267,1.318788421100307460e+02,7.796384111973941344e+01
9268,1.318643027372791607e+02,7.795757647243132737e+01
9269,1.318497657000719414e+02,7.795132233338881633e+01
9270,1.318352309943044247e+02,7.794507868348179613e+01
9271,1.318206986158801328e+02,7.793884550361491392e+01
9272,1.318061685607104323e+02,7.793262277472837241e+01
9273,1.317916408247149604e+02,7.792641047779686403e+01
9274,1.317771154038213695e+02,7.792020859382982678e+01
9275,1.317625922939651275e+02,7.791401710387204105e+01
9276,1.317480714910898314e+02,7.790783598900247853e+01
9277,1.317335529911472065e+02,7.790166523033502699e+01
9278,1.317190367900964532e+02,7.789550480901795027e+01
9279,1.317045228839051845e+02,7.788935470623458457e+01
9280,1.316900112685488011e+02,7.788321490320210216e+01
9281,1.316755019400104345e+02,7.787708538117256296e+01
9282,1.316609948942813162e+02,7.787096612143217556e+01
9283,1.316464901273604085e+02,7.786485710530138249e+01
9284,1.316319876352547169e+02,7.785875831413521553e+01
9285,1.316174874139788074e+02,7.785266972932248564e+01
9286,1.316029894595553174e+02,7.784659133228636563e+01
9287,1.315884937680145583e+02,7.784052310448389278e+01
9288,1.315740003353946861e+02,7.783446502740642359e+01
9289,1.315595091577416440e+02,7.782841708257900848e+01
9290,1.315450202311090777e+02,7.782237925156049130e+01
9291,1.315305335515583351e+02,7.781635151594396405e+01
9292,1.315160491151586655e+02,7.781033385735575791e+01
9293,1.315015669169470698e+02,7.780434650401942065e+01
9294,1.314870869441391505e+02,7.779838559639917150e+01
9295,1.314726091891017461e+02,7.779243463867872777e+01
9296,1.314581336479638480e+02,7.778649361280703545e+01
9297,1.314436603168617523e+02,7.778056250076564027e+01
9298,1.314291891919392583e+02,7.777464128456919923e+01
9299,1.314147202693480949e+02,7.776872994626523905e+01
9300,1.314002535452470113e+02,7.776282846793419878e+01
9301,1.313857890158026294e+02,7.775693683168931614e+01
9302,1.313713266771888186e+02,7.775105501967634325e+01
9303,1.313568665255871224e+02,7.774518301407428567e+01
9304,1.313424085571863316e+02,7.773932079709403808e+01
9305,1.313279527681829961e+02,7.773346835097953544e+01
9306,1.313134991547805726e+02,7.772762565800712764e+01
9307,1.312990477131903617e+02,7.772179270048545163e+01
9308,1.312845984396309120e+02,7.771596946075578671e+01
9309,1.312701513303281615e+02,7.771015592119157134e+01
9310,1.312557063815153242e+02,7.770435206419860208e+01
9311,1.312412635894332595e+02,7.769855787221482046e+01
9312,1.312268229503296197e+02,7.769277332771039823e+01
9313,1.312123844604600151e+02,7.768699841318746735e+01
9314,1.311979481160867920e+02,7.768123311118040419e+01
9315,1.311835139134799704e+02,7.767547740425565905e+01
9316,1.311690818489165338e+02,7.766973127501114504e+01
9317,1.311546519186809974e+02,7.766399470607709077e+01
9318,1.311402241190650102e+02,7.765826768011550030e+01
9319,1.311257984463673836e+02,7.765255017981985475e+01
9320,1.311113748968941763e+02,7.764684218791559545e+01
9321,1.310969534669586949e+02,7.764114368715971182e+01
9322,1.310825341528813226e+02,7.763545466034091191e+01
9323,1.310681169509897188e+02,7.762977509027919609e+01
9324,1.310537018576187336e+02,7.762410495982634018e+01
9325,1.310392888691101518e+02,7.761844425186532703e+01
9326,1.310248779818129492e+02,7.761279294931047446e+01
9327,1.310104691920833773e+02,7.760715103510767676e+01
9328,1.309960624962846225e+02,7.760151849223387899e+01
9329,1.309816578907868347e+02,7.759589530369714794e+01
9330,1.309672553719675534e+02,7.759028145253688535e+01
9331,1.309528549362110823e+02,7.758467692182352948e+01
9332,1.309384565799089444e+02,7.757908169465844139e+01
9333,1.309240602994595122e+02,7.757349575417410392e+01
9334,1.309096660912681784e+02,7.756791908353388010e+01
9335,1.308952739517475550e+02,7.756235166593198471e+01
9336,1.308808838773169327e+02,7.755679348459338485e+01
9337,1.308664958644026797e+02,7.755124452277381408e+01
9338,1.308521099094382691e+02,7.754570476375988619e+01
9339,1.308377260088637684e+02,7.754017419086871143e+01
9340,1.308233441591264921e+02,7.753465278744788236e+01
9341,1.308089643566804057e+02,7.752914053687571538e+01
9342,1.307945865979866369e+02,7.752363742256105184e+01
9343,1.307802108795127651e+02,7.751814342794293111e+01
9344,1.307658371977337310e+02,7.751265853649098858e+01
9345,1.307514655491309270e+02,7.750718273170498662e+01
9346,1.307370959301929076e+02,7.750171599711508463e+01
9347,1.307227283374146793e+02,7.749625831628168271e+01
9348,1.307083627672981834e+02,7.749080967279526533e+01
9349,1.306939992163524948e+02,7.748537005027635871e+01
9350,1.306796376810929132e+02,7.747993943237572978e+01
9351,1.306652781580418150e+02,7.747451780277384614e+01
9352,1.306509206437283410e+02,7.746910514518140189e+01
9353,1.306365651346882260e+02,7.746370144333883445e+01
9354,1.306222116274640257e+02,7.745830668101649508e+01
9355,1.306078601186049468e+02,7.745292084201456362e+01
9356,1.305935106046670171e+02,7.744754391016273587e+01
9357,1.305791630822125455e+02,7.744217586932040831e+01
9358,1.305648175478110602e+02,7.743681670337689127e+01
9359,1.305504739980383420e+02,7.743146639625071259e+01
9360,1.305361324294770213e+02,7.742612493189018608e+01
9361,1.305217928387161237e+02,7.742079229427294251e+01
9362,1.305074552223515525e+02,7.741546846740615706e+01
9363,1.304931195769857197e+02,7.741015343532610871e+01
9364,1.304787858992274039e+02,7.740484718209860659e+01
9365,1.304644541856924320e+02,7.739954969181857791e+01
9366,1.304501244330026282e+02,7.739426094861025263e+01
9367,1.304357966377865239e+02,7.738898093662696454e+01
9368,1.304214707966795004e+02,7.738370964005123653e+01
9369,1.304071469063230211e+02,7.737844704309436850e+01
9370,1.303928249633654559e+02,7.737319312999697729e+01
9371,1.303785049644613139e+02,7.736794788502834308e+01
9372,1.303641869062717547e+02,7.736271129248694933e+01
9373,1.303498707854643897e+02,7.735748333669972965e+01
9374,1.303355565987132252e+02,7.735226400202270725e+01
9375,1.303212443426986624e+02,7.734705327284042653e+01
9376,1.303069340141076964e+02,7.734185113356640784e+01
9377,1.302926256096335464e+02,7.733665756864243690e+01
9378,1.302783191259759406e+02,7.733147256253923274e+01
9379,1.302640145598409731e+02,7.732629609975552398e+01
9380,1.302497119079409345e+02,7.732112816481915729e+01
9381,1.302354111669947372e+02,7.731596874228604577e+01
9382,1.302211123337275751e+02,7.731081781674038211e+01
9383,1.302068154048707811e+02,7.730567537279489443e+01
9384,1.301925203771621682e+02,7.730054139509054778e+01
9385,1.301782272473458306e+02,7.729541586829650157e+01
9386,1.301639360121722291e+02,7.729029877711009533e+01
9387,1.301496466683978213e+02,7.728519010625669239e+01
9388,1.301353592127857155e+02,7.728008984048985042e+01
9389,1.301210736421049035e+02,7.727499796459107984e+01
9390,1.301067899531309422e+02,7.726991446336988645e+01
9391,1.300925081426453573e+02,7.726483932166357249e+01
9392,1.300782282074359841e+02,7.725977252433760611e+01
9393,1.300639501442969674e+02,7.725471405628498189e+01
9394,1.300496739500283923e+02,7.724966390242654768e+01
9395,1.300353996214368522e+02,7.724462204771104723e+01
9396,1.300211271553346251e+02,7.723958847711462283e+01
9397,1.300068565485406964e+02,7.723456317564098583e+01
9398,1.299925877978797644e+02,7.722954612832191401e+01
9399,1.299783209001828368e+02,7.722453732021604367e+01
9400,1.299640558522869753e+02,7.721953673641000648e+01
9401,1.299497926510354375e+02,7.721454436201766214e+01
9402,1.299355310240928816e+02,7.721253048066962776e+01
9403,1.299212701302438688e+02,7.721057701389841554e+01
9404,1.299070099577668600e+02,7.720862593892630343e+01
9405,1.298927505057603753e+02,7.720667725150306637e+01
9406,1.298784917733247539e+02,7.720473094739095643e+01
9407,1.298642337595620120e+02,7.720278702236453228e+01
9408,1.298499764635757288e+02,7.720084547221087234e+01
9409,1.298357198844709046e+02,7.719890629272916271e+01
9410,1.298214640213544726e+02,7.719696947973108081e+01
9411,1.298072088733348721e+02,7.719503502904035486e+01
9412,1.297929544395219636e+02,7.719310293649289179e+01
9413,1.297787007190276540e+02,7.719117319793674881e+01
9414,1.297644477109649870e+02,7.718924580923183498e+01
9415,1.297501954144486831e+02,7.718732076625020966e+01
9416,1.297359438285953388e+02,7.718539806487568455e+01
9417,1.297216929525228295e+02,7.718347770100419325e+01
9418,1.297074427853507359e+02,7.718155967054315170e+01
9419,1.296931933262002019e+02,7.717964396941201244e+01
9420,1.296789445741939630e+02,7.717773059354182408e+01
9421,1.296646965284562611e+02,7.717581953887517443e+01
9422,1.296504491881128445e+02,7.717391080136643211e+01
9423,1.296362025522913655e+02,7.717200437698144810e+01
9424,1.296219566201204714e+02,7.717010026169745629e+01
9425,1.296077113907308274e+02,7.716819845150331503e+01
9426,1.295934668632543207e+02,7.716629894239905241e+01
9427,1.295792230368247999e+02,7.716440173039624995e+01
9428,1.295649799105771081e+02,7.716250681151763047e+01
9429,1.295507374836479357e+02,7.716061418179720022e+01
9430,1.295364957551754514e+02,7.715872383728013517e+01
9431,1.295222547242994438e+02,7.715683577402275262e+01
9432,1.295080143901609802e+02,7.715494998809242588e+01
9433,1.294937747519027482e+02,7.715306647556758435e+01
9434,1.294795358086691408e+02,7.715118523253764238e+01
9435,1.294652975596057161e+02,7.714930625510305617e+01
9436,1.294510600038597090e+02,7.714742953937486902e+01
9437,1.294368231405799747e+02,7.714555508147525131e+01
9438,1.294225869689166473e+02,7.714368287753707421e+01
9439,1.294083514880212817e+02,7.714181292370390963e+01
9440,1.293941166970472239e+02,7.713994521612991662e+01
9441,1.293798825951490983e+02,7.713807975098026759e+01
9442,1.293656491814829792e+02,7.713621652443032417e+01
9443,1.293514164552066177e+02,7.713435553266617717e+01
9444,1.293371844154788732e+02,7.713249677188451869e+01
9445,1.293229530614604244e+02,7.713064023829232951e+01
9446,1.293087223923131432e+02,7.712878592810699274e+01
9447,1.292944924072006359e+02,7.712693383755643595e+01
9448,1.292802631052876450e+02,7.712508396287873325e+01
9449,1.292660344857405335e+02,7.712323630032236110e+01
9450,1.292518065477271421e+02,7.712139084614587148e+01
9451,1.292375792904166190e+02,7.711954759661817604e+01
9452,1.292233527129797608e+02,7.711770654801826197e+01
9453,1.292091268145884442e+02,7.711586769663517771e+01
9454,1.291949015944163648e+02,7.711403103876803300e+01
9455,1.291806770516382414e+02,7.711219657072587097e+01
9456,1.291664531854306972e+02,7.711036428882789551e+01
9457,1.291522299949712647e+02,7.710853418940315862e+01
9458,1.291380074794391248e+02,7.710670626879046097e+01
9459,1.291237856380150788e+02,7.710488052333853659e+01
9460,1.291095644698809224e+02,7.710305694940598187e+01
9461,1.290953439742201283e+02,7.710123554336105656e+01
9462,1.290811241502173914e+02,7.709941630158171222e+01
9463,1.290669049970590265e+02,7.709759922045559222e+01
9464,1.290526865139323149e+02,7.709578429638001751e+01
9465,1.290384687000264705e+02,7.709397152576183032e+01
9466,1.290242515545317872e+02,7.709216090501746521e+01
9467,1.290100350766398947e+02,7.709035243057272169e+01
9468,1.289958192655438722e+02,7.708854609886313369e+01
9469,1.289816041204381918e+02,7.708674190633335854e+01
9470,1.289673896405186042e+02,7.708493984943770272e+01
9471,1.289531758249823099e+02,7.708313992463958186e+01
9472,1.289389626684726693e+02,7.708142998062517393e+01
9473,1.289247501325085352e+02,7.707979038074481082e+01
9474,1.289105382009991274e+02,7.707815264534927735e+01
9475,1.288963268732444476e+02,7.707651677126595757e+01
9476,1.288821161485456628e+02,7.707488275533107469e+01
9477,1.288679060262050200e+02,7.707325059438937842e+01
9478,1.288536965055259600e+02,7.707162028529452868e+01
9479,1.288394875858134583e+02,7.706999182490881140e+01
9480,1.288252792663733146e+02,7.706836521010312424e+01
9481,1.288110715465126930e+02,7.706674043775697669e+01
9482,1.287968644255398090e+02,7.706511750475841893e+01
9483,1.287826579027643561e+02,7.706349640800412715e+01
9484,1.287684519774968805e+02,7.706187714439919034e+01
9485,1.287542466490493496e+02,7.706025971085711035e+01
9486,1.287400419167348105e+02,7.705864410429995814e+01
9487,1.287258377798674758e+02,7.705703032165808963e+01
9488,1.287116342377628087e+02,7.705541835987028776e+01
9489,1.286974312897372670e+02,7.705380821588352092e+01
9490,1.286832289351088150e+02,7.705219988665324138e+01
9491,1.286690271731961559e+02,7.705059336914298740e+01
9492,1.286548260033194140e+02,7.704898866032468163e+01
9493,1.286406254247999357e+02,7.704738575717821902e+01
9494,1.286264254369600053e+02,7.704578465669185050e+01
9495,1.286122260391231578e+02,7.704418535586185612e+01
9496,1.285980272306140932e+02,7.704258785169255930e+01
9497,1.285838290107585919e+02,7.704099214119642625e+01
9498,1.285696313788836562e+02,7.703939822139388127e+01
9499,1.285554343343175390e+02,7.703780608931343465e+01
9500,1.285412378763890899e+02,7.703621574199137001e+01
9501,1.285270420044292337e+02,7.703462717647205693e+01
9502,1.285128467177689799e+02,7.703304038980768098e+01
9503,1.284986520157412713e+02,7.703145537905834317e+01
9504,1.284844578976796186e+02,7.702987214129191784e+01
9505,1.284702643629191243e+02,7.702829067358406689e+01
9506,1.284560714107956301e+02,7.702671097301828240e+01
9507,1.284418790406463700e+02,7.702513303668570188e+01
9508,1.284276872518094024e+02,7.702355686168523619e+01
9509,1.284134960436241499e+02,7.702198244512342740e+01
9510,1.283993054154310016e+02,7.702040978411454830e+01
9511,1.283851153665715685e+02,7.701883887578024712e+01
9512,1.283709258963884281e+02,7.701726971725010173e+01
9513,1.283567370042251810e+02,7.701570230566090913e+01
9514,1.283425486894269056e+02,7.701413663815712596e+01
9515,1.283283609513393344e+02,7.701257271189075482e+01
9516,1.283141737893095069e+02,7.701101052402115954e+01
9517,1.282999872026855996e+02,7.700945007171516465e+01
9518,1.282858011908166418e+02,7.700789135214697012e+01
9519,1.282716157530529131e+02,7.700633436249823660e+01
9520,1.282574308887458017e+02,7.700477909995785808e+01
9521,1.282432465972475484e+02,7.700322556172210398e+01
9522,1.282290628779119288e+02,7.700167374499443440e+01
9523,1.282148797300931449e+02,7.700012364698571332e+01
9524,1.282006971531470185e+02,7.699857526491388171e+01
9525,1.281865151464300538e+02,7.699702859600428440e+01
9526,1.281723337093001192e+02,7.699548363748908741e+01
9527,1.281581528411158786e+02,7.699394038660797435e+01
9528,1.281439725412372468e+02,7.699239884060744998e+01
9529,1.281297928090249343e+02,7.699085899674129507e+01
9530,1.281156136438411579e+02,7.698932085227022526e+01
9531,1.281014350450487598e+02,7.698778440446204741e+01
9532,1.280872570120116620e+02,7.698624965059161696e+01
9533,1.280730795440950942e+02,7.698471658794061057e+01
9534,1.280589026406650817e+02,7.698318521379776769e+01
9535,1.280447263010887298e+02,7.698165552545874846e+01
9536,1.280305505247342239e+02,7.698012752022609106e+01
9537,1.280163753109708011e+02,7.697860119540908386e+01
9538,1.280022006591686647e+02,7.697707654832404955e+01
9539,1.279880265686989560e+02,7.697555357629398998e+01
9540,1.279738530389341520e+02,7.697403227664877079e+01
9541,1.279596800692474261e+02,7.697251264672495097e+01
9542,1.279455076590130602e+02,7.697099468386588228e+01
9543,1.279313358076064162e+02,7.696947838542151032e+01
9544,1.279171645144039360e+02,7.696796374874867297e+01
9545,1.279029937787827009e+02,7.696645077121056033e+01
9546,1.278888236001213414e+02,7.696493945017735427e+01
9547,1.278746539777989852e+02,7.696342978302551785e+01
9548,1.278604849111961101e+02,7.696192176713829269e+01
9549,1.278463163996940040e+02,7.696041539990545743e+01
9550,1.278321484426751056e+02,7.695891067872318558e+01
9551,1.278179810395226355e+02,7.695740760099427291e+01
9552,1.278038141896210504e+02,7.695590616412803797e+01
9553,1.277896478923555463e+02,7.695440636554003788e+01
9554,1.277754821471125979e+02,7.695290820265255149e+01
9555,1.277613169532792483e+02,7.695141167289405359e+01
9556,1.277471523102439903e+02,7.694991677369947070e+01
9557,1.277329882173960129e+02,7.694842350251008156e+01
9558,1.277188246741255284e+02,7.694693185677346037e+01
9559,1.277046616798237437e+02,7.694544183394360459e+01
9560,1.276904992338827469e+02,7.694395343148062238e+01
9561,1.276763373356958766e+02,7.694246664685107362e+01
9562,1.276621759846570825e+02,7.694098147752762884e+01
9563,1.276480151801614937e+02,7.693949792098919715e+01
9564,1.276338549216051348e+02,7.693801597472088361e+01
9565,1.276196952083849681e+02,7.693653563621394653e+01
9566,1.276055360398989507e+02,7.693505690296586863e+01
9567,1.275913774155460629e+02,7.693357977248012958e+01
9568,1.275772193347260810e+02,7.693210424226639077e+01
9569,1.275630617968399036e+02,7.693063030984039585e+01
9570,1.275489048012891971e+02,7.692915797272392808e+01
9571,1.275347483474767500e+02,7.692768722844473928e+01
9572,1.275205924348060478e+02,7.692621807453666349e+01
9573,1.275064370626818686e+02,7.692475050853950336e+01
9574,1.274922822305096020e+02,7.692328452799897320e+01
9575,1.274781279376957883e+02,7.692182013046685540e+01
9576,1.274639741836477640e+02,7.692035731350067351e+01
9577,1.274498209677738743e+02,7.691889607466406176e+01
9578,1.274356682894833455e+02,7.691743641152631028e+01
9579,1.274215161481863845e+02,7.691597832166272042e+01
9580,1.274073645432941078e+02,7.691452180265434890e+01
9581,1.273932134742186264e+02,7.691306685208803628e+01
9582,1.273790629403726484e+02,7.691161346755657746e+01
9583,1.273649129411702887e+02,7.691016164665839483e+01
9584,1.273507634760261880e+02,7.690871138699760934e+01
9585,1.273366145443560526e+02,7.690726268618419681e+01
9586,1.273224661455765840e+02,7.690581554183368951e+01
9587,1.273083182791052366e+02,7.690436995156755984e+01
9588,1.272941709443603884e+02,7.690292591301269454e+01
9589,1.272800241407613697e+02,7.690148342380167890e+01
9590,1.272658778677285483e+02,7.690004248157278255e+01
9591,1.272517321246829454e+02,7.689860308396987421e+01
9592,1.272375869110464777e+02,7.689716522864229376e+01
9593,1.272234422262423692e+02,7.689572891324517911e+01
9594,1.272092980696941424e+02,7.689429413543885516e+01
9595,1.271951544408266557e+02,7.689286089288951587e+01
9596,1.271810113390655204e+02,7.689142918326858478e+01
9597,1.271668687638371296e+02,7.688999900425328349e+01
9598,1.271527267145689279e+02,7.688857035352582159e+01
9599,1.271385851906892412e+02,7.688714322877434881e+01
9600,1.271244441916270205e+02,7.688571762769210238e+01
9601,1.271103037168124104e+02,7.688429354797793280e+01
9602,1.270961637656763514e+02,7.688287098733590597e+01
9603,1.270820243376505516e+02,7.688144994347547367e+01
9604,1.270678854321675431e+02,7.688003041411158733e+01
9605,1.270537470486609806e+02,7.687861239696435689e+01
9606,1.270396091865652721e+02,7.687719588975924978e+01
9607,1.270254718453155647e+02,7.687578089022700567e+01
9608,1.270113350243479573e+02,7.687436739610373593e+01
9609,1.269971987230996007e+02,7.687295540513069625e+01
9610,1.269830629410081571e+02,7.687154491505437193e+01
9611,1.269689276775124114e+02,7.687013592362649206e+01
9612,1.269547929320519017e+02,7.686872842860397270e+01
9613,1.269406587040670047e+02,7.686732242774895951e+01
9614,1.269265249929989494e+02,7.686591791882857194e+01
9615,1.269123917982898888e+02,7.686451489961537220e+01
9616,1.268982591193829137e+02,7.686311336788672577e+01
9617,1.268841269557216549e+02,7.686171332142535562e+01
9618,1.268699953067507522e+02,7.686031475801887325e+01
9619,1.268558641719158260e+02,7.685891767546016240e+01
9620,1.268417335506631360e+02,7.685752207154691007e+01
9621,1.268276034424398802e+02,7.685612794408206128e+01
9622,1.268134738466939950e+02,7.685473529087343536e+01
9623,1.267993447628744832e+02,7.685334410973388231e+01
9624,1.267852161904309582e+02,7.685195439848122589e+01
9625,1.267710881288138012e+02,7.685056615493830634e+01
9626,1.267569605774745298e+02,7.684917937693283818e+01
9627,1.267428335358651594e+02,7.684779406229753818e+01
9628,1.267287070034388279e+02,7.684641020886991214e+01
9629,1.267145809796492699e+02,7.684502781449246811e+01
9630,1.267004554639511440e+02,7.684364687701257424e+01
9631,1.266863304557999044e+02,7.684226739428241615e+01
9632,1.266722059546518437e+02,7.684088936415903959e+01
9633,1.266580819599640932e+02,7.683951278450439304e+01
9634,1.266439584711943951e+02,7.683813765318504352e+01
9635,1.266298354878016283e+02,7.683676396807253184e+01
9636,1.266157130092453542e+02,7.683539172704314524e+01
9637,1.266015910349857307e+02,7.683402092797774685e+01
9638,1.265874695644839676e+02,7.683265156876224466e+01
9639,1.265733485972021981e+02,7.683128364728712256e+01
9640,1.265592281326028683e+02,7.682991716144744032e+01
9641,1.265451081701497884e+02,7.682855210914320310e+01
9642,1.265309887093071808e+02,7.682718848827890668e+01
9643,1.265168697495402910e+02,7.682582629676380748e+01
9644,1.265027512903149187e+02,7.682446553251178045e+01
9645,1.264886333310980007e+02,7.682310619344134750e+01
9646,1.264745158713569424e+02,7.682174827747559220e+01
9647,1.264603989105600732e+02,7.682039178254220246e+01
9648,1.264462824481765182e+02,7.681903670657352734e+01
9649,1.264321664836762267e+02,7.681768304750646337e+01
9650,1.264180510165297591e+02,7.681633080328232666e+01
9651,1.264039360462087842e+02,7.681497997184719395e+01
9652,1.263898215721854541e+02,7.681363055115153315e+01
9653,1.263757075939328729e+02,7.681228253915023174e+01
9654,1.263615941109246705e+02,7.681093593380283835e+01
9655,1.263474811226355285e+02,7.680959073307327856e+01
9656,1.263333686285408675e+02,7.680824693493002542e+01
9657,1.263192566281167331e+02,7.680690453734590051e+01
9658,1.263051451208401517e+02,7.680556353829820182e+01
9659,1.262910341061887323e+02,7.680422393576861850e+01
9660,1.262769235836408228e+02,7.680288572774327349e+01
9661,1.262628135526757944e+02,7.680154891221269509e+01
9662,1.262487040127735867e+02,7.680021348717177432e+01
9663,1.262345949634148639e+02,7.679887945061966548e+01
9664,1.262204864040812140e+02,7.679754680055992822e+01
9665,1.262063783342548220e+02,7.679621553500054176e+01
9666,1.261922707534187964e+02,7.679488565195373440e+01
9667,1.261781636610567716e+02,7.679355714943589817e+01
9668,1.261640570566534763e+02,7.679223002546800103e+01
9669,1.261499509396940368e+02,7.679090427807497576e+01
9670,1.261358453096645462e+02,7.678957990528623156e+01
9671,1.261217401660517510e+02,7.678825690513525615e+01
9672,1.261076355083431224e+02,7.678693527565998522e+01
9673,1.260935313360271408e+02,7.678561501490234775e+01
9674,1.260794276485927696e+02,7.678429612090863543e+01
9675,1.260653244455296260e+02,7.678297859172913320e+01
9676,1.260512217263282935e+02,7.678166242541855979e+01
9677,1.260371194904800944e+02,7.678034762003557034e+01
9678,1.260230177374768914e+02,7.677903417364314009e+01
9679,1.260089164668115131e+02,7.677772208430826595e+01
9680,1.259948156779774990e+02,7.677641135010199491e+01
9681,1.259807153704687437e+02,7.677510196909969409e+01
9682,1.259666155437804349e+02,7.677379393938070962e+01
9683,1.259525161974081726e+02,7.677248725902843773e+01
9684,1.259384173308482673e+02,7.677118192613031056e+01
9685,1.259243189435978678e+02,7.676987793877793820e+01
9686,1.259102210351548479e+02,7.676857529506695244e+01
9687,1.258961236050177348e+02,7.676727399309686461e+01
9688,1.258820266526858660e+02,7.676597403097136407e+01
9689,1.258679301776591757e+02,7.676467540679804813e+01
9690,1.258538341794384365e+02,7.676337811868856420e+01
9691,1.258397386575250181e+02,7.676208216475853874e+01
9692,1.258256436114211994e+02,7.676078754312744934e+01
9693,1.258115490406296431e+02,7.675949425191882369e+01
9694,1.257974549446542483e+02,7.675820228926009747e+01
9695,1.257833613229990846e+02,7.675691165328265697e+01
9696,1.257692681751692021e+02,7.675562234212179646e+01
9697,1.257551755006704042e+02,7.675433435391667558e+01
9698,1.257410832990090483e+02,7.675304768681037615e+01
9699,1.257269915696921743e+02,7.675176233894978850e+01
9700,1.257129003122278732e+02,7.675047830848576780e+01
9701,1.256988095261244212e+02,7.674919559357293508e+01
9702,1.256847192108912168e+02,7.674791419236984780e+01
9703,1.256706293660381561e+02,7.674663410303872979e+01
9704,1.256565399910758032e+02,7.674535532374574132e+01
9705,1.256424510855157308e+02,7.674407785266087956e+01
9706,1.256283626488696825e+02,7.674280168795777968e+01
9707,1.256142746806504675e+02,7.674152682781399903e+01
9708,1.256001871803717478e+02,7.674025327041077560e+01
9709,1.255861001475472278e+02,7.673898101393308480e+01
9710,1.255720135816919765e+02,7.673771005656975319e+01
9711,1.255579274823215457e+02,7.673644039651325954e+01
9712,1.255438418489518568e+02,7.673517203195983427e+01
9713,1.255297566810999541e+02,7.673390496110931736e+01
9714,1.255156719782833790e+02,7.673263918216538571e+01
9715,1.255015877400203266e+02,7.673137469333532579e+01
9716,1.254875039658296600e+02,7.673011149283007626e+01
9717,1.254734206552309388e+02,7.672884957886424218e+01
9718,1.254593378077446317e+02,7.672758894965618026e+01
9719,1.254452554228913925e+02,7.672632960342772890e+01
9720,1.254311735001931396e+02,7.672507153840449234e+01
9721,1.254170920391719051e+02,7.672381475281557073e+01
9722,1.254030110393508295e+02,7.672255924489373058e+01
9723,1.253889305002534940e+02,7.672130501287534798e+01
9724,1.253748504214042612e+02,7.672005205500032332e+01
9725,1.253607708023279486e+02,7.671880036951218074e+01
9726,1.253466916425503825e+02,7.671754995465809657e+01
9727,1.253326129415978727e+02,7.671630080868845880e+01
9728,1.253185346989971407e+02,7.671505292985753499e+01
9729,1.253044569142761020e+02,7.671380631642306014e+01
9730,1.252903795869630414e+02,7.671256096664612301e+01
9731,1.252763027165866418e+02,7.671131687879147876e+01
9732,1.252622263026769218e+02,7.671007405112727895e+01
9733,1.252481503447637721e+02,7.670883248192528470e+01
9734,1.252340748423783623e+02,7.670759216946052561e+01
9735,1.252199997950522032e+02,7.670635311201171191e+01
9736,1.252059252023177010e+02,7.670511530786085075e+01
9737,1.251918510637075599e+02,7.670387875529350197e+01
9738,1.251777773787553087e+02,7.670264345259855077e+01
9739,1.251637041469952294e+02,7.670140939806837821e+01
9740,1.251496313679621863e+02,7.670017658999873333e+01
9741,1.251355590411915273e+02,7.669894502668876157e+01
9742,1.251214871662195804e+02,7.669771470644107580e+01
9743,1.251074157425831004e+02,7.669648562756160004e+01
9744,1.250933447698192253e+02,7.669525778835956942e+01
9745,1.250792742474665147e+02,7.669403118714768652e+01
9746,1.250652041750632577e+02,7.669280582224200771e+01
9747,1.250511345521489801e+02,7.669158169196184360e+01
9748,1.250370653782636339e+02,7.669035879462985861e+01
9749,1.250229966529479242e+02,7.668913712857205667e+01
9750,1.250089283757429257e+02,7.668791669211776707e+01
9751,1.249948605461906794e+02,7.668669748359954497e+01
9752,1.249807931638337379e+02,7.668547950135332769e+01
9753,1.249667262282150233e+02,7.668426274371823581e+01
9754,1.249526597388785945e+02,7.668304720903677207e+01
9755,1.249385936953687377e+02,7.668183289565459404e+01
9756,1.249245280972304926e+02,7.668061980192062776e+01
9757,1.249104629440095806e+02,7.667940792618715307e+01
9758,1.248963982352521924e+02,7.667819726680944825e+01
9759,1.248823339705054138e+02,7.667698782214628750e+01
9760,1.248682701493166292e+02,7.667577959055938663e+01
9761,1.248542067712341321e+02,7.667457257041391472e+01
9762,1.248401438358065718e+02,7.667336676007808194e+01
9763,1.248260813425836062e+02,7.667216215792328171e+01
9764,1.248120192911149360e+02,7.667095876232414753e+01
9765,1.247979576809513418e+02,7.666975657165842506e+01
9766,1.247838965116440164e+02,7.666855558430705742e+01
9767,1.247698357827449200e+02,7.666735579865405725e+01
9768,1.247557754938066665e+02,7.666615721308667730e+01
9769,1.247417156443820261e+02,7.666495982599518300e+01
9770,1.247276562340249058e+02,7.666376363577312247e+01
9771,1.247135972622895252e+02,7.666256864081687183e+01
9772,1.246995387287309285e+02,7.666137483952624621e+01
9773,1.246854806329045857e+02,7.666018223030390288e+01
9774,1.246714229743665925e+02,7.665899081155568240e+01
9775,1.246573657526736554e+02,7.665780058169052325e+01
9776,1.246433089673832626e+02,7.665661153912031978e+01
9777,1.246292526180533002e+02,7.665542368226010694e+01
9778,1.246151967042422370e+02,7.665423700952796082e+01
9779,1.246011412255093802e+02,7.665305151934495598e+01
9780,1.245870861814143069e+02,7.665186721013520810e+01
9781,1.245730315715174470e+02,7.665068408032593084e+01
9782,1.245589773953796708e+02,7.664950212834709475e+01
9783,1.245449236525626304e+02,7.664832135263209523e+01
9784,1.245308703426283614e+02,7.664714175161687137e+01
9785,1.245168174651396811e+02,7.664596332374067345e+01
9786,1.245027650196597335e+02,7.664478606744555123e+01
9787,1.244887130057527287e+02,7.664360998117669510e+01
9788,1.244746614229827628e+02,7.664243506338196710e+01
9789,1.244606102709152964e+02,7.664126131251241247e+01
9790,1.244465595491156904e+02,7.664008872702197550e+01
9791,1.244325092571503859e+02,7.663891730536754210e+01
9792,1.244184593945862218e+02,7.663774704600886878e+01
9793,1.244044099609906766e+02,7.663657794740863949e+01
9794,1.243903609559315413e+02,7.663541000803247982e+01
9795,1.243763123789775733e+02,7.663424322634885755e+01
9796,1.243622642296979706e+02,7.663307760082923892e+01
9797,1.243482165076624142e+02,7.663191312994790394e+01
9798,1.243341692124411537e+02,7.663074981218188952e+01
9799,1.243201223436052913e+02,7.662958764601137318e+01
9800,1.243060759007261424e+02,7.662842662991911880e+01
9801,1.242920298833759176e+02,7.662726676239101664e+01
9802,1.242779842911270833e+02,7.662610804191545810e+01
9803,1.242639391235530297e+02,7.662495046698394674e+01
9804,1.242498943802273743e+02,7.662379403609077144e+01
9805,1.242358500607245730e+02,7.662263874773294958e+01
9806,1.242218061646194514e+02,7.662148460041026965e+01
9807,1.242077626914875310e+02,7.662033159262553283e+01
9808,1.241937196409049307e+02,7.661917972288414092e+01
9809,1.241796770124481526e+02,7.661802898969430942e+01
9810,1.241656348056945234e+02,7.661687939156716709e+01
9811,1.241515930202216822e+02,7.661573092701645749e+01
9812,1.241375516556080214e+02,7.661458359455872369e+01
9813,1.241235107114323455e+02,7.661343739271333675e+01
9814,1.241094701872740558e+02,7.661229232000236777e+01
9815,1.240954300827133352e+02,7.661114837495067320e+01
9816,1.240813903973306083e+02,7.661000555608568163e+01
9817,1.240673511307069248e+02,7.660886386193780595e+01
9818,1.240533122824240451e+02,7.660772329103987488e+01
9819,1.240392738520642695e+02,7.660658384192778669e+01
9820,1.240252358392102821e+02,7.660544551313977024e+01
9821,1.240111982434454490e+02,7.660430830321703866e+01
9822,1.239971610643534916e+02,7.660317221070336302e+01
9823,1.239831243015191262e+02,7.660203723414515764e+01
9824,1.239690879545271542e+02,7.660090337209162215e+01
9825,1.239550520229632582e+02,7.659977062309451412e+01
9826,1.239410165064133480e+02,7.659863898570833385e+01
9827,1.239269814044641720e+02,7.659750845849013956e+01
9828,1.239129467167029759e+02,7.659637903999983166e+01
9829,1.238989124427173465e+02,7.659525072879968377e+01
9830,1.238848785820956522e+02,7.659412352345478325e+01
9831,1.238708451344265455e+02,7.659299742253270438e+01
9832,1.238568120992996739e+02,7.659187242460380673e+01
9833,1.238427794763047416e+02,7.659074852824093682e+01
9834,1.238287472650322201e+02,7.658962573201948487e+01
9835,1.238147154650730641e+02,7.658850403451762645e+01
9836,1.238006840760188254e+02,7.658738343431596718e+01
9837,1.237866530974616524e+02,7.658626392999771326e+01
9838,1.237726225289938498e+02,7.658514552014872834e+01
9839,1.237585923702089303e+02,7.658402820335734873e+01
9840,1.237445626207003357e+02,7.658291197821449714e+01
9841,1.237305332800622040e+02,7.658179684331369685e+01
9842,1.237165043478894262e+02,7.658068279725091543e+01
9843,1.237024758237771493e+02,7.657956983862474942e+01
9844,1.236884477073212594e+02,7.657845796603629651e+01
9845,1.236744199981179833e+02,7.657734717808915548e+01
9846,1.236603926957642159e+02,7.657623747338948306e+01
9847,1.236463657998573211e+02,7.657512885054590868e+01
9848,1.236323393099952455e+02,7.657402130816961972e+01
9849,1.236183132257763617e+02,7.657291484487421940e+01
9850,1.236042875467996254e+02,7.657180945927589732e+01
9851,1.235902622726645745e+02,7.657070514999318789e+01
9852,1.235762374029711310e+02,7.656960191564725449e+01
9853,1.235622129373199556e+02,7.656849975486170479e+01
9854,1.235481888753118085e+02,7.656739866626243440e+01
9855,1.235341652165485726e+02,7.656629864847809586e+01
9856,1.235201419606321593e+02,7.656519970013950172e+01
9857,1.235061191071652615e+02,7.656410181988016461e+01
9858,1.234920966557508990e+02,7.656300500633579986e+01
9859,1.234780746059927310e+02,7.656190925814468073e+01
9860,1.234640529574949426e+02,7.656081457394755319e+01
9861,1.234500317098622446e+02,7.655972095238743691e+01
9862,1.234360108626996890e+02,7.655862839210989534e+01
9863,1.234219904156130383e+02,7.655753689176276566e+01
9864,1.234079703682084954e+02,7.655644644999645720e+01
9865,1.233939507200927750e+02,7.655535706546368147e+01
9866,1.233799314708731316e+02,7.655426873681943789e+01
9867,1.233659126201572178e+02,7.655318146272124125e+01
9868,1.233518941675532545e+02,7.655209524182900793e+01
9869,1.233378761126701306e+02,7.655101007280484282e+01
9870,1.233238584551169623e+02,7.654992595431340874e+01
9871,1.233098411945036474e+02,7.654884288502161382e+01
9872,1.232958243304403254e+02,7.654776086359872522e+01
9873,1.232818078625377467e+02,7.654667988871636908e+01
9874,1.232677917904072586e+02,7.654559995904854475e+01
9875,1.232537761136605923e+02,7.654452107327148269e+01
9876,1.232397608319100755e+02,7.654344323006391448e+01
9877,1.232257459447683630e+02,7.654236642810663227e+01
9878,1.232117314518488485e+02,7.654129066608300036e+01
9879,1.231977173527651530e+02,7.654021594267845785e+01
9880,1.231837036471317219e+02,7.653914225658101600e+01
9881,1.231696903345631853e+02,7.653806960648067559e+01
9882,1.231556774146749120e+02,7.653699799106999535e+01
9883,1.231416648870824986e+02,7.653592740904362302e+01
9884,1.231276527514023513e+02,7.653485785909860795e+01
9885,1.231136410072510898e+02,7.653378933993414535e+01
9886,1.230996296542459589e+02,7.653272185025188890e+01
9887,1.230856186920047435e+02,7.653165538875555285e+01
9888,1.230716081201455268e+02,7.653058995415116783e+01
9889,1.230575979382871594e+02,7.652952554514709504e+01
9890,1.230435881460487337e+02,7.652846216045379890e+01
9891,1.230295787430499530e+02,7.652739979878413124e+01
9892,1.230155697289109753e+02,7.652633845885306130e+01
9893,1.230015611032524703e+02,7.652527813937783208e+01
9894,1.229875528656956902e+02,7.652421883907787503e+01
9895,1.229735450158618448e+02,7.652316055667483852e+01
9896,1.229595375533734654e+02,7.652210329089265883e+01
9897,1.229455304778529836e+02,7.652104704045730443e+01
9898,1.229315237889233714e+02,7.651999180409710277e+01
9899,1.229175174862083963e+02,7.651893758054252714e+01
9900,1.229035115693318971e+02,7.651788436852622510e+01
9901,1.228895060379184088e+02,7.651683216678297583e+01
9902,1.228755008915928499e+02,7.651578097404986067e+01
9903,1.228614961299808499e+02,7.651473078906595049e+01
9904,1.228474917527082795e+02,7.651368161057256145e+01
9905,1.228334877594014216e+02,7.651263343731329769e+01
9906,1.228194841496873408e+02,7.651158626803372442e+01
9907,1.228054809231933007e+02,7.651054010148162376e+01
9908,1.227914780795472041e+02,7.650949493640695209e+01
9909,1.227774756183773093e+02,7.650845077156179741e+01
9910,1.227634735393124004e+02,7.650740760570023724e+01
9911,1.227494718419816877e+02,7.650636543757875074e+01
9912,1.227354705260148933e+02,7.650532426595565028e+01
9913,1.227214695910423217e+02,7.650428408959157878e+01
9914,1.227074690366945049e+02,7.650324490724909765e+01
9915,1.226934688626026286e+02,7.650220671769311309e+01
9916,1.226794690683983191e+02,7.650116951969039292e+01
9917,1.226654696537135010e+02,7.650013331200989342e+01
9918,1.226514706181808521e+02,7.649909809342271672e+01
9919,1.226374719614331212e+02,7.649806386270198288e+01
9920,1.226234736831040237e+02,7.649703061862284414e+01
9921,1.226094757828274027e+02,7.649599835996268382e+01
9922,1.225954782602375133e+02,7.649496708550071844e+01
9923,1.225814811149693497e+02,7.649393679401845247e+01
9924,1.225674843466580768e+02,7.649290748429937992e+01
9925,1.225534879549395555e+02,7.649187915512892744e+01
9926,1.225394919394499311e+02,7.649085180529472439e+01
9927,1.225254962998258748e+02,7.648982543358637542e+01
9928,1.225115010357045406e+02,7.648880003879553158e+01
9929,1.224975061467234525e+02,7.648777561971584760e+01
9930,1.224835116325207167e+02,7.648675217514305302e+01
9931,1.224695174927348802e+02,7.648572970387483849e+01
9932,1.224555237270048025e+02,7.648470820471098364e+01
9933,1.224415303349699258e+02,7.648368767645325761e+01
9934,1.224275373162700475e+02,7.648266811790541908e+01
9935,1.224135446705455337e+02,7.648164952787318782e+01
9936,1.223995523974371622e+02,7.648063190516434418e+01
9937,1.223855604965861232e+02,7.647961524858867222e+01
9938,1.223715689676339764e+02,7.647859955695790291e+01
9939,1.223575778102230487e+02,7.647758482908578515e+01
9940,1.223435870239956245e+02,7.647657106378792946e+01
9941,1.223295966085948692e+02,7.647555825988213485e+01
9942,1.223156065636642609e+02,7.647454641618796245e+01
9943,1.223016168888476045e+02,7.647353553152707661e+01
9944,1.222876275837892592e+02,7.647252560472296068e+01
9945,1.222736386481340247e+02,7.647151663460121540e+01
9946,1.222596500815271412e+02,7.647050861998927473e+01
9947,1.222456618836142468e+02,7.646950155971654794e+01
9948,1.222316740540413917e+02,7.646849545261441961e+01
9949,1.222176865924553084e+02,7.646749029751612170e+01
9950,1.222036994985028286e+02,7.646648609325691837e+01
9951,1.221897127718314096e+02,7.646548283867393536e+01
9952,1.221757264120890198e+02,7.646448053260621691e+01
9953,1.221617404189238130e+02,7.646347917389481097e+01
9954,1.221477547919846529e+02,7.646247876138249921e+01
9955,1.221337695309206595e+02,7.646147929391418074e+01
9956,1.221197846353815493e+02,7.646048077033651680e+01
9957,1.221058001050172805e+02,7.645948318949810130e+01
9958,1.220918159394783800e+02,7.645848655024943241e+01
9959,1.220778321384156868e+02,7.645749085144294099e+01
9960,1.220638487014807367e+02,7.645649609193279161e+01
9961,1.220498656283251506e+02,7.645550227057518100e+01
9962,1.220358829186012031e+02,7.645450938622815329e+01
9963,1.220219005719616092e+02,7.645351743775160003e+01
9964,1.220079185880593542e+02,7.645252642400717491e+01
9965,1.219939369665480058e+02,7.645153634385866326e+01
9966,1.219799557070814728e+02,7.645054719617142780e+01
9967,1.219659748093140905e+02,7.644955897981277815e+01
9968,1.219519942729007909e+02,7.644857169365201344e+01
9969,1.219380140974965769e+02,7.644758533656002442e+01
9970,1.219240342827572476e+02,7.644659990740974820e+01
9971,1.219100548283389003e+02,7.644561540507589825e+01
9972,1.218960757338980017e+02,7.644463182843497862e+01
9973,1.218820969990914165e+02,7.644364917636529810e+01
9974,1.218681186235764926e+02,7.644266744774709821e+01
9975,1.218541406070110185e+02,7.644168664146232572e+01
9976,1.218401629483959283e+02,7.644075574720207555e+01
9977,1.218261856002689427e+02,7.644011049036505767e+01
9978,1.218122084880691887e+02,7.643946572829690922e+01
9979,1.217982316116140851e+02,7.643882146043759462e+01
9980,1.217842549707205677e+02,7.643817768622803044e+01
9981,1.217702785652063966e+02,7.643753440511012798e+01
9982,1.217563023948892749e+02,7.643689161652665121e+01
9983,1.217423264595872183e+02,7.643624931992140148e+01
9984,1.217283507591183707e+02,7.643560751473906123e+01
9985,1.217143752933010035e+02,7.643496620042517975e+01
9986,1.217004000619538289e+02,7.643432537642642899e+01
9987,1.216864250648955732e+02,7.643368504219016302e+01
9988,1.216724503019452612e+02,7.643304519716487277e+01
9989,1.216584757729220598e+02,7.643240584079985922e+01
9990,1.216445014776453633e+02,7.643176697254534702e+01
9991,1.216305274159348784e+02,7.643112859185255559e+01
9992,1.216165535876103121e+02,7.643049069817351437e+01
9993,1.216025799924917408e+02,7.642985329096131863e+01
9994,1.215886066303993687e+02,7.642921636966980259e+01
9995,1.215746335011536843e+02,7.642857993375388048e+01
9996,1.215606606045752329e+02,7.642794398266919131e+01
9997,1.215466879404848584e+02,7.642730851587242569e+01
9998,1.215327155087036601e+02,7.642667353282118370e+01
9999,1.215187433090528799e+02,7.642603903297384704e+01
10000,1.215047713413539157e+02,7.642540501578979217e+01
10001,1.214907996054283927e+02,7.642477148072924820e+01
10002,1.214768281010983486e+02,7.642413842725338213e+01
10003,1.214628568281855934e+02,7.642350585482425629e+01
10004,1.214488857865124345e+02,7.642287376290475720e+01
10005,1.214349149759014068e+02,7.642224215095873774e+01
10006,1.214209443961751020e+02,7.642161101845091764e+01
10007,1.214069740471564245e+02,7.642098036484682666e+01
10008,1.213930039286683638e+02,7.642035018961296089e+01
10009,1.213790340405342505e+02,7.641972049221672592e+01
10010,1.213650643825773443e+02,7.641909127212629471e+01
10011,1.213510949546215869e+02,7.641846252881086343e+01
10012,1.213371257564905505e+02,7.641783426174031035e+01
10013,1.213231567880085748e+02,7.641720647038556535e+01
10014,1.213091880489994736e+02,7.641657915421836833e+01
10015,1.212952195392881265e+02,7.641595231271125499e+01
10016,1.212812512586989158e+02,7.641532594533772738e+01
10017,1.212672832070567495e+02,7.641470005157212597e+01
10018,1.212533153841866636e+02,7.641407463088962970e+01
10019,1.212393477899138645e+02,7.641344968276627014e+01
10020,1.212253804240637862e+02,7.641282520667897415e+01
10021,1.212114132864619762e+02,7.641220120210549283e+01
10022,1.211974463769344226e+02,7.641157766852448674e+01
10023,1.211834796953070139e+02,7.641095460541536966e+01
10024,1.211695132414059373e+02,7.641033201225849325e+01
10025,1.211555470150575644e+02,7.640970988853503343e+01
10026,1.211415810160885229e+02,7.640908823372697611e+01
10027,1.211276152443256535e+02,7.640846704731721672e+01
10028,1.211136496995959249e+02,7.640784632878943228e+01
10029,1.210996843817263198e+02,7.640722607762813823e+01
10030,1.210857192905444322e+02,7.640660629331877374e+01
10031,1.210717544258777281e+02,7.640598697534748851e+01
10032,1.210577897875539293e+02,7.640536812320138438e+01
10033,1.210438253754010560e+02,7.640474973636833056e+01
10034,1.210298611892471286e+02,7.640413181433700629e+01
10035,1.210158972289205082e+02,7.640351435659701451e+01
10036,1.210019334942496556e+02,7.640289736263866871e+01
10037,1.209879699850633727e+02,7.640228083195313502e+01
10038,1.209740067011905182e+02,7.640166476403247486e+01
10039,1.209600436424601639e+02,7.640104915836954547e+01
10040,1.209460808087015096e+02,7.640043401445792881e+01
10041,1.209321181997440675e+02,7.639981933179208795e+01
10042,1.209181558154175207e+02,7.639920510986738122e+01
10043,1.209041936555516799e+02,7.639859134817986330e+01
10044,1.208902317199764553e+02,7.639797804622644151e+01
10045,1.208762700085223543e+02,7.639736520350480475e+01
10046,1.208623085210194574e+02,7.639675281951352304e+01
10047,1.208483472572985136e+02,7.639614089375187689e+01
10048,1.208343862171902288e+02,7.639552942572005634e+01
10049,1.208204254005257070e+02,7.639491841491890511e+01
10050,1.208064648071358533e+02,7.639430786085023328e+01
10051,1.207925044368521270e+02,7.639369776301653303e+01
10052,1.207785442895061863e+02,7.639308812092114920e+01
10053,1.207645843649295472e+02,7.639247893406822243e+01
10054,1.207506246629540385e+02,7.639187020196260391e+01
10055,1.207366651834119722e+02,7.639126192411004013e+01
10056,1.207227059261353901e+02,7.639065410001698808e+01
10057,1.207087468909567889e+02,7.639004672919074324e+01
10058,1.206947880777089779e+02,7.638943981113941106e+01
10059,1.206808294862244963e+02,7.638883334537173653e+01
10060,1.206668711163364662e+02,7.638822733139745935e+01
10061,1.206529129678781516e+02,7.638762176872690191e+01
10062,1.206389550406827453e+02,7.638701665687128184e+01
10063,1.206249973345839237e+02,7.638641199534255577e+01
10064,1.206110398494152349e+02,7.638580778365346191e+01
10065,1.205970825850107246e+02,7.638520402131746323e+01
10066,1.205831255412044527e+02,7.638460070784896061e+01
10067,1.205691687178307347e+02,7.638399784276283810e+01
10068,1.205552121147239291e+02,7.638339542557498874e+01
10069,1.205412557317187776e+02,7.638279345580198765e+01
10070,1.205272995686499655e+02,7.638219193296117737e+01
10071,1.205133436253525190e+02,7.638159085657062519e+01
10072,1.204993879016616631e+02,7.638099022614926525e+01
10073,1.204854323974127368e+02,7.638039004121665698e+01
10074,1.204714771124412778e+02,7.637979030129319824e+01
10075,1.204575220465828380e+02,7.637919100590002586e+01
10076,1.204435671996735522e+02,7.637859215455898720e+01
10077,1.204296125715492707e+02,7.637799374679276809e+01
10078,1.204156581620463839e+02,7.637739578212469382e+01
10079,1.204017039710013108e+02,7.637679826007902761e+01
10080,1.203877499982504986e+02,7.637620118018050164e+01
10081,1.203737962436308777e+02,7.637560454195482862e+01
10082,1.203598427069794070e+02,7.637500834492831814e+01
10083,1.203458893881331448e+02,7.637441258862810400e+01
10084,1.203319362869293911e+02,7.637381727258201636e+01
10085,1.203179834032056448e+02,7.637322239631869536e+01
10086,1.203040307367996178e+02,7.637262795936742066e+01
10087,1.202900782875491217e+02,7.637203396125823929e+01
10088,1.202761260552920817e+02,7.637144040152196567e+01
10089,1.202621740398667072e+02,7.637084727969011055e+01
10090,1.202482222411115913e+02,7.637025459529489524e+01
10091,1.202342706588649435e+02,7.636966234786932262e+01
10092,1.202203192929656268e+02,7.636907053694710612e+01
10093,1.202063681432525186e+02,7.636847916206264131e+01
10094,1.201924172095646526e+02,7.636788822275110533e+01
10095,1.201784664917413181e+02,7.636729771854837168e+01
10096,1.201645159896217905e+02,7.636670764899101016e+01
10097,1.201505657030457854e+02,7.636611801361631535e+01
10098,1.201366156318530045e+02,7.636552881196237763e+01
10099,1.201226657758833767e+02,7.636494004356782739e+01
10100,1.201087161349769019e+02,7.636435170797223293e+01
10101,1.200947667089739923e+02,7.636376380471568837e+01
10102,1.200808174977149747e+02,7.636317633333906940e+01
10103,1.200668685010405881e+02,7.636258929338397650e+01
10104,1.200529197187915145e+02,7.636200268439270644e+01
10105,1.200389711508085924e+02,7.636141650590823815e+01
10106,1.200250227969331718e+02,7.636083075747427529e+01
10107,1.200110746570063895e+02,7.636024543863518943e+01
10108,1.199971267308697662e+02,7.635966054893614796e+01
10109,1.199831790183649076e+02,7.635907608792285828e+01
10110,1.199692315193336469e+02,7.635849205514189464e+01
10111,1.199552842336179594e+02,7.635790845014037131e+01
10112,1.199413371610598773e+02,7.635732527246625523e+01
10113,1.199273903015018874e+02,7.635674252166809595e+01
10114,1.199134436547863629e+02,7.635616019729509674e+01
10115,1.198994972207559044e+02,7.635557829889731352e+01
10116,1.198855509992533257e+02,7.635499682602535643e+01
10117,1.198716049901217531e+02,7.635441577823053194e+01
10118,1.198576591932041850e+02,7.635383515506491392e+01
10119,1.198437136083439043e+02,7.635325495608111623e+01
10120,1.198297682353845488e+02,7.635267518083259120e+01
10121,1.198158230741696997e+02,7.635209582887335955e+01
10122,1.198018781245431370e+02,7.635151689975822364e+01
10123,1.197879333863488540e+02,7.635093839304255425e+01
10124,1.197739888594309150e+02,7.635036030828250375e+01
10125,1.197600445436337964e+02,7.634978264503472190e+01
10126,1.197461004388019745e+02,7.634920540285675372e+01
10127,1.197321565447799685e+02,7.634862858130669849e+01
10128,1.197182128614125958e+02,7.634805217994330917e+01
10129,1.197042693885448870e+02,7.634747619832607768e+01
10130,1.196903261260219296e+02,7.634690063601509280e+01
10131,1.196763830736890952e+02,7.634632549257112544e+01
10132,1.196624402313916988e+02,7.634575076755567125e+01
10133,1.196484975989754957e+02,7.634517646053079432e+01
10134,1.196345551762863693e+02,7.634460257105928349e+01
10135,1.196206129631700037e+02,7.634402909870458132e+01
10136,1.196066709594727655e+02,7.634345604303075561e+01
10137,1.195927291650407653e+02,7.634288340360255631e+01
10138,1.195787875797205260e+02,7.634231117998541549e+01
10139,1.195648462033586128e+02,7.634173937174539049e+01
10140,1.195509050358018470e+02,7.634116797844913549e+01
10141,1.195369640768970783e+02,7.634059699966404366e+01
10142,1.195230233264913977e+02,7.634002643495811924e+01
10143,1.195090827844321950e+02,7.633945628390002014e+01
10144,1.194951424505667887e+02,7.633888654605905799e+01
10145,1.194812023247425969e+02,7.633831722100516970e+01
10146,1.194672624068076203e+02,7.633774830830891744e+01
10147,1.194533226966095754e+02,7.633717980754161658e+01
10148,1.194393831939965338e+02,7.633661171827506564e+01
10149,1.194254438988167948e+02,7.633604404008183053e+01
10150,1.194115048109185437e+02,7.633547677253503139e+01
10151,1.193975659301505061e+02,7.633490991520845625e+01
10152,1.193836272563613363e+02,7.633434346767657530e+01
10153,1.193696887893997882e+02,7.633377742951442713e+01
10154,1.193557505291149425e+02,7.633321180029766140e+01
10155,1.193418124753558089e+02,7.633264657960265254e+01
10156,1.193278746279719655e+02,7.633208176700635761e+01
10157,1.193139369868127773e+02,7.633151736208634475e+01
10158,1.192999995517278080e+02,7.633095336442084999e+01
10159,1.192860623225669627e+02,7.633038977358866362e+01
10160,1.192721252991801322e+02,7.632982658916924379e+01
10161,1.192581884814173776e+02,7.632926381074273081e+01
10162,1.192442518691290871e+02,7.632870143788979078e+01
10163,1.192303154621655779e+02,7.632813947019177192e+01
10164,1.192163792603774226e+02,7.632757790723060509e+01
10165,1.192024432636154359e+02,7.632701674858886065e+01
10166,1.191885074717304747e+02,7.632645599384972002e+01
10167,1.191745718845735098e+02,7.632589564259700410e+01
10168,1.191606365019958815e+02,7.632533569441503118e+01
10169,1.191467013238487738e+02,7.632477614888894379e+01
10170,1.191327663499838536e+02,7.632421700560429656e+01
10171,1.191188315802527313e+02,7.632365826414736887e+01
10172,1.191048970145071593e+02,7.632309992410500854e+01
10173,1.190909626525991598e+02,7.632254198506464604e+01
10174,1.190770284943808406e+02,7.632198444661437975e+01
10175,1.190630945397045224e+02,7.632142730834287647e+01
10176,1.190491607884226255e+02,7.632087056983939988e+01
10177,1.190352272403876981e+02,7.632031423069386733e+01
10178,1.190212938954524873e+02,7.631975829049669358e+01
10179,1.190073607534699391e+02,7.631920274883894706e+01
10180,1.189934278142929855e+02,7.631864760531237835e+01
10181,1.189794950777748710e+02,7.631809285950922117e+01
10182,1.189655625437690389e+02,7.631753851102232034e+01
10183,1.189516302121289328e+02,7.631698455944517434e+01
10184,1.189376980827081525e+02,7.631643100437183591e+01
10185,1.189237661553604681e+02,7.631587784539691199e+01
10186,1.189098344299399912e+02,7.631532508211569166e+01
10187,1.188959029063006483e+02,7.631477271412398977e+01
10188,1.188819715842968492e+02,7.631422074101820385e+01
10189,1.188680404637827763e+02,7.631366916239535669e+01
10190,1.188541095446132942e+02,7.631311797785301110e+01
10191,1.188401788266427985e+02,7.631256718698936936e+01
10192,1.188262483097264521e+02,7.631201678940317379e+01
10193,1.188123179937190059e+02,7.631146678469377775e+01
10194,1.187983878784756513e+02,7.631091717246110306e+01
10195,1.187844579638518496e+02,7.631036795230562575e+01
10196,1.187705282497029202e+02,7.630981912382844712e+01
10197,1.187565987358845234e+02,7.630927068663119428e+01
10198,1.187426694222523054e+02,7.630872264031611962e+01
10199,1.187287403086622248e+02,7.630817498448601555e+01
10200,1.187148113949704253e+02,7.630762771874429973e+01
10201,1.187008826810329083e+02,7.630708084269487301e+01
10202,1.186869541667061867e+02,7.630653435594227574e+01
10203,1.186730258518466883e+02,7.630598825809160246e+01
10204,1.186590977363109971e+02,7.630544254874851617e+01
10205,1.186451698199559530e+02,7.630489722751924830e+01
10206,1.186312421026384669e+02,7.630435229401059871e+01
10207,1.186173145842155776e+02,7.630380774782992148e+01
10208,1.186033872645446081e+02,7.630326358858512492e+01
10209,1.185894601434828388e+02,7.630271981588472840e+01
10210,1.185755332208878485e+02,7.630217642933776290e+01
10211,1.185616064966171592e+02,7.630163342855382780e+01
10212,1.185476799705287334e+02,7.630109081314310515e+01
10213,1.185337536424804199e+02,7.630054858271630280e+01
10214,1.185198275123304086e+02,7.630000673688476809e+01
10215,1.185059015799368609e+02,7.629946527526023203e+01
10216,1.184919758451581373e+02,7.629892419745517884e+01
10217,1.184780503078529534e+02,7.629838350308251904e+01
10218,1.184641249678796555e+02,7.629784319175577423e+01
10219,1.184501998250973998e+02,7.629730326308896338e+01
10220,1.184362748793649160e+02,7.629676371669671653e+01
10221,1.184223501305414032e+02,7.629622455219417532e+01
10222,1.184084255784860886e+02,7.629568576919704981e+01
10223,1.183945012230584268e+02,7.629514736732153324e+01
10224,1.183805770641178725e+02,7.629460934618445833e+01
10225,1.183666531015240082e+02,7.629407170540318361e+01
10226,1.183527293351369565e+02,7.629353444459555078e+01
10227,1.183388057648163709e+02,7.629299756337998417e+01
10228,1.183248823904224878e+02,7.629246106137540551e+01
10229,1.183109592118155575e+02,7.629192493820141863e+01
10230,1.182970362288559727e+02,7.629138919347795422e+01
10231,1.182831134414042111e+02,7.629085382682565353e+01
10232,1.182691908493209922e+02,7.629031883786561252e+01
10233,1.182552684524670639e+02,7.628978422621948141e+01
10234,1.182413462507035007e+02,7.628924999150949304e+01
10235,1.182274242438913490e+02,7.628871613335824975e+01
10236,1.182135024318916976e+02,7.628818265138909283e+01
10237,1.181995808145660476e+02,7.628764954522578989e+01
10238,1.181856593917760136e+02,7.628711681449263438e+01
10239,1.181717381633830257e+02,7.628658445881444550e+01
10240,1.181578171292490822e+02,7.628605247781663934e+01
10241,1.181438962892359399e+02,7.628552087112507252e+01
10242,1.181299756432058246e+02,7.628498963836618429e+01
10243,1.181160551910209051e+02,7.628445877916693973e+01
10244,1.181021349325433789e+02,7.628392829315474444e+01
10245,1.180882148676359975e+02,7.628339817995765770e+01
10246,1.180742949961611572e+02,7.628286843920415095e+01
10247,1.180603753179817943e+02,7.628233907052323559e+01
10248,1.180464558329607172e+02,7.628181007354454835e+01
10249,1.180325365409609759e+02,7.628128144789806697e+01
10250,1.180186174418458478e+02,7.628075319321442294e+01
10251,1.180046986747550619e+02,7.627817396658147686e+01
10252,1.179907809609848641e+02,7.627489164434821589e+01
10253,1.179768644447063082e+02,7.627161239205359777e+01
10254,1.179629491247484623e+02,7.626833620429850669e+01
10255,1.179490349999420431e+02,7.626506307569790977e+01
10256,1.179351220691200837e+02,7.626179300088170976e+01
10257,1.179212103311177628e+02,7.625852597449386394e+01
10258,1.179072997847721211e+02,7.625526199119289572e+01
10259,1.178933904289225865e+02,7.625200104565170989e+01
10260,1.178794822624103915e+02,7.624874313255722313e+01
10261,1.178655752840791422e+02,7.624548824661103197e+01
10262,1.178516694927742208e+02,7.624223638252827584e+01
10263,1.178377648873433117e+02,7.623898753503897296e+01
10264,1.178238614666359183e+02,7.623574169888657082e+01
10265,1.178099592295040026e+02,7.623249886882888404e+01
10266,1.177960581748011606e+02,7.622925903963765393e+01
10267,1.177821583013830775e+02,7.622602220609834944e+01
10268,1.177682596081078827e+02,7.622278836301087779e+01
10269,1.177543620938353115e+02,7.621955750518817752e+01
10270,1.177404657574271454e+02,7.621632962745752593e+01
10271,1.177265705977474397e+02,7.621310472465975749e+01
10272,1.177126766136621683e+02,7.620988279164950541e+01
10273,1.176987838040392091e+02,7.620666382329486055e+01
10274,1.176848921677486004e+02,7.620344781447749938e+01
10275,1.176710017036623270e+02,7.620023476009296814e+01
10276,1.176571124106542499e+02,7.619702465504988709e+01
10277,1.176432245288080054e+02,7.619025474051555591e+01
10278,1.176293393098957978e+02,7.618226138267660019e+01
10279,1.176154570031604862e+02,7.617428151740345754e+01
10280,1.176015776033828359e+02,7.616631511191189929e+01
10281,1.175877011053569134e+02,7.615836213351234107e+01
10282,1.175738275038899587e+02,7.615042254961119284e+01
10283,1.175599567938031527e+02,7.614249632770977883e+01
10284,1.175460889699306932e+02,7.613458343540440865e+01
10285,1.175322240271200798e+02,7.612668384038533986e+01
10286,1.175183619602322977e+02,7.611879751043738906e+01
10287,1.175045027641412219e+02,7.611092441343883763e+01
10288,1.174906464337342413e+02,7.610306451736187228e+01
10289,1.174767929639118051e+02,7.609521779027166133e+01
10290,1.174629423495873368e+02,7.608738420032641159e+01
10291,1.174490945856873907e+02,7.607956371577678567e+01
10292,1.174352496671517088e+02,7.607175630496601570e+01
10293,1.174214075889327376e+02,7.606396193632940594e+01
10294,1.174075683459960828e+02,7.605618057839382118e+01
10295,1.173937319333200691e+02,7.604841219977747357e+01
10296,1.173798983458960521e+02,7.604065676919015004e+01
10297,1.173660675787281633e+02,7.603291425543218907e+01
10298,1.173522396268331960e+02,7.602518462739463700e+01
10299,1.173384144852408753e+02,7.601746785405880757e+01
10300,1.173245921489934034e+02,7.600976390449586972e+01
10301,1.173107726131459003e+02,7.600207274786684764e+01
10302,1.172969558727658921e+02,7.599439435342239335e+01
10303,1.172831419229336518e+02,7.598672869050189149e+01
10304,1.172693307587417877e+02,7.597907572853398506e+01
10305,1.172555223752955840e+02,7.597143543703559487e+01
10306,1.172417167677128305e+02,7.596380778561201907e+01
10307,1.172279139311235241e+02,7.595619274395635045e+01
10308,1.172141138606702100e+02,7.594859028185005911e+01
10309,1.172003165515077825e+02,7.594100036916125873e+01
10310,1.171865219988034710e+02,7.593342297584597134e+01
10311,1.171727301977364846e+02,7.592585807194645042e+01
10312,1.171589411434988506e+02,7.591830562759223255e+01
10313,1.171451548312940645e+02,7.591076561299843206e+01
10314,1.171313712563385678e+02,7.590323799846714792e+01
10315,1.171175904138601851e+02,7.589572275438533211e+01
10316,1.171038122990992463e+02,7.588821985122598335e+01
10317,1.170900369073081180e+02,7.588072925954735126e+01
10318,1.170762642337509334e+02,7.587325094999218322e+01
10319,1.170624942737041891e+02,7.586578489328913122e+01
10320,1.170487270224557363e+02,7.585833106024952599e+01
10321,1.170349624753059743e+02,7.585088942177051763e+01
10322,1.170212006275666994e+02,7.584345994883194919e+01
10323,1.170074414745617162e+02,7.583604261249793410e+01
10324,1.169936850116264964e+02,7.582863738391583297e+01
10325,1.169799312341085766e+02,7.582124423431616833e+01
10326,1.169661801373667203e+02,7.581386313501208463e+01
10327,1.169524317167717555e+02,7.580649405739941926e+01
10328,1.169386859677059931e+02,7.579913697295623365e+01
10329,1.169249428855633823e+02,7.579179185324298373e+01
10330,1.169112024657494970e+02,7.578445866990158208e+01
10331,1.168974647036812939e+02,7.577713739465542631e+01
10332,1.168837295947874111e+02,7.576982799930952694e+01
10333,1.168699971345077842e+02,7.576253045574927114e+01
10334,1.168562673182938454e+02,7.575524473594171582e+01
10335,1.168425401416084526e+02,7.574797081193372605e+01
10336,1.168288155999258606e+02,7.574070865585272827e+01
10337,1.168150936887315368e+02,7.573345823990608494e+01
10338,1.168013744035221748e+02,7.572621953638041248e+01
10339,1.167876577398060647e+02,7.571899251764290284e+01
10340,1.167739436931021828e+02,7.571177715613868031e+01
10341,1.167602322589411727e+02,7.570457342439306103e+01
10342,1.167465234328646204e+02,7.569738129500922241e+01
10343,1.167328172104252388e+02,7.569020074066953896e+01
10344,1.167191135871867687e+02,7.568303173413357854e+01
10345,1.167054125587241344e+02,7.567587424824009190e+01
10346,1.166917141206232458e+02,7.566872825590486684e+01
10347,1.166780182684807983e+02,7.566159373012128242e+01
10348,1.166643249979045862e+02,7.565447064396003896e+01
10349,1.166506343045134741e+02,7.564735897056903013e+01
10350,1.166369461839369421e+02,7.564025868317249035e+01
10351,1.166232606318154126e+02,7.563316975507167683e+01
10352,1.166095776438000939e+02,7.562609215964357645e+01
10353,1.165958972155531512e+02,7.561902587034181522e+01
10354,1.165822193427471092e+02,7.561197086069523721e+01
10355,1.165685440210656338e+02,7.560492710430881402e+01
10356,1.165548712462028504e+02,7.559789457486218112e+01
10357,1.165412010138635850e+02,7.559087324611071779e+01
10358,1.165275333197632932e+02,7.558386309188432506e+01
10359,1.165138681596278190e+02,7.557686408608742568e+01
10360,1.165002055291938063e+02,7.556987620269893569e+01
10361,1.164865454242084155e+02,7.556289941577200864e+01
10362,1.164728878404291805e+02,7.555593369943377979e+01
10363,1.164592327736240804e+02,7.554897902788458453e+01
10364,1.164455802195716245e+02,7.554203537539858360e+01
10365,1.164319301740605823e+02,7.553510271632323736e+01
10366,1.164182826328902678e+02,7.552818102507886522e+01
10367,1.164046375918700562e+02,7.552127027615823351e+01
10368,1.163909950468198957e+02,7.551437044412705291e+01
10369,1.163773549935698668e+02,7.550748150362331046e+01
10370,1.163637174279602959e+02,7.550060342935664437e+01
10371,1.163500823458416278e+02,7.549373619610918240e+01
10372,1.163364497430746098e+02,7.548687977873382238e+01
10373,1.163228196155301788e+02,7.548003415215598011e+01
10374,1.163091919590892616e+02,7.547319929137105987e+01
10375,1.162955667696428605e+02,7.546637517144623075e+01
10376,1.162819440430920537e+02,7.545956176751892031e+01
10377,1.162683237753480086e+02,7.545275905479728351e+01
10378,1.162547059623317267e+02,7.544596700855962013e+01
10379,1.162410905999743420e+02,7.543918560415461627e+01
10380,1.162274776842168791e+02,7.543241481700027862e+01
10381,1.162138672110101680e+02,7.542565462258453124e+01
10382,1.162002591763150008e+02,7.541890499646471824e+01
10383,1.161866535761020174e+02,7.541216591426719162e+01
10384,1.161730504063514928e+02,7.540543735168758133e+01
10385,1.161594496630536639e+02,7.539871928448953042e+01
10386,1.161458513422086156e+02,7.539201168850658519e+01
10387,1.161322554398258262e+02,7.538531453963901185e+01
10388,1.161186619519248495e+02,7.537862781385649669e+01
10389,1.161050708745344338e+02,7.537195148719544591e+01
10390,1.160914822036933742e+02,7.536528553576080469e+01
10391,1.160778959354499165e+02,7.535862993572483504e+01
10392,1.160643120658619694e+02,7.535198466332688838e+01
10393,1.160507305909968352e+02,7.534534969487336298e+01
10394,1.160371515069313944e+02,7.533872500673746231e+01
10395,1.160235748097520769e+02,7.533211057535912403e+01
10396,1.160100004955547064e+02,7.532550637724489206e+01
10397,1.159964285604445138e+02,7.531891238896683660e+01
10398,1.159828590005362514e+02,7.531232858716391831e+01
10399,1.159692918119539797e+02,7.530575494853997043e+01
10400,1.159557269908311952e+02,7.529919144986548929e+01
10401,1.159421645333105033e+02,7.529263806797527536e+01
10402,1.159286044355438605e+02,7.528609477976993958e+01
10403,1.159150466936927870e+02,7.527956156221506490e+01
10404,1.159014913039275854e+02,7.527303839234066629e+01
10405,1.158879382624281931e+02,7.526652524724164550e+01
10406,1.158743875653833300e+02,7.526002210407710891e+01
10407,1.158608392089912087e+02,7.525352894007032489e+01
10408,1.158472931894589806e+02,7.524704573250876649e+01
10409,1.158337495030029203e+02,7.524057245874331556e+01
10410,1.158202081458484400e+02,7.523410909618844755e+01
10411,1.158066691142298907e+02,7.522765562232241621e+01
10412,1.157931324043907892e+02,7.522121201468659990e+01
10413,1.157795980125835200e+02,7.521477825088456370e+01
10414,1.157660659350694630e+02,7.520835430858359416e+01
10415,1.157525361681189793e+02,7.520194016551327820e+01
10416,1.157390087080112124e+02,7.519553579946527577e+01
10417,1.157254835510344719e+02,7.518914118829378879e+01
10418,1.157119606934855653e+02,7.518275630991489322e+01
10419,1.156984401316704236e+02,7.517638114230652491e+01
10420,1.156849218619035611e+02,7.517001566350826636e+01
10421,1.156714058805084022e+02,7.516365985162086361e+01
10422,1.156578921838172533e+02,7.515731368480672359e+01
10423,1.156443807681707625e+02,7.515097714128899042e+01
10424,1.156308716299186585e+02,7.514465019935171597e+01
10425,1.156173647654192251e+02,7.513833283733951873e+01
10426,1.156038601710392442e+02,7.513202503365788232e+01
10427,1.155903578431543224e+02,7.512572676677207539e+01
10428,1.155768577781486215e+02,7.511943801520794750e+01
10429,1.155633599724147444e+02,7.511315875755066429e+01
10430,1.155498644223540339e+02,7.510688897244564544e+01
10431,1.155363711243763021e+02,7.510062863859778304e+01
10432,1.155228800748997031e+02,7.509437773477100109e+01
10433,1.155093912703509886e+02,7.508813623978879548e+01
10434,1.154959047071654652e+02,7.508190413253336715e+01
10435,1.154824203817866533e+02,7.507568139194589207e+01
10436,1.154689382906666140e+02,7.506946799702602391e+01
10437,1.154554584302657076e+02,7.506326392683203608e+01
10438,1.154419807970527074e+02,7.505706916048032440e+01
10439,1.154285053875045151e+02,7.505088367714516551e+01
10440,1.154150321981066867e+02,7.504470745605922843e+01
10441,1.154015612253527650e+02,7.503854047651269354e+01
10442,1.153880924657446059e+02,7.503238271785302516e+01
10443,1.153746259157923078e+02,7.502623415948535524e+01
10444,1.153611615720141828e+02,7.502009478087200023e+01
10445,1.153476994309367996e+02,7.501396456153200631e+01
10446,1.153342394890947276e+02,7.500784348104153310e+01
10447,1.153207817430306932e+02,7.500173151903332780e+01
10448,1.153073261892955230e+02,7.499562865519637000e+01
10449,1.152938728244482860e+02,7.498953486927641165e+01
10450,1.152804216450559665e+02,7.498345014107502493e+01
10451,1.152669726476934642e+02,7.497737445044964488e+01
10452,1.152535258289440776e+02,7.497130777731388207e+01
10453,1.152400811853986795e+02,7.496525010163654201e+01
10454,1.152266387136562571e+02,7.495920140344213678e+01
10455,1.152131984103238267e+02,7.495316166281038761e+01
10456,1.151997602720162917e+02,7.494713085987609702e+01
10457,1.151863242953562434e+02,7.494110897482869404e+01
10458,1.151728904769744446e+02,7.493509598791287374e+01
10459,1.151594588135092323e+02,7.492909187942795768e+01
10460,1.151460293016071006e+02,7.492309662972706974e+01
10461,1.151326019379219332e+02,7.491711021921818769e+01
10462,1.151191767191157282e+02,7.491113262836289266e+01
10463,1.151057536418580867e+02,7.490516383767710806e+01
10464,1.150923327028263685e+02,7.489920382773040330e+01
10465,1.150789138987056504e+02,7.489325257914563849e+01
10466,1.150654972261886826e+02,7.488731007259939076e+01
10467,1.150520826819758042e+02,7.488137628882147112e+01
10468,1.150386702627753834e+02,7.487545120859481074e+01
10469,1.150252599653028085e+02,7.486953481275513411e+01
10470,1.150118517862815679e+02,7.486362708219084539e+01
10471,1.149984457224423409e+02,7.485772799784344045e+01
10472,1.149850417705237078e+02,7.485183754070595796e+01
10473,1.149716399272716245e+02,7.484595569182479835e+01
10474,1.149582401894394366e+02,7.484008243229757795e+01
10475,1.149448425537882343e+02,7.483421774327462117e+01
10476,1.149314470170863274e+02,7.482836160595724095e+01
10477,1.149180535761096564e+02,7.482251400159907462e+01
10478,1.149046622276416088e+02,7.481667491150524540e+01
10479,1.148912729684726344e+02,7.481084431703138193e+01
10480,1.148778857954009993e+02,7.480502219958501087e+01
10481,1.148645007052320182e+02,7.479920854062469004e+01
10482,1.148511176947786652e+02,7.479340332165961058e+01
10483,1.148377367608608779e+02,7.478760652424949740e+01
10484,1.148243579003059835e+02,7.478181813000476552e+01
10485,1.148109811099487985e+02,7.477603812058639221e+01
10486,1.147976063866312160e+02,7.477026647770541956e+01
10487,1.147842337272022633e+02,7.476450318312276977e+01
10488,1.147708631285184140e+02,7.475874821864974251e+01
10489,1.147574945874431336e+02,7.475300156614706282e+01
10490,1.147441281008472345e+02,7.474726320752500897e+01
10491,1.147307636656085634e+02,7.474153312474372512e+01
10492,1.147174012786120869e+02,7.473581129981195659e+01
10493,1.147040409367499052e+02,7.473009771478857033e+01
10494,1.146906826369213093e+02,7.472439235178070760e+01
10495,1.146773263760324397e+02,7.471869519294449447e+01
10496,1.146639721509965995e+02,7.471300622048484286e+01
10497,1.146506199587342110e+02,7.470732541665553583e+01
10498,1.146372697961726033e+02,7.470165276375819019e+01
10499,1.146239216602459976e+02,7.469598824414283911e+01
10500,1.146105755478959054e+02,7.469033184020824478e+01
10501,1.145972314560703751e+02,7.468468353440013630e+01
10502,1.145838893817246031e+02,7.467904330921277278e+01
10503,1.145705493218206783e+02,7.467341114718792028e+01
10504,1.145572112733275674e+02,7.466778703091482328e+01
10505,1.145438752332211010e+02,7.466217094303002000e+01
10506,1.145305411984838742e+02,7.465656286621739923e+01
10507,1.145172091661055305e+02,7.465096278320808665e+01
10508,1.145038791330822932e+02,7.464537067677997584e+01
10509,1.144905510964171782e+02,7.463978652975752937e+01
10510,1.144772250531201081e+02,7.463421032501220509e+01
10511,1.144639010002077839e+02,7.462864204546214353e+01
10512,1.144505789347034579e+02,7.462308167407148574e+01
10513,1.144372588536371040e+02,7.461752919385075700e+01
10514,1.144239407540456597e+02,7.461198458785649734e+01
10515,1.144106246329723291e+02,7.460644783919124734e+01
10516,1.143973104874673083e+02,7.460091893100351967e+01
10517,1.143839983145873020e+02,7.459539784648735861e+01
10518,1.143706881113954950e+02,7.458988456888212681e+01
10519,1.143573798749619925e+02,7.458437908147307382e+01
10520,1.143440736023631530e+02,7.457888136759031283e+01
10521,1.143307692906820563e+02,7.457339141060919019e+01
10522,1.143174669370082910e+02,7.456790919394997275e+01
10523,1.143041665384379399e+02,7.456243470107806104e+01
10524,1.142908680920736515e+02,7.455696791550309399e+01
10525,1.142775715950245115e+02,7.455150882077977315e+01
10526,1.142642770444060716e+02,7.454605740050676843e+01
10527,1.142509844373403638e+02,7.454061363832732923e+01
10528,1.142376937709558291e+02,7.453517751792891488e+01
10529,1.142244050423873034e+02,7.452974902304271154e+01
10530,1.142111182487760175e+02,7.452432813744425744e+01
10531,1.141978333872695117e+02,7.451891484495246232e+01
10532,1.141845504550219488e+02,7.451350912943006222e+01
10533,1.141712694491934883e+02,7.450811097478317890e+01
10534,1.141579903669508269e+02,7.450272036496134831e+01
10535,1.141447132054667861e+02,7.449733728395726473e+01
10536,1.141314379619207955e+02,7.449196171580703663e+01
10537,1.141181646334980968e+02,7.448659364458941923e+01
10538,1.141048932173905257e+02,7.448123305442597086e+01
10539,1.140916237107962132e+02,7.447587992948130875e+01
10540,1.140783561109190174e+02,7.447053425396204318e+01
10541,1.140650904149695037e+02,7.446519601211790018e+01
10542,1.140518266201642490e+02,7.445986518824061307e+01
10543,1.140385647237258837e+02,7.445454176666405033e+01
10544,1.140253047228832628e+02,7.444922573176432934e+01
10545,1.140120466148713803e+02,7.444391706795906316e+01
10546,1.139987903969313976e+02,7.443861575970842637e+01
10547,1.139855360663103312e+02,7.443332179151356343e+01
10548,1.139722836202616350e+02,7.442803514791756925e+01
10549,1.139590330560445182e+02,7.442275581350496338e+01
10550,1.139457843709243008e+02,7.441748377290127792e+01
10551,1.139325375621724277e+02,7.441221901077356904e+01
10552,1.139192926270662838e+02,7.440696151182982021e+01
10553,1.139060495628891800e+02,7.440171126081877162e+01
10554,1.138928083669305380e+02,7.439646824253028967e+01
10555,1.138795690364855773e+02,7.439123244179465644e+01
10556,1.138663315688556565e+02,7.438600384348288230e+01
10557,1.138530959613477904e+02,7.438078243250636490e+01
10558,1.138398622112751042e+02,7.437556819381667594e+01
10559,1.138266303159566348e+02,7.437036111240585967e+01
10560,1.138134002727171605e+02,7.436516117330579334e+01
10561,1.138001720788872291e+02,7.435996836158838619e+01
10562,1.137869457318035558e+02,7.435478266236546574e+01
10563,1.137737212288084407e+02,7.434960406078847939e+01
10564,1.137604985672499964e+02,7.434443254204822438e+01
10565,1.137472777444822043e+02,7.433926809137557257e+01
10566,1.137340587578647870e+02,7.433411069404016303e+01
10567,1.137208416047632085e+02,7.432896033535109837e+01
10568,1.137076262825486594e+02,7.432381700065666053e+01
10569,1.136944127885981004e+02,7.431868067534389866e+01
10570,1.136812011202943040e+02,7.431355134483919755e+01
10571,1.136679912750254715e+02,7.430842899460706974e+01
10572,1.136547832501856590e+02,7.430331361015109337e+01
10573,1.136415770431746068e+02,7.429820517701332960e+01
10574,1.136283726513976831e+02,7.429310368077413784e+01
10575,1.136151700722656983e+02,7.428800910705218996e+01
10576,1.136019693031954603e+02,7.428292144150448451e+01
10577,1.135887703416089067e+02,7.427784066982573563e+01
10578,1.135755731849340719e+02,7.427276677774922575e+01
10579,1.135623778306040919e+02,7.426769975104534183e+01
10580,1.135491842760579289e+02,7.426263957552254169e+01
10581,1.135359925187399455e+02,7.425758623702698458e+01
10582,1.135228025561002312e+02,7.425253972144231795e+01
10583,1.135096143855941193e+02,7.424750001468925120e+01
10584,1.134964280046826417e+02,7.424246710272625194e+01
10585,1.134832434108321024e+02,7.423744097154836652e+01
10586,1.134700606015145183e+02,7.423242160718815796e+01
10587,1.134568795742072354e+02,7.422740899571496698e+01
10588,1.134437003263928574e+02,7.422240312323484090e+01
10589,1.134305228555596301e+02,7.421740397589063321e+01
10590,1.134173471592011992e+02,7.421241153986184713e+01
10591,1.134041732348164686e+02,7.420742580136453626e+01
10592,1.133910010799097421e+02,7.420244674665086393e+01
10593,1.133778306919908090e+02,7.419747436200957225e+01
10594,1.133646620685745745e+02,7.419250863376520044e+01
10595,1.133514952071815145e+02,7.418754954827879544e+01
10596,1.133383301053372350e+02,7.418259709194701657e+01
10597,1.133251667605726283e+02,7.417765125120234870e+01
10598,1.133120051704240865e+02,7.417271201251330126e+01
10599,1.132988453324330891e+02,7.416777936238362656e+01
10600,1.132856872441463594e+02,7.416285328735298776e+01
10601,1.132725309031159355e+02,7.415793377399610620e+01
10602,1.132593763068990995e+02,7.415302080892340086e+01
10603,1.132462234530582066e+02,7.414811437877990841e+01
10604,1.132330723391608274e+02,7.414321447024619260e+01
10605,1.132199229627800179e+02,7.413832107003777594e+01
10606,1.132067753214934953e+02,7.413343416490481275e+01
10607,1.131936294128845475e+02,7.412855374163265765e+01
10608,1.131804852345415071e+02,7.412367978704095606e+01
10609,1.131673427840577091e+02,7.411881228798408472e+01
10610,1.131542020590316184e+02,7.411395123135081064e+01
10611,1.131410630570668872e+02,7.410909660406419164e+01
10612,1.131279257757722263e+02,7.410424839308184630e+01
10613,1.131147902127613349e+02,7.409940658539525771e+01
10614,1.131016563656529996e+02,7.409457116803012866e+01
10615,1.130885242320712081e+02,7.408974212804595538e+01
10616,1.130753938096447939e+02,7.408491945253645383e+01
10617,1.130622650960075646e+02,7.408010312862832336e+01
10618,1.130491380887985429e+02,7.407529314348288096e+01
10619,1.130360127856615549e+02,7.407048948429425650e+01
10620,1.130228891842453862e+02,7.406569213829031639e+01
10621,1.130097672822039101e+02,7.406090109273222311e+01
10622,1.129966470771959735e+02,7.405611633491456303e+01
10623,1.129835285668850844e+02,7.405133785216487752e+01
10624,1.129704117489398669e+02,7.404656563184342133e+01
10625,1.129572966210340752e+02,7.404179966134448421e+01
10626,1.129441831808457550e+02,7.403703992809379031e+01
10627,1.129310714260585087e+02,7.403228641955108458e+01
10628,1.129179613543601874e+02,7.402753912320790164e+01
10629,1.129048529634439575e+02,7.402279802658870267e+01
10630,1.128917462510075609e+02,7.401806311725027854e+01
10631,1.128786412147538272e+02,7.401333438278214771e+01
10632,1.128655378523900481e+02,7.400861181080543361e+01
10633,1.128524361616285177e+02,7.400389538897405828e+01
10634,1.128393361401863615e+02,7.399918510497373347e+01
10635,1.128262377857854375e+02,7.399448094652230168e+01
10636,1.128131410961521368e+02,7.398978290136922453e+01
10637,1.128000460690179665e+02,7.398509095729592389e+01
10638,1.127869527021189384e+02,7.398040510211566811e+01
10639,1.127738609931958678e+02,7.397572532367297526e+01
10640,1.127607709399941882e+02,7.397105160984415306e+01
10641,1.127476825402641225e+02,7.396638394853695786e+01
10642,1.127345957917605830e+02,7.396172232769015409e+01
10643,1.127215106922430010e+02,7.395706673527415376e+01
10644,1.127084272394757534e+02,7.395241715929003590e+01
10645,1.126953454312274658e+02,7.394777358777018605e+01
10646,1.126822652652718517e+02,7.394313600877825365e+01
10647,1.126691867393868023e+02,7.393850441040802934e+01
10648,1.126561098513550974e+02,7.393387878078466713e+01
10649,1.126430345989641211e+02,7.392925910806368961e+01
10650,1.126299609800056913e+02,7.392464538043140010e+01
10651,1.126168889922761593e+02,7.392003758610442787e+01
10652,1.126038186335767506e+02,7.391543571332988449e+01
10653,1.125907499017128970e+02,7.391083975038526432e+01
10654,1.125776827944945637e+02,7.390624968557796137e+01
10655,1.125646173097364340e+02,7.390166550724596561e+01
10656,1.125515534452578379e+02,7.389708720375710982e+01
10657,1.125384911988821983e+02,7.389251476350915482e+01
10658,1.125254305684376277e+02,7.388794817492949107e+01
10659,1.125123715517567007e+02,7.388338742647594870e+01
10660,1.124993141466764683e+02,7.387883250663524848e+01
10661,1.124862583510384297e+02,7.387428340392445136e+01
10662,1.124732041626883756e+02,7.386974010688938108e+01
10663,1.124601515794768432e+02,7.386520260410595995e+01
10664,1.124471005992585191e+02,7.386067088417927096e+01
10665,1.124340512198925239e+02,7.385614493574313144e+01
10666,1.124210034392423694e+02,7.385162474746132943e+01
10667,1.124079572551760151e+02,7.384711030802614573e+01
10668,1.123949126655658404e+02,7.384260160615933444e+01
10669,1.123818696682883314e+02,7.383809863061087242e+01
10670,1.123688282612245359e+02,7.383360137016032354e+01
10671,1.123557884422598363e+02,7.382910981361550284e+01
10672,1.123427502092837074e+02,7.382462394981287446e+01
10673,1.123297135601902852e+02,7.382014376761789265e+01
10674,1.123166784928776565e+02,7.381566925592400708e+01
10675,1.123036450052484980e+02,7.381120040365334489e+01
10676,1.122906130952094088e+02,7.380673719975622760e+01
10677,1.122775827606715779e+02,7.380227963321115681e+01
10678,1.122645539995502588e+02,7.379782769302507006e+01
10679,1.122515268097650960e+02,7.379338136823274397e+01
10680,1.122385011892397273e+02,7.378894064789695051e+01
10681,1.122254771359022101e+02,7.378450552110814442e+01
10682,1.122124546476847229e+02,7.378007597698527320e+01
10683,1.121994337225237075e+02,7.377565200467444129e+01
10684,1.121864143583596842e+02,7.377123359334926533e+01
10685,1.121733965531374366e+02,7.376682073221151370e+01
10686,1.121603803048058978e+02,7.376241341049011169e+01
10687,1.121473656113180084e+02,7.375801161744138312e+01
10688,1.121343524706311143e+02,7.375361534234912142e+01
10689,1.121213408807063558e+02,7.374922457452412061e+01
10690,1.121083308395093496e+02,7.374483930330467274e+01
10691,1.120953223450095777e+02,7.374045951805594257e+01
10692,1.120823153951806717e+02,7.373608520817010969e+01
10693,1.120693099880003274e+02,7.373171636306636856e+01
10694,1.120563061214503193e+02,7.372735297219068684e+01
10695,1.120433037935166709e+02,7.372299502501587654e+01
10696,1.120303030021891715e+02,7.371864251104142340e+01
10697,1.120173037454617742e+02,7.371429541979340172e+01
10698,1.120043060213324253e+02,7.370995374082438900e+01
10699,1.119913098278032635e+02,7.370561746371357970e+01
10700,1.119783151628802500e+02,7.370128657806627359e+01
10701,1.119653220245733252e+02,7.369696107351445846e+01
10702,1.119523304108964936e+02,7.369264093971585794e+01
10703,1.119393403198678527e+02,7.368832616635486943e+01
10704,1.119263517495092515e+02,7.368401674314146987e+01
10705,1.119133646978466601e+02,7.367971265981206841e+01
10706,1.119003791629097435e+02,7.367541390612869634e+01
10707,1.118873951427325437e+02,7.367112047187931978e+01
10708,1.118744126353526553e+02,7.366683234687785387e+01
10709,1.118614316388116663e+02,7.366254952096346642e+01
10710,1.118484521511551151e+02,7.365827198400133113e+01
10711,1.118354741704325193e+02,7.365399972588210176e+01
10712,1.118224976946970486e+02,7.364973273652164210e+01
10713,1.118095227220059655e+02,7.364547100586173656e+01
10714,1.117965492504203695e+02,7.364121452386882538e+01
10715,1.117835772780050263e+02,7.363696328053511309e+01
10716,1.117706068028288655e+02,7.363271726587780108e+01
10717,1.117576378229642557e+02,7.362847646993907347e+01
10718,1.117446703364877010e+02,7.362424088278635281e+01
10719,1.117317043414794568e+02,7.362001049451184542e+01
10720,1.117187398360234454e+02,7.361578529523255554e+01
10721,1.117057768182076387e+02,7.361156527509065484e+01
10722,1.116928152861234622e+02,7.360735042425271502e+01
10723,1.116798552378663629e+02,7.360314073291002046e+01
10724,1.116668966715354401e+02,7.359893619127849718e+01
10725,1.116539395852337861e+02,7.359473678959888332e+01
10726,1.116409839770677053e+02,7.359054251813559233e+01
10727,1.116280298451478075e+02,7.358635336717809139e+01
10728,1.116150771875880849e+02,7.358216932704009139e+01
10729,1.116021260025063953e+02,7.357799038805913483e+01
10730,1.115891762880241913e+02,7.357381654059732057e+01
10731,1.115762280422667772e+02,7.356964777504063591e+01
10732,1.115632812633629527e+02,7.356548408179915555e+01
10733,1.115503359494454401e+02,7.356132545130698475e+01
10734,1.115373920986503435e+02,7.355717187402184720e+01
10735,1.115244497091175191e+02,7.355302334042542611e+01
10736,1.115115087789906738e+02,7.354887984102342102e+01
10737,1.114985693064168686e+02,7.354474136634470938e+01
10738,1.114856312895470722e+02,7.354060790694208549e+01
10739,1.114726947265355790e+02,7.353647945339182002e+01
10740,1.114597596155404062e+02,7.353235599629364572e+01
10741,1.114468259547234084e+02,7.352823752627064380e+01
10742,1.114338937422496514e+02,7.352412403396931495e+01
10743,1.114209629762879104e+02,7.352001551005925251e+01
10744,1.114080336550107830e+02,7.351591194523345507e+01
10745,1.113951057765941073e+02,7.351181333020792863e+01
10746,1.113821793392173589e+02,7.350771965572187128e+01
10747,1.113692543410636517e+02,7.350363091253700532e+01
10748,1.113563307803195812e+02,7.349954709143887044e+01
10749,1.113434086551753239e+02,7.349546818323494790e+01
10750,1.113304879638244671e+02,7.349139417875611002e+01
10751,1.113175687044641506e+02,7.348732506885542648e+01
10752,1.113046508752950245e+02,7.348326084440938644e+01
10753,1.112917344745213626e+02,7.347920149631647746e+01
10754,1.112788195003504654e+02,7.347514701549745553e+01
10755,1.112659059509938544e+02,7.347109739289665242e+01
10756,1.112529938246658361e+02,7.346705261947977306e+01
10757,1.112400831195844404e+02,7.346301268623500391e+01
10758,1.112271738339712357e+02,7.345897758417319778e+01
10759,1.112142659660510304e+02,7.345494730432730535e+01
10760,1.112013595140522142e+02,7.345092183775214778e+01
10761,1.111884544762064451e+02,7.344690117552467257e+01
10762,1.111755508507490617e+02,7.344288530874430876e+01
10763,1.111626486359184156e+02,7.343887422853180169e+01
10764,1.111497478299566382e+02,7.343486792603007984e+01
10765,1.111368484311090015e+02,7.343086639240402747e+01
10766,1.111239504376243019e+02,7.342686961884008667e+01
10767,1.111110538477544623e+02,7.342287759654635693e+01
10768,1.110981586597550290e+02,7.341889031675262345e+01
10769,1.110852648718849451e+02,7.341490777071061302e+01
10770,1.110723724824060525e+02,7.341092994969280028e+01
10771,1.110594814895841012e+02,7.340695684499380036e+01
10772,1.110465918916877399e+02,7.340298844792924626e+01
10773,1.110337036869890852e+02,7.339902474983628622e+01
10774,1.110208168737636782e+02,7.339506574207304368e+01
10775,1.110079314502900445e+02,7.339111141601941313e+01
10776,1.109950474148503758e+02,7.338716176307566741e+01
10777,1.109821647657299337e+02,7.338321677466363724e+01
10778,1.109692834996316577e+02,7.337931252946427207e+01
10779,1.109564035990156583e+02,7.337544910753263139e+01
10780,1.109435250541977638e+02,7.337159067472605045e+01
10781,1.109306478633560999e+02,7.336773722121031938e+01
10782,1.109177720246726437e+02,7.336388873717406511e+01
10783,1.109048975363330243e+02,7.336004521282808355e+01
10784,1.108920243965267787e+02,7.335620663840545319e+01
10785,1.108791526034467978e+02,7.335237300416125095e+01
10786,1.108662821552900084e+02,7.334854430037340478e+01
10787,1.108534130502567763e+02,7.334472051734121578e+01
10788,1.108405452865512757e+02,7.334090164538632450e+01
10789,1.108276788623812052e+02,7.333708767485262570e+01
10790,1.108148137759581289e+02,7.333327859610571409e+01
10791,1.108019500254970353e+02,7.332947439953292701e+01
10792,1.107890876092166366e+02,7.332567507554404074e+01
10793,1.107762265253393963e+02,7.332188061457019046e+01
10794,1.107633667720912172e+02,7.331809100706425397e+01
10795,1.107505083477016541e+02,7.331430624350095115e+01
10796,1.107376512504039425e+02,7.331052631437685818e+01
10797,1.107247954784349560e+02,7.330675121020978224e+01
10798,1.107119410300349642e+02,7.330298092153942946e+01
10799,1.106990879034478610e+02,7.329921543892648117e+01
10800,1.106862360969212631e+02,7.329545475295383028e+01
10801,1.106733856087062122e+02,7.329169885422516018e+01
10802,1.106605364370573028e+02,7.328794773336574053e+01
10803,1.106476885802327104e+02,7.328420138102217152e+01
10804,1.106348420364942484e+02,7.328045978786221326e+01
10805,1.106219968041069563e+02,7.327672294457482849e+01
10806,1.106091528813397105e+02,7.327299084187036726e+01
10807,1.105963102664646982e+02,7.326926347047979959e+01
10808,1.105834689577577876e+02,7.326554082115578126e+01
10809,1.105706289534981721e+02,7.326182288467143167e+01
10810,1.105577902519685125e+02,7.325810965182107282e+01
10811,1.105449528514551076e+02,7.325440111341985983e+01
10812,1.105321167502476385e+02,7.325069726030402251e+01
10813,1.105192819466391541e+02,7.324699808333004114e+01
10814,1.105064484389262986e+02,7.324330357337582598e+01
10815,1.104936162254090988e+02,7.323961372133969405e+01
10816,1.104807853043910058e+02,7.323592851814045446e+01
10817,1.104679556741789810e+02,7.323224795471787729e+01
10818,1.104551273330831975e+02,7.322857202203189786e+01
10819,1.104423002794175090e+02,7.322490071106346932e+01
10820,1.104294745114989666e+02,7.322123401281352528e+01
10821,1.104166500276481457e+02,7.321757191830376144e+01
10822,1.104038268261888760e+02,7.321391441857605287e+01
10823,1.103910049054484688e+02,7.321026150469248250e+01
10824,1.103781842637575323e+02,7.320661316773588112e+01
10825,1.103653648994501708e+02,7.320296939880881837e+01
10826,1.103525468108636574e+02,7.319933018903431332e+01
10827,1.103397299963387610e+02,7.319569552955536551e+01
10828,1.103269144542195477e+02,7.319206541153525336e+01
10829,1.103141001828532097e+02,7.318843982615709365e+01
10830,1.103012871805905917e+02,7.318481876462404045e+01
10831,1.102884754457857781e+02,7.318120221815919990e+01
10832,1.102756649767959658e+02,7.317759017800570120e+01
10833,1.102628557719819042e+02,7.317398263542648351e+01
10834,1.102500478297073272e+02,7.317037958170412537e+01
10835,1.102372411483394643e+02,7.316678100814097263e+01
10836,1.102244357262488990e+02,7.316318690605935160e+01
10837,1.102116315618092273e+02,7.315959726680097219e+01
10838,1.101988286533975554e+02,7.315601208172731162e+01
10839,1.101860269993940875e+02,7.315243134221944388e+01
10840,1.101732265981821541e+02,7.314885503967778391e+01
10841,1.101604274481487238e+02,7.314528316552242870e+01
10842,1.101476295476836071e+02,7.314171571119280202e+01
10843,1.101348328951799118e+02,7.313815266814762595e+01
10844,1.101220374890343123e+02,7.313459402786537566e+01
10845,1.101092433276459701e+02,7.313103978184321363e+01
10846,1.100964504094180825e+02,7.312748992159809802e+01
10847,1.100836587327563478e+02,7.312394443866583060e+01
10848,1.100708682742210271e+02,7.312066471623882080e+01
10849,1.100580789605499206e+02,7.311740172337293586e+01
10850,1.100452907878938191e+02,7.311414344639867124e+01
10851,1.100325037545531188e+02,7.311088987582526499e+01
10852,1.100197178588317257e+02,7.310764100218375461e+01
10853,1.100069330990370418e+02,7.310439681602687756e+01
10854,1.099941494734800926e+02,7.310115730792870181e+01
10855,1.099813669804753573e+02,7.309792246848491004e+01
10856,1.099685856183408106e+02,7.309469228831264331e+01
10857,1.099558053853978805e+02,7.309146675805034477e+01
10858,1.099430262799715479e+02,7.308824586835781645e+01
10859,1.099302483003903603e+02,7.308502960991610564e+01
10860,1.099174714449860488e+02,7.308181797342751906e+01
10861,1.099046957120940249e+02,7.307861094961556603e+01
10862,1.098919211000532670e+02,7.307540852922501529e+01
10863,1.098791476072059652e+02,7.307221070302134081e+01
10864,1.098663752318977487e+02,7.306901746179127599e+01
10865,1.098536039724778561e+02,7.306582879634255789e+01
10866,1.098408338272988090e+02,7.306264469750368562e+01
10867,1.098280647947166102e+02,7.305946515612441772e+01
10868,1.098152968730906451e+02,7.305629016307466372e+01
10869,1.098025300607837238e+02,7.305311970924580578e+01
10870,1.097897643561618821e+02,7.304995378554924912e+01
10871,1.097769997575948082e+02,7.304679238291787158e+01
10872,1.097642362634553876e+02,7.304363549230453145e+01
10873,1.097514738721197745e+02,7.304048310468277805e+01
10874,1.097387125819678175e+02,7.303733521104699378e+01
10875,1.097259523913824637e+02,7.303419180241166941e+01
10876,1.097131932987498715e+02,7.303105286981177358e+01
10877,1.097004353024599368e+02,7.302791840430286641e+01
10878,1.096876784009055115e+02,7.302478839696065904e+01
10879,1.096749225924829148e+02,7.302166283888124099e+01
10880,1.096621678755917628e+02,7.301854172118062536e+01
10881,1.096494142486350540e+02,7.301542503499554471e+01
10882,1.096366617100189416e+02,7.301231277148228571e+01
10883,1.096239102589349557e+02,7.300905699115631364e+01
10884,1.096111601572471272e+02,7.300351061036404587e+01
10885,1.095984119922283639e+02,7.299796999629863592e+01
10886,1.095856657617183032e+02,7.299243514039594061e+01
10887,1.095729214635602489e+02,7.298690603410841504e+01
10888,1.095601790956007449e+02,7.298138266890541104e+01
10889,1.095474386556900015e+02,7.297586503627292132e+01
10890,1.095347001416812986e+02,7.297035312771340898e+01
10891,1.095219635514317247e+02,7.296484693474636174e+01
10892,1.095092288828016081e+02,7.295934644890753873e+01
10893,1.094964961336545883e+02,7.295385166174922631e+01
10894,1.094837653018578010e+02,7.294836256484028070e+01
10895,1.094710363852817778e+02,7.294287914976605691e+01
10896,1.094583093818005324e+02,7.293740140812828088e+01
10897,1.094455842892911619e+02,7.293192933154492152e+01
10898,1.094328611056344300e+02,7.292646291165044659e+01
10899,1.094201398287142553e+02,7.292100214009536785e+01
10900,1.094074204564181514e+02,7.291554700854685223e+01
10901,1.093947029866366023e+02,7.291009750868769856e+01
10902,1.093819874172638009e+02,7.290465363221755979e+01
10903,1.093692737461971518e+02,7.289921537085159287e+01
10904,1.093565619713373280e+02,7.289378271632132567e+01
10905,1.093438520905883422e+02,7.288835566037433011e+01
10906,1.093311441018575891e+02,7.288293419477406587e+01
10907,1.093184380030557321e+02,7.287751831130007929e+01
10908,1.093057337920966177e+02,7.287210800174767655e+01
10909,1.092930314668975171e+02,7.286670325792829317e+01
10910,1.092803310253790130e+02,7.286130407166886869e+01
10911,1.092676324654650273e+02,7.285591043481254303e+01
10912,1.092549357850823384e+02,7.285052233921800280e+01
10913,1.092422409821615048e+02,7.284513977675953811e+01
10914,1.092295480546361546e+02,7.283976273932745471e+01
10915,1.092168570004430137e+02,7.283439121882733502e+01
10916,1.092041678175222188e+02,7.282902520718059236e+01
10917,1.091914805038171465e+02,7.282366469632424355e+01
10918,1.091787950572744279e+02,7.281830967821078104e+01
10919,1.091661114758437776e+02,7.281296014480805923e+01
10920,1.091534297574781647e+02,7.280761608809960705e+01
10921,1.091407499001339261e+02,7.280227750008435805e+01
10922,1.091280719017704115e+02,7.279694437277640873e+01
10923,1.091153957603502249e+02,7.279161669820530278e+01
10924,1.091027214738392814e+02,7.278629446841600270e+01
10925,1.090900490402066083e+02,7.278097767546884711e+01
10926,1.090773784574242882e+02,7.277566631143884024e+01
10927,1.090647097234677290e+02,7.277036036841691669e+01
10928,1.090520428363154792e+02,7.276505983850853454e+01
10929,1.090393777939491713e+02,7.275976471383468436e+01
10930,1.090267145943537486e+02,7.275447498653137757e+01
10931,1.090140532355170251e+02,7.274919064874943331e+01
10932,1.090013937154302255e+02,7.274391169265501844e+01
10933,1.089887360320876581e+02,7.273863811042893701e+01
10934,1.089760801834865873e+02,7.273336989426718446e+01
10935,1.089634261676276452e+02,7.272810703638070606e+01
10936,1.089507739825142778e+02,7.272284952899497057e+01
10937,1.089381236261533843e+02,7.271759736435053867e+01
10938,1.089254750965547913e+02,7.271235053470267928e+01
10939,1.089128283917312814e+02,7.270710903232166800e+01
10940,1.089001835096989339e+02,7.270187284949196282e+01
10941,1.088875404484769263e+02,7.269664197851335530e+01
10942,1.088748992060873491e+02,7.269141641169957779e+01
10943,1.088622597805554335e+02,7.268619614137975304e+01
10944,1.088496221699095372e+02,7.268098115989695884e+01
10945,1.088369863721809452e+02,7.267577145960912333e+01
10946,1.088243523854041541e+02,7.267056703288858444e+01
10947,1.088117202076165881e+02,7.266536787212226045e+01
10948,1.087990898368587978e+02,7.266017396971139419e+01
10949,1.087864612711742609e+02,7.265498531807155302e+01
10950,1.087738345086095251e+02,7.264980190963306939e+01
10951,1.087612095472142357e+02,7.264462373684008867e+01
10952,1.087485863850409231e+02,7.263945079215149292e+01
10953,1.087359650201451586e+02,7.263428306804017609e+01
10954,1.087233454505856685e+02,7.262912055699338509e+01
10955,1.087107276744239641e+02,7.262396325151256349e+01
10956,1.086981116897247546e+02,7.261881114411315252e+01
10957,1.086854974945554346e+02,7.261366422732513115e+01
10958,1.086728850869866676e+02,7.260852249369196443e+01
10959,1.086602744650918879e+02,7.260338593577172617e+01
10960,1.086476656269477985e+02,7.259825454613651630e+01
10961,1.086350585706336034e+02,7.259312831737190663e+01
10962,1.086224532942317751e+02,7.258800724207779353e+01
10963,1.086098497958277562e+02,7.258289131286829843e+01
10964,1.085972480735097889e+02,7.257778052237085831e+01
10965,1.085846481253691138e+02,7.257267486322712102e+01
10966,1.085720499494998990e+02,7.256757432809266106e+01
10967,1.085594535439992256e+02,7.256247890963642533e+01
10968,1.085468589069670315e+02,7.255738860054161421e+01
10969,1.085342660365062954e+02,7.255230339350492841e+01
10970,1.085216749307229236e+02,7.254722328123669683e+01
10971,1.085090855877254796e+02,7.254214825646099030e+01
10972,1.084964980056257104e+02,7.253707831191573518e+01
10973,1.084839121825380346e+02,7.253201344035207399e+01
10974,1.084713281165799543e+02,7.252695363453517530e+01
10975,1.084587458058716436e+02,7.252189888724323907e+01
10976,1.084461652485362890e+02,7.251684919126842033e+01
10977,1.084335864426998626e+02,7.251180453941610438e+01
10978,1.084210093864912210e+02,7.250676492450529054e+01
10979,1.084084340780422195e+02,7.250173033936816580e+01
10980,1.083958605154872856e+02,7.249670077685060221e+01
10981,1.083832886969639020e+02,7.249167622981160264e+01
10982,1.083707186206122941e+02,7.248665669112341448e+01
10983,1.083581502845756432e+02,7.248164215367216912e+01
10984,1.083455836869996745e+02,7.247663261035631876e+01
10985,1.083330188260333813e+02,7.247162805408821384e+01
10986,1.083204556998281021e+02,7.246662847779329297e+01
10987,1.083078943065382731e+02,7.246163387441009718e+01
10988,1.082953346443210165e+02,7.245664423689026989e+01
10989,1.082827767113363535e+02,7.245165955819861381e+01
10990,1.082702205057469342e+02,7.244667983131296296e+01
10991,1.082576660257184642e+02,7.244170504922433906e+01
10992,1.082451132694191358e+02,7.243673520493652518e+01
10993,1.082325622350200689e+02,7.243177029146666257e+01
10994,1.082200129206952113e+02,7.242681030184438384e+01
10995,1.082074653246211113e+02,7.242185522911270823e+01
10996,1.081949194449771454e+02,7.241690506632721736e+01
10997,1.081823752799456031e+02,7.241195980655649578e+01
10998,1.081698328277112324e+02,7.240701944288191783e+01
10999,1.081572920864617231e+02,7.240208396839780391e+01
11000,1.081447530543874080e+02,7.239715337621083791e+01
11001,1.081322157296815334e+02,7.239222765944124660e+01
11002,1.081196801105399032e+02,7.238730681122115129e+01
11003,1.081071461951609081e+02,7.238239082469574726e+01
11004,1.080946139817460079e+02,7.237747969302303375e+01
11005,1.080820834684991212e+02,7.237257340937321715e+01
11006,1.080695546536268949e+02,7.236767196692944992e+01
11007,1.080570275353388467e+02,7.236277535888724799e+01
11008,1.080445021118470095e+02,7.235788357845491703e+01
11009,1.080319783813660308e+02,7.235299661885309774e+01
11010,1.080194563421135427e+02,7.234811447331483691e+01
11011,1.080069359923096641e+02,7.234323713508587161e+01
11012,1.079944173301771286e+02,7.233836459742425973e+01
11013,1.079819003539414837e+02,7.233349685360043679e+01
11014,1.079693850618308630e+02,7.232863389689718758e+01
11015,1.079568714520759869e+02,7.232377572060971715e+01
11016,1.079443595229104460e+02,7.231892231804550875e+01
11017,1.079318492725702470e+02,7.231407368252428114e+01
11018,1.079193406992941959e+02,7.230922980737828709e+01
11019,1.079068338013236428e+02,7.230439068595161700e+01
11020,1.078943285769026090e+02,7.229955631160066787e+01
11021,1.078818250242777310e+02,7.229472667769439909e+01
11022,1.078693231416983735e+02,7.228990177761336611e+01
11023,1.078568229274162604e+02,7.228508160475057309e+01
11024,1.078443243796859434e+02,7.228026615251110343e+01
11025,1.078318274967644612e+02,7.227545541431182130e+01
11026,1.078193322769117088e+02,7.227064938358221013e+01
11027,1.078068387183897698e+02,7.226584805376307941e+01
11028,1.077943468194636552e+02,7.226105141830774414e+01
11029,1.077818565784007490e+02,7.225625947068128596e+01
11030,1.077693679934712492e+02,7.225147220436069517e+01
11031,1.077568810629476275e+02,7.224668961283484236e+01
11032,1.077443957851051408e+02,7.224191168960450682e+01
11033,1.077319121582215615e+02,7.223713842818251862e+01
11034,1.077194301805772483e+02,7.223236982209320445e+01
11035,1.077069498504550324e+02,7.222760586487284229e+01
11036,1.076944711661402891e+02,7.222284655006943410e+01
11037,1.076819941259211788e+02,7.221809187124293317e+01
11038,1.076695187280881214e+02,7.221334182196470408e+01
11039,1.076570449709341517e+02,7.220859639581794909e+01
11040,1.076445728527548482e+02,7.220385558639749490e+01
11041,1.076321023718484042e+02,7.219911938731002010e+01
11042,1.076196335265153721e+02,7.219438779217340141e+01
11043,1.076071663150589046e+02,7.218966079461742424e+01
11044,1.075947007357847554e+02,7.218493838828349851e+01
11045,1.075822367870010936e+02,7.218022056682430332e+01
11046,1.075697744670184335e+02,7.217550732390405699e+01
11047,1.075573137741500602e+02,7.217079865319851706e+01
11048,1.075448547067116749e+02,7.216609454839517923e+01
11049,1.075323972630213234e+02,7.216139500319263789e+01
11050,1.075199414413997658e+02,7.215670001130078504e+01
11051,1.075074872401699366e+02,7.215200956644129349e+01
11052,1.074950346576576408e+02,7.214732366234684946e+01
11053,1.074825836921907154e+02,7.214264229276167839e+01
11054,1.074701343420997688e+02,7.213796545144114702e+01
11055,1.074576866057177114e+02,7.213329313215211869e+01
11056,1.074452404813800968e+02,7.212862532867248433e+01
11057,1.074327959674246387e+02,7.212396203479154622e+01
11058,1.074203530621918077e+02,7.211930324430966266e+01
11059,1.074079117640243339e+02,7.211464895103846118e+01
11060,1.073954720712673492e+02,7.210999914880068218e+01
11061,1.073830339822684437e+02,7.210535383143026422e+01
11062,1.073705974953777229e+02,7.210071299277207402e+01
11063,1.073581626089477226e+02,7.209607662668236117e+01
11064,1.073457293213332377e+02,7.209144472702826079e+01
11065,1.073332976308915789e+02,7.208681728768770824e+01
11066,1.073208675359824866e+02,7.208219430255012128e+01
11067,1.073084390349681456e+02,7.207757576551571788e+01
11068,1.072960121262127728e+02,7.207296167049526048e+01
11069,1.072835868080835979e+02,7.206835201141109337e+01
11070,1.072711630789496695e+02,7.206374678219609109e+01
11071,1.072587409371828784e+02,7.205914597679411315e+01
11072,1.072463203811571333e+02,7.205454958915986197e+01
11073,1.072339014092487730e+02,7.204995761325882597e+01
11074,1.072214840198368933e+02,7.204537004306760650e+01
11075,1.072090682113023661e+02,7.204078687257310776e+01
11076,1.071966539820287778e+02,7.203620809577337525e+01
11077,1.071842413304021022e+02,7.203163370667704157e+01
11078,1.071718302548105868e+02,7.202706369930348274e+01
11079,1.071594207536446532e+02,7.202249806768283236e+01
11080,1.071470128252973808e+02,7.201793680585581114e+01
11081,1.071346064681639234e+02,7.201337990787382637e+01
11082,1.071222016806419362e+02,7.200882736779887239e+01
11083,1.071097984611313620e+02,7.200427917970370117e+01
11084,1.070973968080344036e+02,7.199973533767153810e+01
11085,1.070849967197556651e+02,7.199519583579598248e+01
11086,1.070725981947020102e+02,7.199066066818153331e+01
11087,1.070602012312826901e+02,7.198612982894286461e+01
11088,1.070478058279091584e+02,7.198160331220542218e+01
11089,1.070354119829953135e+02,7.197708111210477000e+01
11090,1.070230196949571280e+02,7.197256322278740015e+01
11091,1.070106289622131044e+02,7.196804963840968128e+01
11092,1.069982397831840757e+02,7.196354035313898123e+01
11093,1.069858521562927507e+02,7.195903536115235966e+01
11094,1.069734660799645525e+02,7.195453465663773329e+01
11095,1.069610815526269931e+02,7.195003823379319385e+01
11096,1.069486985727098016e+02,7.194554608682702224e+01
11097,1.069363171386453217e+02,7.194105820995801537e+01
11098,1.069239372488676167e+02,7.193657459741508831e+01
11099,1.069115589018134358e+02,7.193209524343740213e+01
11100,1.068991820959216739e+02,7.192762014227425027e+01
11101,1.068868068296334002e+02,7.192314928818548481e+01
11102,1.068744331013919293e+02,7.191868267544064963e+01
11103,1.068620609096428637e+02,7.191422029831956308e+01
11104,1.068496902528342076e+02,7.190976215111257375e+01
11105,1.068373211294158551e+02,7.190530822811959411e+01
11106,1.068249535378402442e+02,7.190085852365096741e+01
11107,1.068125874765618306e+02,7.189641303202687084e+01
11108,1.068002229440374151e+02,7.189197174757774178e+01
11109,1.067878599387259158e+02,7.188753466464400788e+01
11110,1.067754984590886238e+02,7.188310177757577435e+01
11111,1.067631385035888343e+02,7.187867308073366246e+01
11112,1.067507800706923433e+02,7.187424856848781474e+01
11113,1.067384231588666808e+02,7.186982823521846342e+01
11114,1.067260677665820623e+02,7.186541207531573150e+01
11115,1.067137138923105937e+02,7.186100008317956167e+01
11116,1.067013615345266544e+02,7.185659225322008581e+01
11117,1.066890106917069119e+02,7.185218857985672969e+01
11118,1.066766613623299378e+02,7.184778905751939249e+01
11119,1.066643135448768902e+02,7.184339368064725306e+01
11120,1.066519672378306609e+02,7.183900244368949473e+01
11121,1.066396224396765575e+02,7.183461534110500679e+01
11122,1.066272791489021614e+02,7.183023236736256933e+01
11123,1.066149373639968729e+02,7.182585351694054054e+01
11124,1.066025970834525083e+02,7.182147878432677146e+01
11125,1.065902583057631148e+02,7.181710816401948705e+01
11126,1.065779210294244308e+02,7.181274165052568037e+01
11127,1.065655852529349090e+02,7.180837923836267578e+01
11128,1.065532509747947358e+02,7.180402092205710574e+01
11129,1.065409181935065419e+02,7.179966669614525188e+01
11130,1.065285869075747058e+02,7.179531655517293132e+01
11131,1.065162571155061357e+02,7.179097049369563877e+01
11132,1.065039288158096440e+02,7.178662850627831915e+01
11133,1.064916020069961462e+02,7.178229058749538183e+01
11134,1.064792766875787322e+02,7.177795673193077164e+01
11135,1.064669528560726803e+02,7.177362693417805417e+01
11136,1.064546305109952726e+02,7.176930118884018839e+01
11137,1.064423096508658091e+02,7.176497949052917136e+01
11138,1.064299902742059487e+02,7.176066183386716091e+01
11139,1.064176723795392405e+02,7.175634821348504033e+01
11140,1.064053559653914505e+02,7.175203862402345578e+01
11141,1.063930410302901919e+02,7.174773306013211993e+01
11142,1.063807275727655366e+02,7.174343151647045147e+01
11143,1.063684155913493896e+02,7.173913398770689298e+01
11144,1.063561050845757308e+02,7.173484046851930884e+01
11145,1.063437960509806857e+02,7.173055095359465838e+01
11146,1.063314884891024832e+02,7.172626543762942219e+01
11147,1.063191823974812422e+02,7.172198391532914741e+01
11148,1.063068777746593696e+02,7.171770638140866083e+01
11149,1.062945746191812475e+02,7.171343283059206897e+01
11150,1.062822732436403612e+02,7.169750762952365619e+01
11151,1.062699801964804180e+02,7.165618766592864120e+01
11152,1.062577013055059041e+02,7.161499571336214842e+01
11153,1.062454365187423093e+02,7.157393137829494378e+01
11154,1.062331857844254444e+02,7.153299426822280793e+01
11155,1.062209490510004599e+02,7.149218399166659310e+01
11156,1.062087262671207526e+02,7.145150015816824407e+01
11157,1.061965173816475243e+02,7.141094237829136659e+01
11158,1.061843223436484607e+02,7.137051026361703521e+01
11159,1.061721411023970063e+02,7.133020342674365111e+01
11160,1.061599736073716684e+02,7.129002148128428473e+01
11161,1.061478198082547522e+02,7.124996404186495624e+01
11162,1.061356796549320904e+02,7.121003072412273127e+01
11163,1.061235530974916088e+02,7.117022114470395877e+01
11164,1.061114400862225438e+02,7.113053492126286415e+01
11165,1.060993405716150022e+02,7.109097167245896287e+01
11166,1.060872545043588246e+02,7.105153101795544046e+01
11167,1.060751818353424625e+02,7.101221257841750401e+01
11168,1.060631225156527648e+02,7.097301597551062002e+01
11169,1.060510764965735717e+02,7.093394083189849653e+01
11170,1.060390437295853019e+02,7.089498677124147719e+01
11171,1.060270241663637023e+02,7.085615341819384128e+01
11172,1.060150177587795071e+02,7.081744039840316418e+01
11173,1.060030244588971300e+02,7.077884733850854104e+01
11174,1.059910442189741957e+02,7.074037386613726142e+01
11175,1.059790769914604738e+02,7.070201960990448242e+01
11176,1.059671227289974382e+02,7.066378419941064237e+01
11177,1.059551813844169317e+02,7.062566726523994021e+01
11178,1.059432529107406538e+02,7.058766843895895704e+01
11179,1.059313372611795927e+02,7.054978735311338767e+01
11180,1.059194343891327463e+02,7.051202364122825372e+01
11181,1.059075442481866247e+02,7.047437693780415202e+01
11182,1.058956667921144259e+02,7.043684687831675717e+01
11183,1.058838019748750838e+02,7.039943309921460468e+01
11184,1.058719497506126999e+02,7.036213523791718671e+01
11185,1.058601100736558465e+02,7.032495293281345994e+01
11186,1.058482828985162314e+02,7.028788582325917389e+01
11187,1.058364681798886977e+02,7.025093354957675729e+01
11188,1.058246658726497742e+02,7.021409575305133899e+01
11189,1.058128759318573202e+02,7.017737207593077642e+01
11190,1.058010983127497298e+02,7.014076216142332498e+01
11191,1.057893329707449794e+02,7.010426565369510854e+01
11192,1.057775798614399747e+02,7.006788219786933780e+01
11193,1.057658389406097683e+02,7.003161144002396554e+01
11194,1.057541101642069492e+02,6.999545302719010920e+01
11195,1.057423934883607188e+02,6.995940660734987659e+01
11196,1.057306888693762659e+02,6.992347182943562700e+01
11197,1.057189962637338709e+02,6.988764834332644682e+01
11198,1.057073156280883524e+02,6.985193579984839118e+01
11199,1.056956469192682277e+02,6.981633385077074649e+01
11200,1.056839900942750035e+02,6.978084214880595937e+01
11201,1.056723451102826772e+02,6.974546034760636815e+01
11202,1.056607119246363027e+02,6.971018810176376235e+01
11203,1.056490904948521603e+02,6.967502506680646945e+01
11204,1.056374807786166343e+02,6.963997089919824646e+01
11205,1.056258827337852182e+02,6.960502525633701509e+01
11206,1.056142963183824008e+02,6.957018779655130913e+01
11207,1.056027214906004303e+02,6.953545817910030280e+01
11208,1.055911582087990439e+02,6.950083606417103965e+01
11209,1.055796064315042457e+02,6.946632111287728151e+01
11210,1.055680661174081081e+02,6.943191298725720628e+01
11211,1.055565372253679186e+02,6.939761135027210059e+01
11212,1.055450197144053561e+02,6.936341586580383023e+01
11213,1.055335135437058511e+02,6.932932619865435697e+01
11214,1.055220186726180032e+02,6.929534201454247011e+01
11215,1.055105350606529129e+02,6.926146298010345959e+01
11216,1.054990626674833152e+02,6.922768876288614592e+01
11217,1.054876014529429966e+02,6.919401903135177179e+01
11218,1.054761513770261416e+02,6.916045345487249563e+01
11219,1.054647123998868921e+02,6.912699170372874846e+01
11220,1.054532844818380681e+02,6.909363344910798332e+01
11221,1.054418675833511401e+02,6.906037836310348155e+01
11222,1.054304616650550770e+02,6.902722611871155323e+01
11223,1.054190666877363469e+02,6.899417638983028667e+01
11224,1.054076826123372399e+02,6.896122885125787150e+01
11225,1.053963093999563370e+02,6.892838317869053810e+01
11226,1.053849470118469043e+02,6.889563904872176181e+01
11227,1.053735954094169642e+02,6.886299613883876702e+01
11228,1.053622545542281443e+02,6.883045412742217195e+01
11229,1.053509244079954925e+02,6.879801269374429751e+01
11230,1.053396049325863544e+02,6.876567151796616884e+01
11231,1.053282960900198901e+02,6.873343028113724529e+01
11232,1.053169978424669324e+02,6.870128866519218036e+01
11233,1.053057101522485368e+02,6.866924635295131907e+01
11234,1.052944329818359250e+02,6.863730302811599415e+01
11235,1.052831662938497601e+02,6.860545837526900925e+01
11236,1.052719100510593080e+02,6.857371207987250727e+01
11237,1.052606642163820680e+02,6.854206382826525612e+01
11238,1.052494287528829489e+02,6.851051330766206604e+01
11239,1.052382036237738987e+02,6.847906020615135958e+01
11240,1.052269887924132377e+02,6.844770421269393523e+01
11241,1.052157842223046345e+02,6.841644501712065107e+01
11242,1.052045898770970780e+02,6.838528231013071945e+01
11243,1.051934057205839963e+02,6.835421578329082593e+01
11244,1.051822317167027023e+02,6.832324512903245761e+01
11245,1.051710678295336123e+02,6.829237004065083738e+01
11246,1.051599140233000469e+02,6.826159021230219537e+01
11247,1.051487702623673499e+02,6.823090533900332844e+01
11248,1.051376365112422349e+02,6.820031511662904222e+01
11249,1.051265127345723869e+02,6.816981924191080111e+01
11250,1.051153988971457949e+02,6.813941741243439765e+01
11251,1.051042949638903252e+02,6.810910932663912831e+01
11252,1.050932008998728264e+02,6.807889468381546294e+01
11253,1.050821166702987028e+02,6.804877318410299836e+01
11254,1.050710422405114741e+02,6.801874452848986152e+01
11255,1.050599775759921073e+02,6.798880841880996684e+01
11256,1.050489226423582636e+02,6.795896455774190770e+01
11257,1.050378774053639717e+02,6.792921264880622800e+01
11258,1.050268418308991016e+02,6.789955239636535111e+01
11259,1.050158158849886263e+02,6.786998350562045346e+01
11260,1.050047995337919247e+02,6.784050568261064029e+01
11261,1.049937927436026541e+02,6.781111863420990460e+01
11262,1.049827954808478410e+02,6.778182206812742550e+01
11263,1.049718077120874966e+02,6.775261569290381658e+01
11264,1.049608294040140208e+02,6.772349921791145277e+01
11265,1.049498605234515196e+02,6.769447235335027813e+01
11266,1.049389010373555919e+02,6.766553481024857319e+01
11267,1.049279509128125341e+02,6.763668630045998498e+01
11268,1.049170101170386147e+02,6.760792653666099739e+01
11269,1.049060786173800608e+02,6.757925523235159915e+01
11270,1.048951563813120771e+02,6.755067210185086424e+01
11271,1.048842433764383770e+02,6.752217686029779031e+01
11272,1.048733395704910549e+02,6.749376922364729126e+01
11273,1.048624449313293781e+02,6.746544890866964295e+01
11274,1.048515594269398292e+02,6.743721563294951693e+01
11275,1.048406830254353110e+02,6.740906911488228559e+01
11276,1.048298156950546627e+02,6.738100907367461900e+01
11277,1.048189574041620773e+02,6.735303522934053433e+01
11278,1.048081081212469883e+02,6.732514730270158054e+01
11279,1.047972678149227903e+02,6.729734501538382574e+01
11280,1.047864364539270525e+02,6.726962808981674868e+01
11281,1.047756140071206659e+02,6.724199624923178931e+01
11282,1.047648004434873599e+02,6.721444921766008918e+01
11283,1.047539957321332338e+02,6.718698671993062987e+01
11284,1.047431998422862307e+02,6.715960848166963615e+01
11285,1.047324127432956260e+02,6.713231422929766268e+01
11286,1.047216344046315442e+02,6.710510369002842879e+01
11287,1.047108647958846888e+02,6.707797659186751105e+01
11288,1.047001038867651630e+02,6.705093266360964321e+01
11289,1.046893516471027823e+02,6.702397163483786358e+01
11290,1.046786080468461932e+02,6.699709323592195176e+01
11291,1.046678730560623620e+02,6.697029719801574288e+01
11292,1.046571466449361196e+02,6.694358325305617541e+01
11293,1.046464287837696645e+02,6.691695113376205484e+01
11294,1.046357194429823352e+02,6.689040057363064307e+01
11295,1.046250185931097292e+02,6.686393130693873843e+01
11296,1.046143262048032909e+02,6.683754306873750295e+01
11297,1.046036422488303401e+02,6.681123559485432395e+01
11298,1.045929666960727502e+02,6.678500862188802500e+01
11299,1.045822995175274031e+02,6.675886188721001702e+01
11300,1.045716406843046968e+02,6.673279512896006338e+01
11301,1.045609901676291855e+02,6.670680808604620893e+01
11302,1.045503479388380299e+02,6.668090049814222198e+01
11303,1.045397139693814950e+02,6.665507210568713958e+01
11304,1.045290882308218414e+02,6.662932264988232589e+01
11305,1.045184706948329278e+02,6.660365187268989473e+01
11306,1.045078613332003101e+02,6.657805951683194223e+01
11307,1.044972601178199199e+02,6.655254532578774729e+01
11308,1.044866670206983343e+02,6.652710904379330259e+01
11309,1.044760820139519666e+02,6.650175041583861457e+01
11310,1.044655050698065395e+02,6.647646918766632496e+01
11311,1.044549361605971285e+02,6.645126510577053125e+01
11312,1.044443752587670957e+02,6.642613791739432827e+01
11313,1.044338223368679479e+02,6.640108737052864285e+01
11314,1.044232773675590238e+02,6.637611321391058539e+01
11315,1.044127403236068545e+02,6.635121519702153137e+01
11316,1.044022111778844533e+02,6.632639307008545870e+01
11317,1.043916899033716845e+02,6.630164658406754086e+01
11318,1.043811764731540563e+02,6.627697549067255522e+01
11319,1.043706708604226350e+02,6.625237954234270887e+01
11320,1.043601730384733912e+02,6.622785849225604693e+01
11321,1.043496829807072004e+02,6.620341209432577045e+01
11322,1.043392006606288192e+02,6.617904010319732322e+01
11323,1.043287260518469992e+02,6.615474227424698483e+01
11324,1.043182591280738336e+02,6.613051836358103230e+01
11325,1.043077998631241883e+02,6.610636812803346629e+01
11326,1.042973482309155457e+02,6.608229132516397897e+01
11327,1.042869042054674225e+02,6.605828771325697346e+01
11328,1.042764677609009709e+02,6.603435705131990119e+01
11329,1.042660388714386386e+02,6.601049909908125812e+01
11330,1.042556175114037700e+02,6.598671361698879423e+01
11331,1.042452036552199814e+02,6.596300036620849028e+01
11332,1.042347972774108769e+02,6.593935910862212779e+01
11333,1.042243983525998772e+02,6.591578960682666377e+01
11334,1.042140068555093677e+02,6.589229162413170116e+01
11335,1.042036227609607550e+02,6.586886492455808195e+01
11336,1.041932460438736143e+02,6.584550927283635247e+01
11337,1.041828766792655330e+02,6.582222443440493009e+01
11338,1.041725146422517838e+02,6.579901017540898067e+01
11339,1.041621599080447425e+02,6.577586626269817316e+01
11340,1.041518124519536173e+02,6.575279246382521592e+01
11341,1.041414722493839520e+02,6.572978854704437879e+01
11342,1.041311392758373700e+02,6.570685428130981620e+01
11343,1.041208135069109346e+02,6.568398943627389031e+01
11344,1.041104949182970927e+02,6.566119378228523829e+01
11345,1.041001834857831199e+02,6.563846709038800498e+01
11346,1.040898791852506093e+02,6.561580913231905754e+01
11347,1.040795819926752444e+02,6.559321968050730334e+01
11348,1.040692918841264571e+02,6.557069850807155831e+01
11349,1.040590088357668606e+02,6.554824538881925378e+01
11350,1.040487328238520490e+02,6.552586009724448957e+01
11351,1.040384638247302291e+02,6.550354240852638554e+01
11352,1.040282018148414096e+02,6.548129209852808685e+01
11353,1.040179467707178702e+02,6.545910894379426281e+01
11354,1.040076986689829823e+02,6.543699272155018321e+01
11355,1.039974574863510810e+02,6.541494320969958665e+01
11356,1.039872231996275076e+02,6.539296018682391320e+01
11357,1.039769957857075013e+02,6.537104343217910696e+01
11358,1.039667752215764693e+02,6.534919272569568705e+01
11359,1.039565614843093471e+02,6.532740784797665867e+01
11360,1.039463545510701152e+02,6.530568858029478463e+01
11361,1.039361543991117856e+02,6.528403470459277003e+01
11362,1.039259610057757186e+02,6.526244600348013591e+01
11363,1.039157743484914391e+02,6.524092226023276453e+01
11364,1.039055944047761670e+02,6.521946325879021344e+01
11365,1.038954211522344906e+02,6.519806878375528925e+01
11366,1.038852545685581390e+02,6.517673862039164590e+01
11367,1.038750946315254140e+02,6.515547255462193732e+01
11368,1.038649413190011614e+02,6.513427037302710687e+01
11369,1.038547946089358902e+02,6.511313186284434096e+01
11370,1.038446544793659427e+02,6.509205681196527848e+01
11371,1.038345209084129834e+02,6.507104500893463239e+01
11372,1.038243938742834445e+02,6.505009624294891069e+01
11373,1.038142733552684973e+02,6.502921030385417112e+01
11374,1.038041593297434275e+02,6.500838698214465694e+01
11375,1.037940517761675636e+02,6.498762606896154637e+01
11376,1.037839506730838224e+02,6.496692735609124725e+01
11377,1.037738559991181688e+02,6.494629063596386231e+01
11378,1.037637677329795025e+02,6.492571570165051753e+01
11379,1.037536858534594870e+02,6.490520234686380263e+01
11380,1.037436103394317115e+02,6.488475036595451684e+01
11381,1.037335411698518612e+02,6.486435955391092989e+01
11382,1.037234783237570355e+02,6.484402970635684937e+01
11383,1.037134217802657048e+02,6.482376061955019964e+01
11384,1.037033715185770575e+02,6.480355209038141595e+01
11385,1.036933275179709852e+02,6.478340391637185292e+01
11386,1.036832897578074579e+02,6.476331589567206493e+01
11387,1.036732582175266515e+02,6.474328782706078300e+01
11388,1.036632328766480100e+02,6.472331950994268368e+01
11389,1.036532137147704304e+02,6.470341074434742268e+01
11390,1.036432007115717226e+02,6.468356133092733273e+01
11391,1.036331938468082399e+02,6.466377107095679833e+01
11392,1.036231931003147224e+02,6.464403976632948456e+01
11393,1.036131984520039708e+02,6.462436721955847929e+01
11394,1.036032098818663059e+02,6.460475323377298196e+01
11395,1.035932273699695116e+02,6.458519761271780624e+01
11396,1.035832508964583241e+02,6.456570016075168894e+01
11397,1.035732804415543171e+02,6.454626068284528628e+01
11398,1.035633159855554339e+02,6.452687898458006543e+01
11399,1.035533575088358731e+02,6.450755487214688344e+01
11400,1.035434049918452928e+02,6.448828815234386980e+01
11401,1.035334584151092798e+02,6.446907863257516169e+01
11402,1.035235177592283407e+02,6.444992612085013661e+01
11403,1.035135830048780150e+02,6.443083042578004438e+01
11404,1.035036541328082933e+02,6.441179135657871768e+01
11405,1.034937311238434887e+02,6.439280872305883463e+01
11406,1.034838139588820809e+02,6.437388233563217455e+01
11407,1.034739026188960764e+02,6.435501200530721633e+01
11408,1.034639970849308526e+02,6.433619754368767474e+01
11409,1.034540973381049156e+02,6.431743876297123563e+01
11410,1.034442033596096451e+02,6.429873547594702643e+01
11411,1.034343151307088959e+02,6.428008749599652560e+01
11412,1.034244326327386290e+02,6.426149463708905785e+01
11413,1.034145558471068682e+02,6.424295671378206407e+01
11414,1.034046847552932320e+02,6.422447354121919716e+01
11415,1.033948193388485493e+02,6.420604493512912825e+01
11416,1.033849595793950300e+02,6.418767071182287509e+01
11417,1.033751054586252707e+02,6.416935068819407206e+01
11418,1.033652569583025809e+02,6.415108468171573008e+01
11419,1.033554140602603866e+02,6.413287251043990977e+01
11420,1.033455767464020738e+02,6.411471399299557561e+01
11421,1.033357449987007470e+02,6.409660894858753011e+01
11422,1.033259187991986181e+02,6.407855719699443853e+01
11423,1.033160981300071199e+02,6.406055855856786252e+01
11424,1.033062829733065939e+02,6.404261285423027061e+01
11425,1.032964733113456646e+02,6.402471990547365976e+01
11426,1.032866691264415522e+02,6.400687953435871691e+01
11427,1.032768704009788365e+02,6.398909156351199812e+01
11428,1.032670771174104658e+02,6.397135581612618438e+01
11429,1.032572892582564918e+02,6.395367211595635126e+01
11430,1.032475068061039849e+02,6.393604028732091393e+01
11431,1.032377297436072183e+02,6.391846015509830181e+01
11432,1.032279580534868302e+02,6.390093154472651094e+01
11433,1.032181917185299085e+02,6.388345428220112865e+01
11434,1.032084307215894370e+02,6.386602819407383436e+01
11435,1.031986750455846362e+02,6.384865310745140476e+01
11436,1.031889246734998693e+02,6.383132884999391621e+01
11437,1.031791795883847982e+02,6.381405524991296829e+01
11438,1.031694397733543838e+02,6.379683213597076019e+01
11439,1.031597052115880331e+02,6.377965933747832139e+01
11440,1.031499758863299832e+02,6.376253668429433219e+01
11441,1.031402517808883204e+02,6.374546400682301339e+01
11442,1.031305328786354067e+02,6.372844113601356497e+01
11443,1.031208191630072690e+02,6.371146790335795629e+01
11444,1.031111106175033711e+02,6.369454414088978922e+01
11445,1.031014072256862875e+02,6.367766968118301918e+01
11446,1.030917089711817169e+02,6.366084435734988034e+01
11447,1.030820158376780000e+02,6.364406800304030298e+01
11448,1.030723278089258912e+02,6.362734045243981740e+01
11449,1.030626448687383885e+02,6.361066154026800490e+01
11450,1.030529670009904208e+02,6.359403110177792939e+01
11451,1.030432941896186776e+02,6.357744897275394180e+01
11452,1.030336264186213100e+02,6.356091498951002450e+01
11453,1.030239636720575476e+02,6.354442898888932234e+01
11454,1.030143059340477123e+02,6.352799080826156342e+01
11455,1.030046531887727497e+02,6.351160028552263981e+01
11456,1.029950054204742429e+02,6.349525725909277440e+01
11457,1.029853626134537592e+02,6.347896156791458822e+01
11458,1.029757247520731909e+02,6.346271305145243957e+01
11459,1.029660918207538742e+02,6.344651154969097462e+01
11460,1.029564638039769022e+02,6.343035690313293884e+01
11461,1.029468406862822576e+02,6.341424895279845941e+01
11462,1.029372224522694950e+02,6.339818754022360281e+01
11463,1.029276090865966751e+02,6.338217250745836395e+01
11464,1.029180005739801942e+02,6.336620369706606226e+01
11465,1.029083968991952531e+02,6.335028095212130239e+01
11466,1.028987980470749903e+02,6.333440411620892263e+01
11467,1.028892040025100272e+02,6.331857303342249566e+01
11468,1.028796147504492353e+02,6.330278754836280797e+01
11469,1.028700302758985288e+02,6.328704750613661645e+01
11470,1.028604505639209208e+02,6.327135275235509937e+01
11471,1.028508755996366233e+02,6.325570313313239268e+01
11472,1.028413053682223932e+02,6.324009849508522052e+01
11473,1.028317398549114188e+02,6.322453868532911514e+01
11474,1.028221790449934332e+02,6.320902355148004403e+01
11475,1.028126229238139047e+02,6.319355294165060144e+01
11476,1.028030714767742211e+02,6.317812670444977385e+01
11477,1.027935246893314059e+02,6.316274468898140526e+01
11478,1.027839825469978337e+02,6.314740674484287553e+01
11479,1.027744450353409320e+02,6.313211272212318903e+01
11480,1.027649121399831955e+02,6.311686247140237072e+01
11481,1.027553838466016884e+02,6.310165584374953340e+01
11482,1.027458601409280732e+02,6.308649269072178356e+01
11483,1.027363410087482265e+02,6.307137286436262968e+01
11484,1.027268264359020407e+02,6.305629621720088807e+01
11485,1.027173164082833807e+02,6.304126260224912670e+01
11486,1.027078109118394877e+02,6.302627187300235079e+01
11487,1.026983099325713482e+02,6.301132388343664559e+01
11488,1.026888134565327704e+02,6.299641848800786192e+01
11489,1.026793214698309384e+02,6.298155554165023773e+01
11490,1.026698339586254889e+02,6.296673489977499116e+01
11491,1.026603509091286526e+02,6.295195641826881428e+01
11492,1.026508723076051695e+02,6.293721995349328324e+01
11493,1.026413981403718338e+02,6.292252536228238569e+01
11494,1.026319283937973523e+02,6.290787250194200908e+01
11495,1.026224630543022158e+02,6.289326123024839177e+01
11496,1.026130021083583443e+02,6.287869140544655977e+01
11497,1.026035455424890728e+02,6.286416288624933202e+01
11498,1.025940933432687672e+02,6.284967553183582112e+01
11499,1.025846454973227253e+02,6.283522920184977067e+01
11500,1.025752019913269066e+02,6.282082375639905791e+01
11501,1.025657628120078897e+02,6.280645905605354784e+01
11502,1.025563279461423463e+02,6.279213496184424770e+01
11503,1.025468973805573683e+02,6.277785133526177219e+01
11504,1.025374711021296008e+02,6.276360803825520662e+01
11505,1.025280490977855976e+02,6.274940493323020263e+01
11506,1.025186313545012950e+02,6.273524188304887872e+01
11507,1.025092178593020975e+02,6.272111875102726231e+01
11508,1.024998085992622237e+02,6.270703540093459338e+01
11509,1.024904035615051470e+02,6.269299169699185370e+01
11510,1.024810027332029421e+02,6.267898750387083595e+01
11511,1.024716061015760289e+02,6.266502268669193398e+01
11512,1.024622136538933006e+02,6.265109711102405754e+01
11513,1.024528253774719815e+02,6.263721064288240115e+01
11514,1.024434412596768311e+02,6.262336314872765541e+01
11515,1.024340612879206418e+02,6.260955449546420226e+01
11516,1.024246854496637837e+02,6.259578455043949674e+01
11517,1.024153137324137646e+02,6.258205318144210594e+01
11518,1.024059461237255846e+02,6.256836025670123291e+01
11519,1.023965826112009978e+02,6.255470564488449980e+01
11520,1.023872231824887962e+02,6.254108921509724439e+01
11521,1.023778678252841416e+02,6.252751083688129086e+01
11522,1.023685165273289215e+02,6.251397038021338659e+01
11523,1.023591692764109240e+02,6.250046771550420033e+01
11524,1.023498260603644496e+02,6.248700271359675895e+01
11525,1.023404868670692736e+02,6.247357524576536747e+01
11526,1.023311516844511289e+02,6.246018518371443662e+01
11527,1.023218205004812091e+02,6.244683239957670651e+01
11528,1.023124933031760264e+02,6.243351676591326083e+01
11529,1.023031700805973827e+02,6.242023815571017309e+01
11530,1.022938508208517305e+02,6.240699644237952270e+01
11531,1.022845355120907982e+02,6.239379149975662386e+01
11532,1.022752241425105098e+02,6.238062320209915157e+01
11533,1.022659167003516245e+02,6.236749142408640267e+01
11534,1.022566131738988418e+02,6.235439604081724241e+01
11535,1.022473135514811275e+02,6.234133692780944358e+01
11536,1.022380178214713737e+02,6.232831396099848575e+01
11537,1.022287259722862416e+02,6.231532701673554442e+01
11538,1.022194379923857781e+02,6.230237597178731335e+01
11539,1.022101538702737713e+02,6.228946070333417850e+01
11540,1.022008735944969118e+02,6.227658108896879696e+01
11541,1.021915971536451337e+02,6.226373700669572742e+01
11542,1.021823245363511035e+02,6.225092833492904276e+01
11543,1.021730557312904892e+02,6.223815495249205298e+01
11544,1.021637907271812509e+02,6.222541673861583433e+01
11545,1.021545295127837818e+02,6.221271357293753113e+01
11546,1.021452720769007101e+02,6.220004533550000048e+01
11547,1.021360184083767422e+02,6.218741190674970909e+01
11548,1.021267684960983644e+02,6.217481316753639931e+01
11549,1.021175223289939993e+02,6.216224899911109247e+01
11550,1.021082798960333093e+02,6.214971928312530025e+01
11551,1.020990411862275806e+02,6.213722390163004405e+01
11552,1.020898061886291259e+02,6.212476273707389396e+01
11553,1.020805748923315406e+02,6.211233567230268449e+01
11554,1.020713472864691198e+02,6.209994259055780930e+01
11555,1.020621233602169156e+02,6.208758337547479300e+01
11556,1.020529031027906512e+02,6.207525791108274404e+01
11557,1.020436865034463523e+02,6.206296608180287677e+01
11558,1.020344735514803887e+02,6.205070777244709035e+01
11559,1.020252642362290914e+02,6.203848286821724400e+01
11560,1.020160585470688659e+02,6.202629125470345883e+01
11561,1.020068564734157519e+02,6.201413281788331489e+01
11562,1.019976580047254942e+02,6.200200744412114773e+01
11563,1.019884631304933293e+02,6.198991502016524180e+01
11564,1.019792718402536877e+02,6.197785543314874701e+01
11565,1.019700841235801505e+02,6.196582857058682947e+01
11566,1.019608999700854639e+02,6.195383432037665727e+01
11567,1.019517193694210277e+02,6.194187257079548203e+01
11568,1.019425423112769096e+02,6.192994321049995676e+01
11569,1.019333687853819157e+02,6.191804612852480005e+01
11570,1.019241987815029375e+02,6.190618121428143894e+01
